2026-01-29 00:57:54,241:WARNING:
'cuml' is a soft dependency and not included in the pycaret installation. Please run: `pip install cuml` to install.
2026-01-29 00:57:54,241:WARNING:
'cuml' is a soft dependency and not included in the pycaret installation. Please run: `pip install cuml` to install.
2026-01-29 00:57:54,241:WARNING:
'cuml' is a soft dependency and not included in the pycaret installation. Please run: `pip install cuml` to install.
2026-01-29 00:57:54,241:WARNING:
'cuml' is a soft dependency and not included in the pycaret installation. Please run: `pip install cuml` to install.
2026-01-29 00:59:25,629:WARNING:c:\ProgramData\Anaconda3\lib\site-packages\pandas\io\sql.py:762: UserWarning: pandas only support SQLAlchemy connectable(engine/connection) ordatabase string URI or sqlite3 DBAPI2 connectionother DBAPI2 objects are not tested, please consider using SQLAlchemy
  warnings.warn(

2026-01-29 00:59:25,666:WARNING:c:\ProgramData\Anaconda3\lib\site-packages\pandas\io\sql.py:762: UserWarning: pandas only support SQLAlchemy connectable(engine/connection) ordatabase string URI or sqlite3 DBAPI2 connectionother DBAPI2 objects are not tested, please consider using SQLAlchemy
  warnings.warn(

2026-01-29 00:59:25,757:WARNING:c:\ProgramData\Anaconda3\lib\site-packages\pandas\io\sql.py:762: UserWarning: pandas only support SQLAlchemy connectable(engine/connection) ordatabase string URI or sqlite3 DBAPI2 connectionother DBAPI2 objects are not tested, please consider using SQLAlchemy
  warnings.warn(

2026-01-29 00:59:27,758:WARNING:c:\ProgramData\Anaconda3\lib\site-packages\pandas\io\sql.py:762: UserWarning: pandas only support SQLAlchemy connectable(engine/connection) ordatabase string URI or sqlite3 DBAPI2 connectionother DBAPI2 objects are not tested, please consider using SQLAlchemy
  warnings.warn(

2026-01-29 00:59:27,807:WARNING:c:\ProgramData\Anaconda3\lib\site-packages\pandas\io\sql.py:762: UserWarning: pandas only support SQLAlchemy connectable(engine/connection) ordatabase string URI or sqlite3 DBAPI2 connectionother DBAPI2 objects are not tested, please consider using SQLAlchemy
  warnings.warn(

2026-01-29 01:04:33,996:WARNING:
'cuml' is a soft dependency and not included in the pycaret installation. Please run: `pip install cuml` to install.
2026-01-29 01:04:33,996:WARNING:
'cuml' is a soft dependency and not included in the pycaret installation. Please run: `pip install cuml` to install.
2026-01-29 01:04:33,996:WARNING:
'cuml' is a soft dependency and not included in the pycaret installation. Please run: `pip install cuml` to install.
2026-01-29 01:04:33,996:WARNING:
'cuml' is a soft dependency and not included in the pycaret installation. Please run: `pip install cuml` to install.
2026-01-29 01:04:36,531:WARNING:c:\ProgramData\Anaconda3\lib\site-packages\pandas\io\sql.py:762: UserWarning: pandas only support SQLAlchemy connectable(engine/connection) ordatabase string URI or sqlite3 DBAPI2 connectionother DBAPI2 objects are not tested, please consider using SQLAlchemy
  warnings.warn(

2026-01-29 01:04:36,590:WARNING:c:\ProgramData\Anaconda3\lib\site-packages\pandas\io\sql.py:762: UserWarning: pandas only support SQLAlchemy connectable(engine/connection) ordatabase string URI or sqlite3 DBAPI2 connectionother DBAPI2 objects are not tested, please consider using SQLAlchemy
  warnings.warn(

2026-01-29 01:04:36,677:WARNING:c:\ProgramData\Anaconda3\lib\site-packages\pandas\io\sql.py:762: UserWarning: pandas only support SQLAlchemy connectable(engine/connection) ordatabase string URI or sqlite3 DBAPI2 connectionother DBAPI2 objects are not tested, please consider using SQLAlchemy
  warnings.warn(

2026-01-29 01:04:38,705:WARNING:c:\ProgramData\Anaconda3\lib\site-packages\pandas\io\sql.py:762: UserWarning: pandas only support SQLAlchemy connectable(engine/connection) ordatabase string URI or sqlite3 DBAPI2 connectionother DBAPI2 objects are not tested, please consider using SQLAlchemy
  warnings.warn(

2026-01-29 01:04:38,755:WARNING:c:\ProgramData\Anaconda3\lib\site-packages\pandas\io\sql.py:762: UserWarning: pandas only support SQLAlchemy connectable(engine/connection) ordatabase string URI or sqlite3 DBAPI2 connectionother DBAPI2 objects are not tested, please consider using SQLAlchemy
  warnings.warn(

2026-01-29 01:11:47,337:WARNING:c:\ProgramData\Anaconda3\lib\site-packages\pandas\io\sql.py:762: UserWarning: pandas only support SQLAlchemy connectable(engine/connection) ordatabase string URI or sqlite3 DBAPI2 connectionother DBAPI2 objects are not tested, please consider using SQLAlchemy
  warnings.warn(

2026-01-29 23:21:40,250:WARNING:
'cuml' is a soft dependency and not included in the pycaret installation. Please run: `pip install cuml` to install.
2026-01-29 23:21:40,250:WARNING:
'cuml' is a soft dependency and not included in the pycaret installation. Please run: `pip install cuml` to install.
2026-01-29 23:21:40,250:WARNING:
'cuml' is a soft dependency and not included in the pycaret installation. Please run: `pip install cuml` to install.
2026-01-29 23:21:40,250:WARNING:
'cuml' is a soft dependency and not included in the pycaret installation. Please run: `pip install cuml` to install.
2026-01-29 23:21:41,730:WARNING:c:\ProgramData\Anaconda3\lib\site-packages\pandas\io\sql.py:762: UserWarning: pandas only support SQLAlchemy connectable(engine/connection) ordatabase string URI or sqlite3 DBAPI2 connectionother DBAPI2 objects are not tested, please consider using SQLAlchemy
  warnings.warn(

2026-01-29 23:21:41,863:WARNING:c:\ProgramData\Anaconda3\lib\site-packages\pandas\io\sql.py:762: UserWarning: pandas only support SQLAlchemy connectable(engine/connection) ordatabase string URI or sqlite3 DBAPI2 connectionother DBAPI2 objects are not tested, please consider using SQLAlchemy
  warnings.warn(

2026-01-29 23:21:41,998:WARNING:c:\ProgramData\Anaconda3\lib\site-packages\pandas\io\sql.py:762: UserWarning: pandas only support SQLAlchemy connectable(engine/connection) ordatabase string URI or sqlite3 DBAPI2 connectionother DBAPI2 objects are not tested, please consider using SQLAlchemy
  warnings.warn(

2026-01-29 23:21:44,049:WARNING:c:\ProgramData\Anaconda3\lib\site-packages\pandas\io\sql.py:762: UserWarning: pandas only support SQLAlchemy connectable(engine/connection) ordatabase string URI or sqlite3 DBAPI2 connectionother DBAPI2 objects are not tested, please consider using SQLAlchemy
  warnings.warn(

2026-01-29 23:21:44,120:WARNING:c:\ProgramData\Anaconda3\lib\site-packages\pandas\io\sql.py:762: UserWarning: pandas only support SQLAlchemy connectable(engine/connection) ordatabase string URI or sqlite3 DBAPI2 connectionother DBAPI2 objects are not tested, please consider using SQLAlchemy
  warnings.warn(

2026-01-29 23:21:44,669:WARNING:c:\ProgramData\Anaconda3\lib\site-packages\pandas\io\sql.py:762: UserWarning: pandas only support SQLAlchemy connectable(engine/connection) ordatabase string URI or sqlite3 DBAPI2 connectionother DBAPI2 objects are not tested, please consider using SQLAlchemy
  warnings.warn(

2026-01-29 23:45:37,242:WARNING:
'cuml' is a soft dependency and not included in the pycaret installation. Please run: `pip install cuml` to install.
2026-01-29 23:45:37,242:WARNING:
'cuml' is a soft dependency and not included in the pycaret installation. Please run: `pip install cuml` to install.
2026-01-29 23:45:37,242:WARNING:
'cuml' is a soft dependency and not included in the pycaret installation. Please run: `pip install cuml` to install.
2026-01-29 23:45:37,242:WARNING:
'cuml' is a soft dependency and not included in the pycaret installation. Please run: `pip install cuml` to install.
2026-01-29 23:45:38,422:WARNING:c:\ProgramData\Anaconda3\lib\site-packages\pandas\io\sql.py:762: UserWarning: pandas only support SQLAlchemy connectable(engine/connection) ordatabase string URI or sqlite3 DBAPI2 connectionother DBAPI2 objects are not tested, please consider using SQLAlchemy
  warnings.warn(

2026-01-29 23:45:38,495:WARNING:c:\ProgramData\Anaconda3\lib\site-packages\pandas\io\sql.py:762: UserWarning: pandas only support SQLAlchemy connectable(engine/connection) ordatabase string URI or sqlite3 DBAPI2 connectionother DBAPI2 objects are not tested, please consider using SQLAlchemy
  warnings.warn(

2026-01-29 23:45:38,590:WARNING:c:\ProgramData\Anaconda3\lib\site-packages\pandas\io\sql.py:762: UserWarning: pandas only support SQLAlchemy connectable(engine/connection) ordatabase string URI or sqlite3 DBAPI2 connectionother DBAPI2 objects are not tested, please consider using SQLAlchemy
  warnings.warn(

2026-01-29 23:45:40,701:WARNING:c:\ProgramData\Anaconda3\lib\site-packages\pandas\io\sql.py:762: UserWarning: pandas only support SQLAlchemy connectable(engine/connection) ordatabase string URI or sqlite3 DBAPI2 connectionother DBAPI2 objects are not tested, please consider using SQLAlchemy
  warnings.warn(

2026-01-29 23:45:40,745:WARNING:c:\ProgramData\Anaconda3\lib\site-packages\pandas\io\sql.py:762: UserWarning: pandas only support SQLAlchemy connectable(engine/connection) ordatabase string URI or sqlite3 DBAPI2 connectionother DBAPI2 objects are not tested, please consider using SQLAlchemy
  warnings.warn(

2026-01-29 23:45:41,222:WARNING:c:\ProgramData\Anaconda3\lib\site-packages\pandas\io\sql.py:762: UserWarning: pandas only support SQLAlchemy connectable(engine/connection) ordatabase string URI or sqlite3 DBAPI2 connectionother DBAPI2 objects are not tested, please consider using SQLAlchemy
  warnings.warn(

2026-01-31 00:09:08,320:WARNING:
'cuml' is a soft dependency and not included in the pycaret installation. Please run: `pip install cuml` to install.
2026-01-31 00:09:08,321:WARNING:
'cuml' is a soft dependency and not included in the pycaret installation. Please run: `pip install cuml` to install.
2026-01-31 00:09:08,321:WARNING:
'cuml' is a soft dependency and not included in the pycaret installation. Please run: `pip install cuml` to install.
2026-01-31 00:09:08,321:WARNING:
'cuml' is a soft dependency and not included in the pycaret installation. Please run: `pip install cuml` to install.
2026-01-31 00:09:13,209:WARNING:c:\ProgramData\Anaconda3\lib\site-packages\pandas\io\sql.py:762: UserWarning: pandas only support SQLAlchemy connectable(engine/connection) ordatabase string URI or sqlite3 DBAPI2 connectionother DBAPI2 objects are not tested, please consider using SQLAlchemy
  warnings.warn(

2026-01-31 00:09:13,305:WARNING:c:\ProgramData\Anaconda3\lib\site-packages\pandas\io\sql.py:762: UserWarning: pandas only support SQLAlchemy connectable(engine/connection) ordatabase string URI or sqlite3 DBAPI2 connectionother DBAPI2 objects are not tested, please consider using SQLAlchemy
  warnings.warn(

2026-01-31 00:09:13,412:WARNING:c:\ProgramData\Anaconda3\lib\site-packages\pandas\io\sql.py:762: UserWarning: pandas only support SQLAlchemy connectable(engine/connection) ordatabase string URI or sqlite3 DBAPI2 connectionother DBAPI2 objects are not tested, please consider using SQLAlchemy
  warnings.warn(

2026-01-31 00:09:15,518:WARNING:c:\ProgramData\Anaconda3\lib\site-packages\pandas\io\sql.py:762: UserWarning: pandas only support SQLAlchemy connectable(engine/connection) ordatabase string URI or sqlite3 DBAPI2 connectionother DBAPI2 objects are not tested, please consider using SQLAlchemy
  warnings.warn(

2026-01-31 00:09:15,570:WARNING:c:\ProgramData\Anaconda3\lib\site-packages\pandas\io\sql.py:762: UserWarning: pandas only support SQLAlchemy connectable(engine/connection) ordatabase string URI or sqlite3 DBAPI2 connectionother DBAPI2 objects are not tested, please consider using SQLAlchemy
  warnings.warn(

2026-01-31 00:09:16,214:WARNING:c:\ProgramData\Anaconda3\lib\site-packages\pandas\io\sql.py:762: UserWarning: pandas only support SQLAlchemy connectable(engine/connection) ordatabase string URI or sqlite3 DBAPI2 connectionother DBAPI2 objects are not tested, please consider using SQLAlchemy
  warnings.warn(

2026-01-31 00:09:49,589:WARNING:c:\ProgramData\Anaconda3\lib\site-packages\pandas\io\sql.py:762: UserWarning: pandas only support SQLAlchemy connectable(engine/connection) ordatabase string URI or sqlite3 DBAPI2 connectionother DBAPI2 objects are not tested, please consider using SQLAlchemy
  warnings.warn(

2026-01-31 00:09:49,626:WARNING:c:\ProgramData\Anaconda3\lib\site-packages\pandas\io\sql.py:762: UserWarning: pandas only support SQLAlchemy connectable(engine/connection) ordatabase string URI or sqlite3 DBAPI2 connectionother DBAPI2 objects are not tested, please consider using SQLAlchemy
  warnings.warn(

2026-01-31 00:09:49,728:WARNING:c:\ProgramData\Anaconda3\lib\site-packages\pandas\io\sql.py:762: UserWarning: pandas only support SQLAlchemy connectable(engine/connection) ordatabase string URI or sqlite3 DBAPI2 connectionother DBAPI2 objects are not tested, please consider using SQLAlchemy
  warnings.warn(

2026-01-31 00:09:51,609:WARNING:c:\ProgramData\Anaconda3\lib\site-packages\pandas\io\sql.py:762: UserWarning: pandas only support SQLAlchemy connectable(engine/connection) ordatabase string URI or sqlite3 DBAPI2 connectionother DBAPI2 objects are not tested, please consider using SQLAlchemy
  warnings.warn(

2026-01-31 00:09:51,640:WARNING:c:\ProgramData\Anaconda3\lib\site-packages\pandas\io\sql.py:762: UserWarning: pandas only support SQLAlchemy connectable(engine/connection) ordatabase string URI or sqlite3 DBAPI2 connectionother DBAPI2 objects are not tested, please consider using SQLAlchemy
  warnings.warn(

2026-01-31 00:09:52,185:WARNING:c:\ProgramData\Anaconda3\lib\site-packages\pandas\io\sql.py:762: UserWarning: pandas only support SQLAlchemy connectable(engine/connection) ordatabase string URI or sqlite3 DBAPI2 connectionother DBAPI2 objects are not tested, please consider using SQLAlchemy
  warnings.warn(

2026-01-31 00:29:31,073:WARNING:
'cuml' is a soft dependency and not included in the pycaret installation. Please run: `pip install cuml` to install.
2026-01-31 00:29:31,073:WARNING:
'cuml' is a soft dependency and not included in the pycaret installation. Please run: `pip install cuml` to install.
2026-01-31 00:29:31,073:WARNING:
'cuml' is a soft dependency and not included in the pycaret installation. Please run: `pip install cuml` to install.
2026-01-31 00:29:31,074:WARNING:
'cuml' is a soft dependency and not included in the pycaret installation. Please run: `pip install cuml` to install.
2026-01-31 00:29:31,890:WARNING:c:\ProgramData\Anaconda3\lib\site-packages\pandas\io\sql.py:762: UserWarning: pandas only support SQLAlchemy connectable(engine/connection) ordatabase string URI or sqlite3 DBAPI2 connectionother DBAPI2 objects are not tested, please consider using SQLAlchemy
  warnings.warn(

2026-01-31 00:29:31,929:WARNING:c:\ProgramData\Anaconda3\lib\site-packages\pandas\io\sql.py:762: UserWarning: pandas only support SQLAlchemy connectable(engine/connection) ordatabase string URI or sqlite3 DBAPI2 connectionother DBAPI2 objects are not tested, please consider using SQLAlchemy
  warnings.warn(

2026-01-31 00:29:32,022:WARNING:c:\ProgramData\Anaconda3\lib\site-packages\pandas\io\sql.py:762: UserWarning: pandas only support SQLAlchemy connectable(engine/connection) ordatabase string URI or sqlite3 DBAPI2 connectionother DBAPI2 objects are not tested, please consider using SQLAlchemy
  warnings.warn(

2026-01-31 00:29:34,114:WARNING:c:\ProgramData\Anaconda3\lib\site-packages\pandas\io\sql.py:762: UserWarning: pandas only support SQLAlchemy connectable(engine/connection) ordatabase string URI or sqlite3 DBAPI2 connectionother DBAPI2 objects are not tested, please consider using SQLAlchemy
  warnings.warn(

2026-01-31 00:29:34,162:WARNING:c:\ProgramData\Anaconda3\lib\site-packages\pandas\io\sql.py:762: UserWarning: pandas only support SQLAlchemy connectable(engine/connection) ordatabase string URI or sqlite3 DBAPI2 connectionother DBAPI2 objects are not tested, please consider using SQLAlchemy
  warnings.warn(

2026-01-31 00:29:34,697:WARNING:c:\ProgramData\Anaconda3\lib\site-packages\pandas\io\sql.py:762: UserWarning: pandas only support SQLAlchemy connectable(engine/connection) ordatabase string URI or sqlite3 DBAPI2 connectionother DBAPI2 objects are not tested, please consider using SQLAlchemy
  warnings.warn(

2026-01-31 00:34:57,842:WARNING:C:\Users\savan\AppData\Local\Temp\ipykernel_32392\912277280.py:7: ClusterWarning: scipy.cluster: The symmetric non-negative hollow observation matrix looks suspiciously like an uncondensed distance matrix
  Z = linkage(gower_sample, method='average')

2026-02-01 22:36:23,097:WARNING:
'cuml' is a soft dependency and not included in the pycaret installation. Please run: `pip install cuml` to install.
2026-02-01 22:36:23,097:WARNING:
'cuml' is a soft dependency and not included in the pycaret installation. Please run: `pip install cuml` to install.
2026-02-01 22:36:23,097:WARNING:
'cuml' is a soft dependency and not included in the pycaret installation. Please run: `pip install cuml` to install.
2026-02-01 22:36:23,097:WARNING:
'cuml' is a soft dependency and not included in the pycaret installation. Please run: `pip install cuml` to install.
2026-02-01 22:36:28,959:WARNING:C:\ProgramData\Anaconda3\lib\site-packages\pandas\io\sql.py:762: UserWarning: pandas only support SQLAlchemy connectable(engine/connection) ordatabase string URI or sqlite3 DBAPI2 connectionother DBAPI2 objects are not tested, please consider using SQLAlchemy
  warnings.warn(

2026-02-01 22:36:29,194:WARNING:C:\ProgramData\Anaconda3\lib\site-packages\pandas\io\sql.py:762: UserWarning: pandas only support SQLAlchemy connectable(engine/connection) ordatabase string URI or sqlite3 DBAPI2 connectionother DBAPI2 objects are not tested, please consider using SQLAlchemy
  warnings.warn(

2026-02-01 22:36:29,391:WARNING:C:\ProgramData\Anaconda3\lib\site-packages\pandas\io\sql.py:762: UserWarning: pandas only support SQLAlchemy connectable(engine/connection) ordatabase string URI or sqlite3 DBAPI2 connectionother DBAPI2 objects are not tested, please consider using SQLAlchemy
  warnings.warn(

2026-02-01 22:36:33,772:WARNING:C:\ProgramData\Anaconda3\lib\site-packages\pandas\io\sql.py:762: UserWarning: pandas only support SQLAlchemy connectable(engine/connection) ordatabase string URI or sqlite3 DBAPI2 connectionother DBAPI2 objects are not tested, please consider using SQLAlchemy
  warnings.warn(

2026-02-01 22:36:33,846:WARNING:C:\ProgramData\Anaconda3\lib\site-packages\pandas\io\sql.py:762: UserWarning: pandas only support SQLAlchemy connectable(engine/connection) ordatabase string URI or sqlite3 DBAPI2 connectionother DBAPI2 objects are not tested, please consider using SQLAlchemy
  warnings.warn(

2026-02-01 22:36:35,229:WARNING:C:\ProgramData\Anaconda3\lib\site-packages\pandas\io\sql.py:762: UserWarning: pandas only support SQLAlchemy connectable(engine/connection) ordatabase string URI or sqlite3 DBAPI2 connectionother DBAPI2 objects are not tested, please consider using SQLAlchemy
  warnings.warn(

2026-02-01 22:36:38,585:WARNING:C:\Users\savan\Downloads\FYP\Initial notebook.py:638: UserWarning: Matplotlib is currently using agg, which is a non-GUI backend, so cannot show the figure.
  plt.show()

2026-02-01 22:36:46,736:WARNING:C:\Users\savan\Downloads\FYP\Initial notebook.py:742: UserWarning: Matplotlib is currently using agg, which is a non-GUI backend, so cannot show the figure.
  plt.show()

2026-02-14 19:41:39,683:WARNING:
'cuml' is a soft dependency and not included in the pycaret installation. Please run: `pip install cuml` to install.
2026-02-14 19:41:39,683:WARNING:
'cuml' is a soft dependency and not included in the pycaret installation. Please run: `pip install cuml` to install.
2026-02-14 19:41:39,683:WARNING:
'cuml' is a soft dependency and not included in the pycaret installation. Please run: `pip install cuml` to install.
2026-02-14 19:41:39,685:WARNING:
'cuml' is a soft dependency and not included in the pycaret installation. Please run: `pip install cuml` to install.
2026-02-14 19:41:43,303:WARNING:c:\ProgramData\Anaconda3\lib\site-packages\pandas\io\sql.py:762: UserWarning: pandas only support SQLAlchemy connectable(engine/connection) ordatabase string URI or sqlite3 DBAPI2 connectionother DBAPI2 objects are not tested, please consider using SQLAlchemy
  warnings.warn(

2026-02-14 19:41:43,384:WARNING:c:\ProgramData\Anaconda3\lib\site-packages\pandas\io\sql.py:762: UserWarning: pandas only support SQLAlchemy connectable(engine/connection) ordatabase string URI or sqlite3 DBAPI2 connectionother DBAPI2 objects are not tested, please consider using SQLAlchemy
  warnings.warn(

2026-02-14 19:41:43,608:WARNING:c:\ProgramData\Anaconda3\lib\site-packages\pandas\io\sql.py:762: UserWarning: pandas only support SQLAlchemy connectable(engine/connection) ordatabase string URI or sqlite3 DBAPI2 connectionother DBAPI2 objects are not tested, please consider using SQLAlchemy
  warnings.warn(

2026-02-14 19:41:45,274:WARNING:c:\ProgramData\Anaconda3\lib\site-packages\pandas\io\sql.py:762: UserWarning: pandas only support SQLAlchemy connectable(engine/connection) ordatabase string URI or sqlite3 DBAPI2 connectionother DBAPI2 objects are not tested, please consider using SQLAlchemy
  warnings.warn(

2026-02-14 19:41:45,328:WARNING:c:\ProgramData\Anaconda3\lib\site-packages\pandas\io\sql.py:762: UserWarning: pandas only support SQLAlchemy connectable(engine/connection) ordatabase string URI or sqlite3 DBAPI2 connectionother DBAPI2 objects are not tested, please consider using SQLAlchemy
  warnings.warn(

2026-02-14 19:41:45,721:WARNING:c:\ProgramData\Anaconda3\lib\site-packages\pandas\io\sql.py:762: UserWarning: pandas only support SQLAlchemy connectable(engine/connection) ordatabase string URI or sqlite3 DBAPI2 connectionother DBAPI2 objects are not tested, please consider using SQLAlchemy
  warnings.warn(

2026-02-14 19:44:07,449:WARNING:C:\Users\savan\AppData\Local\Temp\ipykernel_31356\912277280.py:7: ClusterWarning: scipy.cluster: The symmetric non-negative hollow observation matrix looks suspiciously like an uncondensed distance matrix
  Z = linkage(gower_sample, method='average')

2026-02-14 20:08:47,362:WARNING:c:\ProgramData\Anaconda3\lib\site-packages\pandas\io\sql.py:762: UserWarning: pandas only support SQLAlchemy connectable(engine/connection) ordatabase string URI or sqlite3 DBAPI2 connectionother DBAPI2 objects are not tested, please consider using SQLAlchemy
  warnings.warn(

2026-02-14 20:08:47,399:WARNING:c:\ProgramData\Anaconda3\lib\site-packages\pandas\io\sql.py:762: UserWarning: pandas only support SQLAlchemy connectable(engine/connection) ordatabase string URI or sqlite3 DBAPI2 connectionother DBAPI2 objects are not tested, please consider using SQLAlchemy
  warnings.warn(

2026-02-14 20:08:47,466:WARNING:c:\ProgramData\Anaconda3\lib\site-packages\pandas\io\sql.py:762: UserWarning: pandas only support SQLAlchemy connectable(engine/connection) ordatabase string URI or sqlite3 DBAPI2 connectionother DBAPI2 objects are not tested, please consider using SQLAlchemy
  warnings.warn(

2026-02-14 20:08:48,942:WARNING:c:\ProgramData\Anaconda3\lib\site-packages\pandas\io\sql.py:762: UserWarning: pandas only support SQLAlchemy connectable(engine/connection) ordatabase string URI or sqlite3 DBAPI2 connectionother DBAPI2 objects are not tested, please consider using SQLAlchemy
  warnings.warn(

2026-02-14 20:08:48,982:WARNING:c:\ProgramData\Anaconda3\lib\site-packages\pandas\io\sql.py:762: UserWarning: pandas only support SQLAlchemy connectable(engine/connection) ordatabase string URI or sqlite3 DBAPI2 connectionother DBAPI2 objects are not tested, please consider using SQLAlchemy
  warnings.warn(

2026-02-14 20:08:49,448:WARNING:c:\ProgramData\Anaconda3\lib\site-packages\pandas\io\sql.py:762: UserWarning: pandas only support SQLAlchemy connectable(engine/connection) ordatabase string URI or sqlite3 DBAPI2 connectionother DBAPI2 objects are not tested, please consider using SQLAlchemy
  warnings.warn(

2026-02-14 20:11:14,875:WARNING:C:\Users\savan\AppData\Local\Temp\ipykernel_31356\912277280.py:7: ClusterWarning: scipy.cluster: The symmetric non-negative hollow observation matrix looks suspiciously like an uncondensed distance matrix
  Z = linkage(gower_sample, method='average')

2026-02-14 22:26:10,767:WARNING:c:\ProgramData\Anaconda3\lib\site-packages\pandas\io\sql.py:762: UserWarning: pandas only support SQLAlchemy connectable(engine/connection) ordatabase string URI or sqlite3 DBAPI2 connectionother DBAPI2 objects are not tested, please consider using SQLAlchemy
  warnings.warn(

2026-02-14 22:26:10,812:WARNING:c:\ProgramData\Anaconda3\lib\site-packages\pandas\io\sql.py:762: UserWarning: pandas only support SQLAlchemy connectable(engine/connection) ordatabase string URI or sqlite3 DBAPI2 connectionother DBAPI2 objects are not tested, please consider using SQLAlchemy
  warnings.warn(

2026-02-14 22:26:10,894:WARNING:c:\ProgramData\Anaconda3\lib\site-packages\pandas\io\sql.py:762: UserWarning: pandas only support SQLAlchemy connectable(engine/connection) ordatabase string URI or sqlite3 DBAPI2 connectionother DBAPI2 objects are not tested, please consider using SQLAlchemy
  warnings.warn(

2026-02-14 22:26:12,639:WARNING:c:\ProgramData\Anaconda3\lib\site-packages\pandas\io\sql.py:762: UserWarning: pandas only support SQLAlchemy connectable(engine/connection) ordatabase string URI or sqlite3 DBAPI2 connectionother DBAPI2 objects are not tested, please consider using SQLAlchemy
  warnings.warn(

2026-02-14 22:26:12,700:WARNING:c:\ProgramData\Anaconda3\lib\site-packages\pandas\io\sql.py:762: UserWarning: pandas only support SQLAlchemy connectable(engine/connection) ordatabase string URI or sqlite3 DBAPI2 connectionother DBAPI2 objects are not tested, please consider using SQLAlchemy
  warnings.warn(

2026-02-14 22:26:13,112:WARNING:c:\ProgramData\Anaconda3\lib\site-packages\pandas\io\sql.py:762: UserWarning: pandas only support SQLAlchemy connectable(engine/connection) ordatabase string URI or sqlite3 DBAPI2 connectionother DBAPI2 objects are not tested, please consider using SQLAlchemy
  warnings.warn(

2026-02-14 22:27:52,649:WARNING:c:\ProgramData\Anaconda3\lib\site-packages\pandas\io\sql.py:762: UserWarning: pandas only support SQLAlchemy connectable(engine/connection) ordatabase string URI or sqlite3 DBAPI2 connectionother DBAPI2 objects are not tested, please consider using SQLAlchemy
  warnings.warn(

2026-02-14 22:27:52,716:WARNING:c:\ProgramData\Anaconda3\lib\site-packages\pandas\io\sql.py:762: UserWarning: pandas only support SQLAlchemy connectable(engine/connection) ordatabase string URI or sqlite3 DBAPI2 connectionother DBAPI2 objects are not tested, please consider using SQLAlchemy
  warnings.warn(

2026-02-14 22:27:52,799:WARNING:c:\ProgramData\Anaconda3\lib\site-packages\pandas\io\sql.py:762: UserWarning: pandas only support SQLAlchemy connectable(engine/connection) ordatabase string URI or sqlite3 DBAPI2 connectionother DBAPI2 objects are not tested, please consider using SQLAlchemy
  warnings.warn(

2026-02-14 22:27:54,606:WARNING:c:\ProgramData\Anaconda3\lib\site-packages\pandas\io\sql.py:762: UserWarning: pandas only support SQLAlchemy connectable(engine/connection) ordatabase string URI or sqlite3 DBAPI2 connectionother DBAPI2 objects are not tested, please consider using SQLAlchemy
  warnings.warn(

2026-02-14 22:27:54,649:WARNING:c:\ProgramData\Anaconda3\lib\site-packages\pandas\io\sql.py:762: UserWarning: pandas only support SQLAlchemy connectable(engine/connection) ordatabase string URI or sqlite3 DBAPI2 connectionother DBAPI2 objects are not tested, please consider using SQLAlchemy
  warnings.warn(

2026-02-14 22:27:55,079:WARNING:c:\ProgramData\Anaconda3\lib\site-packages\pandas\io\sql.py:762: UserWarning: pandas only support SQLAlchemy connectable(engine/connection) ordatabase string URI or sqlite3 DBAPI2 connectionother DBAPI2 objects are not tested, please consider using SQLAlchemy
  warnings.warn(

2026-02-14 22:46:13,617:WARNING:c:\ProgramData\Anaconda3\lib\site-packages\pandas\io\sql.py:762: UserWarning: pandas only support SQLAlchemy connectable(engine/connection) ordatabase string URI or sqlite3 DBAPI2 connectionother DBAPI2 objects are not tested, please consider using SQLAlchemy
  warnings.warn(

2026-02-14 22:46:13,662:WARNING:c:\ProgramData\Anaconda3\lib\site-packages\pandas\io\sql.py:762: UserWarning: pandas only support SQLAlchemy connectable(engine/connection) ordatabase string URI or sqlite3 DBAPI2 connectionother DBAPI2 objects are not tested, please consider using SQLAlchemy
  warnings.warn(

2026-02-14 22:46:13,782:WARNING:c:\ProgramData\Anaconda3\lib\site-packages\pandas\io\sql.py:762: UserWarning: pandas only support SQLAlchemy connectable(engine/connection) ordatabase string URI or sqlite3 DBAPI2 connectionother DBAPI2 objects are not tested, please consider using SQLAlchemy
  warnings.warn(

2026-02-14 22:46:15,309:WARNING:c:\ProgramData\Anaconda3\lib\site-packages\pandas\io\sql.py:762: UserWarning: pandas only support SQLAlchemy connectable(engine/connection) ordatabase string URI or sqlite3 DBAPI2 connectionother DBAPI2 objects are not tested, please consider using SQLAlchemy
  warnings.warn(

2026-02-14 22:46:15,358:WARNING:c:\ProgramData\Anaconda3\lib\site-packages\pandas\io\sql.py:762: UserWarning: pandas only support SQLAlchemy connectable(engine/connection) ordatabase string URI or sqlite3 DBAPI2 connectionother DBAPI2 objects are not tested, please consider using SQLAlchemy
  warnings.warn(

2026-02-14 22:46:15,776:WARNING:c:\ProgramData\Anaconda3\lib\site-packages\pandas\io\sql.py:762: UserWarning: pandas only support SQLAlchemy connectable(engine/connection) ordatabase string URI or sqlite3 DBAPI2 connectionother DBAPI2 objects are not tested, please consider using SQLAlchemy
  warnings.warn(

2026-02-14 22:48:42,999:WARNING:C:\Users\savan\AppData\Local\Temp\ipykernel_31356\912277280.py:7: ClusterWarning: scipy.cluster: The symmetric non-negative hollow observation matrix looks suspiciously like an uncondensed distance matrix
  Z = linkage(gower_sample, method='average')

2026-02-14 22:58:25,651:WARNING:c:\ProgramData\Anaconda3\lib\site-packages\pandas\io\sql.py:762: UserWarning: pandas only support SQLAlchemy connectable(engine/connection) ordatabase string URI or sqlite3 DBAPI2 connectionother DBAPI2 objects are not tested, please consider using SQLAlchemy
  warnings.warn(

2026-02-14 22:58:25,698:WARNING:c:\ProgramData\Anaconda3\lib\site-packages\pandas\io\sql.py:762: UserWarning: pandas only support SQLAlchemy connectable(engine/connection) ordatabase string URI or sqlite3 DBAPI2 connectionother DBAPI2 objects are not tested, please consider using SQLAlchemy
  warnings.warn(

2026-02-14 22:58:25,808:WARNING:c:\ProgramData\Anaconda3\lib\site-packages\pandas\io\sql.py:762: UserWarning: pandas only support SQLAlchemy connectable(engine/connection) ordatabase string URI or sqlite3 DBAPI2 connectionother DBAPI2 objects are not tested, please consider using SQLAlchemy
  warnings.warn(

2026-02-14 22:58:27,386:WARNING:c:\ProgramData\Anaconda3\lib\site-packages\pandas\io\sql.py:762: UserWarning: pandas only support SQLAlchemy connectable(engine/connection) ordatabase string URI or sqlite3 DBAPI2 connectionother DBAPI2 objects are not tested, please consider using SQLAlchemy
  warnings.warn(

2026-02-14 22:58:27,431:WARNING:c:\ProgramData\Anaconda3\lib\site-packages\pandas\io\sql.py:762: UserWarning: pandas only support SQLAlchemy connectable(engine/connection) ordatabase string URI or sqlite3 DBAPI2 connectionother DBAPI2 objects are not tested, please consider using SQLAlchemy
  warnings.warn(

2026-02-14 22:58:27,802:WARNING:c:\ProgramData\Anaconda3\lib\site-packages\pandas\io\sql.py:762: UserWarning: pandas only support SQLAlchemy connectable(engine/connection) ordatabase string URI or sqlite3 DBAPI2 connectionother DBAPI2 objects are not tested, please consider using SQLAlchemy
  warnings.warn(

2026-02-14 23:00:53,228:WARNING:C:\Users\savan\AppData\Local\Temp\ipykernel_31356\912277280.py:7: ClusterWarning: scipy.cluster: The symmetric non-negative hollow observation matrix looks suspiciously like an uncondensed distance matrix
  Z = linkage(gower_sample, method='average')

2026-02-15 13:59:56,840:WARNING:
'cuml' is a soft dependency and not included in the pycaret installation. Please run: `pip install cuml` to install.
2026-02-15 13:59:56,841:WARNING:
'cuml' is a soft dependency and not included in the pycaret installation. Please run: `pip install cuml` to install.
2026-02-15 13:59:56,841:WARNING:
'cuml' is a soft dependency and not included in the pycaret installation. Please run: `pip install cuml` to install.
2026-02-15 13:59:56,841:WARNING:
'cuml' is a soft dependency and not included in the pycaret installation. Please run: `pip install cuml` to install.
2026-02-15 14:00:00,528:WARNING:c:\ProgramData\Anaconda3\lib\site-packages\pandas\io\sql.py:762: UserWarning: pandas only support SQLAlchemy connectable(engine/connection) ordatabase string URI or sqlite3 DBAPI2 connectionother DBAPI2 objects are not tested, please consider using SQLAlchemy
  warnings.warn(

2026-02-15 14:00:00,647:WARNING:c:\ProgramData\Anaconda3\lib\site-packages\pandas\io\sql.py:762: UserWarning: pandas only support SQLAlchemy connectable(engine/connection) ordatabase string URI or sqlite3 DBAPI2 connectionother DBAPI2 objects are not tested, please consider using SQLAlchemy
  warnings.warn(

2026-02-15 14:00:00,826:WARNING:c:\ProgramData\Anaconda3\lib\site-packages\pandas\io\sql.py:762: UserWarning: pandas only support SQLAlchemy connectable(engine/connection) ordatabase string URI or sqlite3 DBAPI2 connectionother DBAPI2 objects are not tested, please consider using SQLAlchemy
  warnings.warn(

2026-02-15 14:00:02,496:WARNING:c:\ProgramData\Anaconda3\lib\site-packages\pandas\io\sql.py:762: UserWarning: pandas only support SQLAlchemy connectable(engine/connection) ordatabase string URI or sqlite3 DBAPI2 connectionother DBAPI2 objects are not tested, please consider using SQLAlchemy
  warnings.warn(

2026-02-15 14:00:02,556:WARNING:c:\ProgramData\Anaconda3\lib\site-packages\pandas\io\sql.py:762: UserWarning: pandas only support SQLAlchemy connectable(engine/connection) ordatabase string URI or sqlite3 DBAPI2 connectionother DBAPI2 objects are not tested, please consider using SQLAlchemy
  warnings.warn(

2026-02-15 14:00:03,017:WARNING:c:\ProgramData\Anaconda3\lib\site-packages\pandas\io\sql.py:762: UserWarning: pandas only support SQLAlchemy connectable(engine/connection) ordatabase string URI or sqlite3 DBAPI2 connectionother DBAPI2 objects are not tested, please consider using SQLAlchemy
  warnings.warn(

2026-02-15 14:00:50,314:WARNING:c:\ProgramData\Anaconda3\lib\site-packages\pandas\io\sql.py:762: UserWarning: pandas only support SQLAlchemy connectable(engine/connection) ordatabase string URI or sqlite3 DBAPI2 connectionother DBAPI2 objects are not tested, please consider using SQLAlchemy
  warnings.warn(

2026-02-15 14:00:50,354:WARNING:c:\ProgramData\Anaconda3\lib\site-packages\pandas\io\sql.py:762: UserWarning: pandas only support SQLAlchemy connectable(engine/connection) ordatabase string URI or sqlite3 DBAPI2 connectionother DBAPI2 objects are not tested, please consider using SQLAlchemy
  warnings.warn(

2026-02-15 14:00:50,426:WARNING:c:\ProgramData\Anaconda3\lib\site-packages\pandas\io\sql.py:762: UserWarning: pandas only support SQLAlchemy connectable(engine/connection) ordatabase string URI or sqlite3 DBAPI2 connectionother DBAPI2 objects are not tested, please consider using SQLAlchemy
  warnings.warn(

2026-02-15 14:00:52,101:WARNING:c:\ProgramData\Anaconda3\lib\site-packages\pandas\io\sql.py:762: UserWarning: pandas only support SQLAlchemy connectable(engine/connection) ordatabase string URI or sqlite3 DBAPI2 connectionother DBAPI2 objects are not tested, please consider using SQLAlchemy
  warnings.warn(

2026-02-15 14:00:52,139:WARNING:c:\ProgramData\Anaconda3\lib\site-packages\pandas\io\sql.py:762: UserWarning: pandas only support SQLAlchemy connectable(engine/connection) ordatabase string URI or sqlite3 DBAPI2 connectionother DBAPI2 objects are not tested, please consider using SQLAlchemy
  warnings.warn(

2026-02-15 14:00:52,516:WARNING:c:\ProgramData\Anaconda3\lib\site-packages\pandas\io\sql.py:762: UserWarning: pandas only support SQLAlchemy connectable(engine/connection) ordatabase string URI or sqlite3 DBAPI2 connectionother DBAPI2 objects are not tested, please consider using SQLAlchemy
  warnings.warn(

2026-02-15 14:03:10,794:WARNING:C:\Users\savan\AppData\Local\Temp\ipykernel_2100\912277280.py:7: ClusterWarning: scipy.cluster: The symmetric non-negative hollow observation matrix looks suspiciously like an uncondensed distance matrix
  Z = linkage(gower_sample, method='average')

2026-02-15 14:10:08,496:WARNING:c:\ProgramData\Anaconda3\lib\site-packages\pandas\io\sql.py:762: UserWarning: pandas only support SQLAlchemy connectable(engine/connection) ordatabase string URI or sqlite3 DBAPI2 connectionother DBAPI2 objects are not tested, please consider using SQLAlchemy
  warnings.warn(

2026-02-15 14:10:08,552:WARNING:c:\ProgramData\Anaconda3\lib\site-packages\pandas\io\sql.py:762: UserWarning: pandas only support SQLAlchemy connectable(engine/connection) ordatabase string URI or sqlite3 DBAPI2 connectionother DBAPI2 objects are not tested, please consider using SQLAlchemy
  warnings.warn(

2026-02-15 14:10:08,650:WARNING:c:\ProgramData\Anaconda3\lib\site-packages\pandas\io\sql.py:762: UserWarning: pandas only support SQLAlchemy connectable(engine/connection) ordatabase string URI or sqlite3 DBAPI2 connectionother DBAPI2 objects are not tested, please consider using SQLAlchemy
  warnings.warn(

2026-02-15 14:10:10,398:WARNING:c:\ProgramData\Anaconda3\lib\site-packages\pandas\io\sql.py:762: UserWarning: pandas only support SQLAlchemy connectable(engine/connection) ordatabase string URI or sqlite3 DBAPI2 connectionother DBAPI2 objects are not tested, please consider using SQLAlchemy
  warnings.warn(

2026-02-15 14:10:10,457:WARNING:c:\ProgramData\Anaconda3\lib\site-packages\pandas\io\sql.py:762: UserWarning: pandas only support SQLAlchemy connectable(engine/connection) ordatabase string URI or sqlite3 DBAPI2 connectionother DBAPI2 objects are not tested, please consider using SQLAlchemy
  warnings.warn(

2026-02-15 14:10:10,950:WARNING:c:\ProgramData\Anaconda3\lib\site-packages\pandas\io\sql.py:762: UserWarning: pandas only support SQLAlchemy connectable(engine/connection) ordatabase string URI or sqlite3 DBAPI2 connectionother DBAPI2 objects are not tested, please consider using SQLAlchemy
  warnings.warn(

2026-02-15 14:12:41,755:WARNING:C:\Users\savan\AppData\Local\Temp\ipykernel_2100\912277280.py:7: ClusterWarning: scipy.cluster: The symmetric non-negative hollow observation matrix looks suspiciously like an uncondensed distance matrix
  Z = linkage(gower_sample, method='average')

2026-02-15 15:23:45,364:WARNING:c:\ProgramData\Anaconda3\lib\site-packages\pandas\io\sql.py:762: UserWarning: pandas only support SQLAlchemy connectable(engine/connection) ordatabase string URI or sqlite3 DBAPI2 connectionother DBAPI2 objects are not tested, please consider using SQLAlchemy
  warnings.warn(

2026-02-15 15:23:45,408:WARNING:c:\ProgramData\Anaconda3\lib\site-packages\pandas\io\sql.py:762: UserWarning: pandas only support SQLAlchemy connectable(engine/connection) ordatabase string URI or sqlite3 DBAPI2 connectionother DBAPI2 objects are not tested, please consider using SQLAlchemy
  warnings.warn(

2026-02-15 15:23:45,489:WARNING:c:\ProgramData\Anaconda3\lib\site-packages\pandas\io\sql.py:762: UserWarning: pandas only support SQLAlchemy connectable(engine/connection) ordatabase string URI or sqlite3 DBAPI2 connectionother DBAPI2 objects are not tested, please consider using SQLAlchemy
  warnings.warn(

2026-02-15 15:23:47,099:WARNING:c:\ProgramData\Anaconda3\lib\site-packages\pandas\io\sql.py:762: UserWarning: pandas only support SQLAlchemy connectable(engine/connection) ordatabase string URI or sqlite3 DBAPI2 connectionother DBAPI2 objects are not tested, please consider using SQLAlchemy
  warnings.warn(

2026-02-15 15:23:47,137:WARNING:c:\ProgramData\Anaconda3\lib\site-packages\pandas\io\sql.py:762: UserWarning: pandas only support SQLAlchemy connectable(engine/connection) ordatabase string URI or sqlite3 DBAPI2 connectionother DBAPI2 objects are not tested, please consider using SQLAlchemy
  warnings.warn(

2026-02-15 15:23:47,582:WARNING:c:\ProgramData\Anaconda3\lib\site-packages\pandas\io\sql.py:762: UserWarning: pandas only support SQLAlchemy connectable(engine/connection) ordatabase string URI or sqlite3 DBAPI2 connectionother DBAPI2 objects are not tested, please consider using SQLAlchemy
  warnings.warn(

2026-02-15 15:26:18,993:WARNING:C:\Users\savan\AppData\Local\Temp\ipykernel_2100\912277280.py:7: ClusterWarning: scipy.cluster: The symmetric non-negative hollow observation matrix looks suspiciously like an uncondensed distance matrix
  Z = linkage(gower_sample, method='average')

2026-02-15 18:30:46,251:WARNING:c:\ProgramData\Anaconda3\lib\site-packages\pandas\io\sql.py:762: UserWarning: pandas only support SQLAlchemy connectable(engine/connection) ordatabase string URI or sqlite3 DBAPI2 connectionother DBAPI2 objects are not tested, please consider using SQLAlchemy
  warnings.warn(

2026-02-15 18:30:46,296:WARNING:c:\ProgramData\Anaconda3\lib\site-packages\pandas\io\sql.py:762: UserWarning: pandas only support SQLAlchemy connectable(engine/connection) ordatabase string URI or sqlite3 DBAPI2 connectionother DBAPI2 objects are not tested, please consider using SQLAlchemy
  warnings.warn(

2026-02-15 18:30:46,396:WARNING:c:\ProgramData\Anaconda3\lib\site-packages\pandas\io\sql.py:762: UserWarning: pandas only support SQLAlchemy connectable(engine/connection) ordatabase string URI or sqlite3 DBAPI2 connectionother DBAPI2 objects are not tested, please consider using SQLAlchemy
  warnings.warn(

2026-02-15 18:30:47,978:WARNING:c:\ProgramData\Anaconda3\lib\site-packages\pandas\io\sql.py:762: UserWarning: pandas only support SQLAlchemy connectable(engine/connection) ordatabase string URI or sqlite3 DBAPI2 connectionother DBAPI2 objects are not tested, please consider using SQLAlchemy
  warnings.warn(

2026-02-15 18:30:48,029:WARNING:c:\ProgramData\Anaconda3\lib\site-packages\pandas\io\sql.py:762: UserWarning: pandas only support SQLAlchemy connectable(engine/connection) ordatabase string URI or sqlite3 DBAPI2 connectionother DBAPI2 objects are not tested, please consider using SQLAlchemy
  warnings.warn(

2026-02-15 18:30:48,456:WARNING:c:\ProgramData\Anaconda3\lib\site-packages\pandas\io\sql.py:762: UserWarning: pandas only support SQLAlchemy connectable(engine/connection) ordatabase string URI or sqlite3 DBAPI2 connectionother DBAPI2 objects are not tested, please consider using SQLAlchemy
  warnings.warn(

2026-02-15 18:34:40,103:WARNING:c:\ProgramData\Anaconda3\lib\site-packages\pandas\io\sql.py:762: UserWarning: pandas only support SQLAlchemy connectable(engine/connection) ordatabase string URI or sqlite3 DBAPI2 connectionother DBAPI2 objects are not tested, please consider using SQLAlchemy
  warnings.warn(

2026-02-15 18:34:40,146:WARNING:c:\ProgramData\Anaconda3\lib\site-packages\pandas\io\sql.py:762: UserWarning: pandas only support SQLAlchemy connectable(engine/connection) ordatabase string URI or sqlite3 DBAPI2 connectionother DBAPI2 objects are not tested, please consider using SQLAlchemy
  warnings.warn(

2026-02-15 18:34:40,223:WARNING:c:\ProgramData\Anaconda3\lib\site-packages\pandas\io\sql.py:762: UserWarning: pandas only support SQLAlchemy connectable(engine/connection) ordatabase string URI or sqlite3 DBAPI2 connectionother DBAPI2 objects are not tested, please consider using SQLAlchemy
  warnings.warn(

2026-02-15 18:34:41,849:WARNING:c:\ProgramData\Anaconda3\lib\site-packages\pandas\io\sql.py:762: UserWarning: pandas only support SQLAlchemy connectable(engine/connection) ordatabase string URI or sqlite3 DBAPI2 connectionother DBAPI2 objects are not tested, please consider using SQLAlchemy
  warnings.warn(

2026-02-15 18:34:41,887:WARNING:c:\ProgramData\Anaconda3\lib\site-packages\pandas\io\sql.py:762: UserWarning: pandas only support SQLAlchemy connectable(engine/connection) ordatabase string URI or sqlite3 DBAPI2 connectionother DBAPI2 objects are not tested, please consider using SQLAlchemy
  warnings.warn(

2026-02-15 18:34:42,348:WARNING:c:\ProgramData\Anaconda3\lib\site-packages\pandas\io\sql.py:762: UserWarning: pandas only support SQLAlchemy connectable(engine/connection) ordatabase string URI or sqlite3 DBAPI2 connectionother DBAPI2 objects are not tested, please consider using SQLAlchemy
  warnings.warn(

2026-02-15 18:42:02,566:WARNING:C:\Users\savan\AppData\Local\Temp\ipykernel_2100\912277280.py:7: ClusterWarning: scipy.cluster: The symmetric non-negative hollow observation matrix looks suspiciously like an uncondensed distance matrix
  Z = linkage(gower_sample, method='average')

2026-02-15 18:56:58,893:WARNING:C:\Users\savan\AppData\Local\Temp\ipykernel_2100\912277280.py:7: ClusterWarning: scipy.cluster: The symmetric non-negative hollow observation matrix looks suspiciously like an uncondensed distance matrix
  Z = linkage(gower_sample, method='average')

2026-02-15 18:58:26,600:WARNING:c:\ProgramData\Anaconda3\lib\site-packages\pandas\io\sql.py:762: UserWarning: pandas only support SQLAlchemy connectable(engine/connection) ordatabase string URI or sqlite3 DBAPI2 connectionother DBAPI2 objects are not tested, please consider using SQLAlchemy
  warnings.warn(

2026-02-15 18:58:26,650:WARNING:c:\ProgramData\Anaconda3\lib\site-packages\pandas\io\sql.py:762: UserWarning: pandas only support SQLAlchemy connectable(engine/connection) ordatabase string URI or sqlite3 DBAPI2 connectionother DBAPI2 objects are not tested, please consider using SQLAlchemy
  warnings.warn(

2026-02-15 18:58:26,742:WARNING:c:\ProgramData\Anaconda3\lib\site-packages\pandas\io\sql.py:762: UserWarning: pandas only support SQLAlchemy connectable(engine/connection) ordatabase string URI or sqlite3 DBAPI2 connectionother DBAPI2 objects are not tested, please consider using SQLAlchemy
  warnings.warn(

2026-02-15 18:58:28,315:WARNING:c:\ProgramData\Anaconda3\lib\site-packages\pandas\io\sql.py:762: UserWarning: pandas only support SQLAlchemy connectable(engine/connection) ordatabase string URI or sqlite3 DBAPI2 connectionother DBAPI2 objects are not tested, please consider using SQLAlchemy
  warnings.warn(

2026-02-15 18:58:28,350:WARNING:c:\ProgramData\Anaconda3\lib\site-packages\pandas\io\sql.py:762: UserWarning: pandas only support SQLAlchemy connectable(engine/connection) ordatabase string URI or sqlite3 DBAPI2 connectionother DBAPI2 objects are not tested, please consider using SQLAlchemy
  warnings.warn(

2026-02-15 18:58:28,749:WARNING:c:\ProgramData\Anaconda3\lib\site-packages\pandas\io\sql.py:762: UserWarning: pandas only support SQLAlchemy connectable(engine/connection) ordatabase string URI or sqlite3 DBAPI2 connectionother DBAPI2 objects are not tested, please consider using SQLAlchemy
  warnings.warn(

2026-02-15 19:01:05,935:WARNING:C:\Users\savan\AppData\Local\Temp\ipykernel_2100\912277280.py:7: ClusterWarning: scipy.cluster: The symmetric non-negative hollow observation matrix looks suspiciously like an uncondensed distance matrix
  Z = linkage(gower_sample, method='average')

2026-02-15 19:12:07,622:WARNING:c:\ProgramData\Anaconda3\lib\site-packages\pandas\io\sql.py:762: UserWarning: pandas only support SQLAlchemy connectable(engine/connection) ordatabase string URI or sqlite3 DBAPI2 connectionother DBAPI2 objects are not tested, please consider using SQLAlchemy
  warnings.warn(

2026-02-15 19:12:07,659:WARNING:c:\ProgramData\Anaconda3\lib\site-packages\pandas\io\sql.py:762: UserWarning: pandas only support SQLAlchemy connectable(engine/connection) ordatabase string URI or sqlite3 DBAPI2 connectionother DBAPI2 objects are not tested, please consider using SQLAlchemy
  warnings.warn(

2026-02-15 19:12:07,760:WARNING:c:\ProgramData\Anaconda3\lib\site-packages\pandas\io\sql.py:762: UserWarning: pandas only support SQLAlchemy connectable(engine/connection) ordatabase string URI or sqlite3 DBAPI2 connectionother DBAPI2 objects are not tested, please consider using SQLAlchemy
  warnings.warn(

2026-02-15 19:12:09,426:WARNING:c:\ProgramData\Anaconda3\lib\site-packages\pandas\io\sql.py:762: UserWarning: pandas only support SQLAlchemy connectable(engine/connection) ordatabase string URI or sqlite3 DBAPI2 connectionother DBAPI2 objects are not tested, please consider using SQLAlchemy
  warnings.warn(

2026-02-15 19:12:09,467:WARNING:c:\ProgramData\Anaconda3\lib\site-packages\pandas\io\sql.py:762: UserWarning: pandas only support SQLAlchemy connectable(engine/connection) ordatabase string URI or sqlite3 DBAPI2 connectionother DBAPI2 objects are not tested, please consider using SQLAlchemy
  warnings.warn(

2026-02-15 19:12:09,914:WARNING:c:\ProgramData\Anaconda3\lib\site-packages\pandas\io\sql.py:762: UserWarning: pandas only support SQLAlchemy connectable(engine/connection) ordatabase string URI or sqlite3 DBAPI2 connectionother DBAPI2 objects are not tested, please consider using SQLAlchemy
  warnings.warn(

2026-02-15 19:15:09,340:WARNING:C:\Users\savan\AppData\Local\Temp\ipykernel_2100\912277280.py:7: ClusterWarning: scipy.cluster: The symmetric non-negative hollow observation matrix looks suspiciously like an uncondensed distance matrix
  Z = linkage(gower_sample, method='average')

2026-02-15 19:18:18,285:WARNING:
'cuml' is a soft dependency and not included in the pycaret installation. Please run: `pip install cuml` to install.
2026-02-15 19:18:18,285:WARNING:
'cuml' is a soft dependency and not included in the pycaret installation. Please run: `pip install cuml` to install.
2026-02-15 19:18:18,285:WARNING:
'cuml' is a soft dependency and not included in the pycaret installation. Please run: `pip install cuml` to install.
2026-02-15 19:18:18,285:WARNING:
'cuml' is a soft dependency and not included in the pycaret installation. Please run: `pip install cuml` to install.
2026-02-15 19:18:21,109:WARNING:c:\ProgramData\Anaconda3\lib\site-packages\pandas\io\sql.py:762: UserWarning: pandas only support SQLAlchemy connectable(engine/connection) ordatabase string URI or sqlite3 DBAPI2 connectionother DBAPI2 objects are not tested, please consider using SQLAlchemy
  warnings.warn(

2026-02-15 19:18:21,150:WARNING:c:\ProgramData\Anaconda3\lib\site-packages\pandas\io\sql.py:762: UserWarning: pandas only support SQLAlchemy connectable(engine/connection) ordatabase string URI or sqlite3 DBAPI2 connectionother DBAPI2 objects are not tested, please consider using SQLAlchemy
  warnings.warn(

2026-02-15 19:18:21,344:WARNING:c:\ProgramData\Anaconda3\lib\site-packages\pandas\io\sql.py:762: UserWarning: pandas only support SQLAlchemy connectable(engine/connection) ordatabase string URI or sqlite3 DBAPI2 connectionother DBAPI2 objects are not tested, please consider using SQLAlchemy
  warnings.warn(

2026-02-15 19:18:22,908:WARNING:c:\ProgramData\Anaconda3\lib\site-packages\pandas\io\sql.py:762: UserWarning: pandas only support SQLAlchemy connectable(engine/connection) ordatabase string URI or sqlite3 DBAPI2 connectionother DBAPI2 objects are not tested, please consider using SQLAlchemy
  warnings.warn(

2026-02-15 19:18:22,950:WARNING:c:\ProgramData\Anaconda3\lib\site-packages\pandas\io\sql.py:762: UserWarning: pandas only support SQLAlchemy connectable(engine/connection) ordatabase string URI or sqlite3 DBAPI2 connectionother DBAPI2 objects are not tested, please consider using SQLAlchemy
  warnings.warn(

2026-02-15 19:18:23,399:WARNING:c:\ProgramData\Anaconda3\lib\site-packages\pandas\io\sql.py:762: UserWarning: pandas only support SQLAlchemy connectable(engine/connection) ordatabase string URI or sqlite3 DBAPI2 connectionother DBAPI2 objects are not tested, please consider using SQLAlchemy
  warnings.warn(

2026-02-15 19:23:46,405:WARNING:c:\ProgramData\Anaconda3\lib\site-packages\pandas\io\sql.py:762: UserWarning: pandas only support SQLAlchemy connectable(engine/connection) ordatabase string URI or sqlite3 DBAPI2 connectionother DBAPI2 objects are not tested, please consider using SQLAlchemy
  warnings.warn(

2026-02-15 19:23:46,439:WARNING:c:\ProgramData\Anaconda3\lib\site-packages\pandas\io\sql.py:762: UserWarning: pandas only support SQLAlchemy connectable(engine/connection) ordatabase string URI or sqlite3 DBAPI2 connectionother DBAPI2 objects are not tested, please consider using SQLAlchemy
  warnings.warn(

2026-02-15 19:23:46,521:WARNING:c:\ProgramData\Anaconda3\lib\site-packages\pandas\io\sql.py:762: UserWarning: pandas only support SQLAlchemy connectable(engine/connection) ordatabase string URI or sqlite3 DBAPI2 connectionother DBAPI2 objects are not tested, please consider using SQLAlchemy
  warnings.warn(

2026-02-15 19:23:48,076:WARNING:c:\ProgramData\Anaconda3\lib\site-packages\pandas\io\sql.py:762: UserWarning: pandas only support SQLAlchemy connectable(engine/connection) ordatabase string URI or sqlite3 DBAPI2 connectionother DBAPI2 objects are not tested, please consider using SQLAlchemy
  warnings.warn(

2026-02-15 19:23:48,111:WARNING:c:\ProgramData\Anaconda3\lib\site-packages\pandas\io\sql.py:762: UserWarning: pandas only support SQLAlchemy connectable(engine/connection) ordatabase string URI or sqlite3 DBAPI2 connectionother DBAPI2 objects are not tested, please consider using SQLAlchemy
  warnings.warn(

2026-02-15 19:23:48,549:WARNING:c:\ProgramData\Anaconda3\lib\site-packages\pandas\io\sql.py:762: UserWarning: pandas only support SQLAlchemy connectable(engine/connection) ordatabase string URI or sqlite3 DBAPI2 connectionother DBAPI2 objects are not tested, please consider using SQLAlchemy
  warnings.warn(

2026-02-15 19:25:02,859:WARNING:
'cuml' is a soft dependency and not included in the pycaret installation. Please run: `pip install cuml` to install.
2026-02-15 19:25:02,860:WARNING:
'cuml' is a soft dependency and not included in the pycaret installation. Please run: `pip install cuml` to install.
2026-02-15 19:25:02,860:WARNING:
'cuml' is a soft dependency and not included in the pycaret installation. Please run: `pip install cuml` to install.
2026-02-15 19:25:02,860:WARNING:
'cuml' is a soft dependency and not included in the pycaret installation. Please run: `pip install cuml` to install.
2026-02-15 19:25:03,494:WARNING:c:\ProgramData\Anaconda3\lib\site-packages\pandas\io\sql.py:762: UserWarning: pandas only support SQLAlchemy connectable(engine/connection) ordatabase string URI or sqlite3 DBAPI2 connectionother DBAPI2 objects are not tested, please consider using SQLAlchemy
  warnings.warn(

2026-02-15 19:25:03,525:WARNING:c:\ProgramData\Anaconda3\lib\site-packages\pandas\io\sql.py:762: UserWarning: pandas only support SQLAlchemy connectable(engine/connection) ordatabase string URI or sqlite3 DBAPI2 connectionother DBAPI2 objects are not tested, please consider using SQLAlchemy
  warnings.warn(

2026-02-15 19:25:03,688:WARNING:c:\ProgramData\Anaconda3\lib\site-packages\pandas\io\sql.py:762: UserWarning: pandas only support SQLAlchemy connectable(engine/connection) ordatabase string URI or sqlite3 DBAPI2 connectionother DBAPI2 objects are not tested, please consider using SQLAlchemy
  warnings.warn(

2026-02-15 19:25:05,198:WARNING:c:\ProgramData\Anaconda3\lib\site-packages\pandas\io\sql.py:762: UserWarning: pandas only support SQLAlchemy connectable(engine/connection) ordatabase string URI or sqlite3 DBAPI2 connectionother DBAPI2 objects are not tested, please consider using SQLAlchemy
  warnings.warn(

2026-02-15 19:25:05,233:WARNING:c:\ProgramData\Anaconda3\lib\site-packages\pandas\io\sql.py:762: UserWarning: pandas only support SQLAlchemy connectable(engine/connection) ordatabase string URI or sqlite3 DBAPI2 connectionother DBAPI2 objects are not tested, please consider using SQLAlchemy
  warnings.warn(

2026-02-15 19:25:05,648:WARNING:c:\ProgramData\Anaconda3\lib\site-packages\pandas\io\sql.py:762: UserWarning: pandas only support SQLAlchemy connectable(engine/connection) ordatabase string URI or sqlite3 DBAPI2 connectionother DBAPI2 objects are not tested, please consider using SQLAlchemy
  warnings.warn(

2026-02-15 19:36:59,821:WARNING:
'cuml' is a soft dependency and not included in the pycaret installation. Please run: `pip install cuml` to install.
2026-02-15 19:36:59,821:WARNING:
'cuml' is a soft dependency and not included in the pycaret installation. Please run: `pip install cuml` to install.
2026-02-15 19:36:59,821:WARNING:
'cuml' is a soft dependency and not included in the pycaret installation. Please run: `pip install cuml` to install.
2026-02-15 19:36:59,821:WARNING:
'cuml' is a soft dependency and not included in the pycaret installation. Please run: `pip install cuml` to install.
2026-02-15 19:37:00,624:WARNING:c:\ProgramData\Anaconda3\lib\site-packages\pandas\io\sql.py:762: UserWarning: pandas only support SQLAlchemy connectable(engine/connection) ordatabase string URI or sqlite3 DBAPI2 connectionother DBAPI2 objects are not tested, please consider using SQLAlchemy
  warnings.warn(

2026-02-15 19:37:00,667:WARNING:c:\ProgramData\Anaconda3\lib\site-packages\pandas\io\sql.py:762: UserWarning: pandas only support SQLAlchemy connectable(engine/connection) ordatabase string URI or sqlite3 DBAPI2 connectionother DBAPI2 objects are not tested, please consider using SQLAlchemy
  warnings.warn(

2026-02-15 19:37:00,841:WARNING:c:\ProgramData\Anaconda3\lib\site-packages\pandas\io\sql.py:762: UserWarning: pandas only support SQLAlchemy connectable(engine/connection) ordatabase string URI or sqlite3 DBAPI2 connectionother DBAPI2 objects are not tested, please consider using SQLAlchemy
  warnings.warn(

2026-02-15 19:37:02,509:WARNING:c:\ProgramData\Anaconda3\lib\site-packages\pandas\io\sql.py:762: UserWarning: pandas only support SQLAlchemy connectable(engine/connection) ordatabase string URI or sqlite3 DBAPI2 connectionother DBAPI2 objects are not tested, please consider using SQLAlchemy
  warnings.warn(

2026-02-15 19:37:02,542:WARNING:c:\ProgramData\Anaconda3\lib\site-packages\pandas\io\sql.py:762: UserWarning: pandas only support SQLAlchemy connectable(engine/connection) ordatabase string URI or sqlite3 DBAPI2 connectionother DBAPI2 objects are not tested, please consider using SQLAlchemy
  warnings.warn(

2026-02-15 19:37:02,940:WARNING:c:\ProgramData\Anaconda3\lib\site-packages\pandas\io\sql.py:762: UserWarning: pandas only support SQLAlchemy connectable(engine/connection) ordatabase string URI or sqlite3 DBAPI2 connectionother DBAPI2 objects are not tested, please consider using SQLAlchemy
  warnings.warn(

2026-02-15 19:39:38,239:WARNING:C:\Users\savan\AppData\Local\Temp\ipykernel_38592\912277280.py:7: ClusterWarning: scipy.cluster: The symmetric non-negative hollow observation matrix looks suspiciously like an uncondensed distance matrix
  Z = linkage(gower_sample, method='average')

2026-02-15 23:28:58,508:WARNING:
'cuml' is a soft dependency and not included in the pycaret installation. Please run: `pip install cuml` to install.
2026-02-15 23:28:58,509:WARNING:
'cuml' is a soft dependency and not included in the pycaret installation. Please run: `pip install cuml` to install.
2026-02-15 23:28:58,509:WARNING:
'cuml' is a soft dependency and not included in the pycaret installation. Please run: `pip install cuml` to install.
2026-02-15 23:28:58,509:WARNING:
'cuml' is a soft dependency and not included in the pycaret installation. Please run: `pip install cuml` to install.
2026-02-15 23:29:01,185:WARNING:c:\ProgramData\Anaconda3\lib\site-packages\pandas\io\sql.py:762: UserWarning: pandas only support SQLAlchemy connectable(engine/connection) ordatabase string URI or sqlite3 DBAPI2 connectionother DBAPI2 objects are not tested, please consider using SQLAlchemy
  warnings.warn(

2026-02-15 23:29:01,266:WARNING:c:\ProgramData\Anaconda3\lib\site-packages\pandas\io\sql.py:762: UserWarning: pandas only support SQLAlchemy connectable(engine/connection) ordatabase string URI or sqlite3 DBAPI2 connectionother DBAPI2 objects are not tested, please consider using SQLAlchemy
  warnings.warn(

2026-02-15 23:29:01,559:WARNING:c:\ProgramData\Anaconda3\lib\site-packages\pandas\io\sql.py:762: UserWarning: pandas only support SQLAlchemy connectable(engine/connection) ordatabase string URI or sqlite3 DBAPI2 connectionother DBAPI2 objects are not tested, please consider using SQLAlchemy
  warnings.warn(

2026-02-15 23:29:04,593:WARNING:c:\ProgramData\Anaconda3\lib\site-packages\pandas\io\sql.py:762: UserWarning: pandas only support SQLAlchemy connectable(engine/connection) ordatabase string URI or sqlite3 DBAPI2 connectionother DBAPI2 objects are not tested, please consider using SQLAlchemy
  warnings.warn(

2026-02-15 23:29:04,643:WARNING:c:\ProgramData\Anaconda3\lib\site-packages\pandas\io\sql.py:762: UserWarning: pandas only support SQLAlchemy connectable(engine/connection) ordatabase string URI or sqlite3 DBAPI2 connectionother DBAPI2 objects are not tested, please consider using SQLAlchemy
  warnings.warn(

2026-02-15 23:29:05,025:WARNING:c:\ProgramData\Anaconda3\lib\site-packages\pandas\io\sql.py:762: UserWarning: pandas only support SQLAlchemy connectable(engine/connection) ordatabase string URI or sqlite3 DBAPI2 connectionother DBAPI2 objects are not tested, please consider using SQLAlchemy
  warnings.warn(

2026-02-16 00:33:48,033:WARNING:c:\ProgramData\Anaconda3\lib\site-packages\pandas\io\sql.py:762: UserWarning: pandas only support SQLAlchemy connectable(engine/connection) ordatabase string URI or sqlite3 DBAPI2 connectionother DBAPI2 objects are not tested, please consider using SQLAlchemy
  warnings.warn(

2026-02-16 00:33:48,070:WARNING:c:\ProgramData\Anaconda3\lib\site-packages\pandas\io\sql.py:762: UserWarning: pandas only support SQLAlchemy connectable(engine/connection) ordatabase string URI or sqlite3 DBAPI2 connectionother DBAPI2 objects are not tested, please consider using SQLAlchemy
  warnings.warn(

2026-02-16 00:33:48,151:WARNING:c:\ProgramData\Anaconda3\lib\site-packages\pandas\io\sql.py:762: UserWarning: pandas only support SQLAlchemy connectable(engine/connection) ordatabase string URI or sqlite3 DBAPI2 connectionother DBAPI2 objects are not tested, please consider using SQLAlchemy
  warnings.warn(

2026-02-16 00:33:49,733:WARNING:c:\ProgramData\Anaconda3\lib\site-packages\pandas\io\sql.py:762: UserWarning: pandas only support SQLAlchemy connectable(engine/connection) ordatabase string URI or sqlite3 DBAPI2 connectionother DBAPI2 objects are not tested, please consider using SQLAlchemy
  warnings.warn(

2026-02-16 00:33:49,789:WARNING:c:\ProgramData\Anaconda3\lib\site-packages\pandas\io\sql.py:762: UserWarning: pandas only support SQLAlchemy connectable(engine/connection) ordatabase string URI or sqlite3 DBAPI2 connectionother DBAPI2 objects are not tested, please consider using SQLAlchemy
  warnings.warn(

2026-02-16 00:33:50,216:WARNING:c:\ProgramData\Anaconda3\lib\site-packages\pandas\io\sql.py:762: UserWarning: pandas only support SQLAlchemy connectable(engine/connection) ordatabase string URI or sqlite3 DBAPI2 connectionother DBAPI2 objects are not tested, please consider using SQLAlchemy
  warnings.warn(

2026-02-18 20:22:03,985:WARNING:
'cuml' is a soft dependency and not included in the pycaret installation. Please run: `pip install cuml` to install.
2026-02-18 20:22:03,985:WARNING:
'cuml' is a soft dependency and not included in the pycaret installation. Please run: `pip install cuml` to install.
2026-02-18 20:22:03,985:WARNING:
'cuml' is a soft dependency and not included in the pycaret installation. Please run: `pip install cuml` to install.
2026-02-18 20:22:03,985:WARNING:
'cuml' is a soft dependency and not included in the pycaret installation. Please run: `pip install cuml` to install.
2026-02-18 20:22:07,741:WARNING:c:\ProgramData\Anaconda3\lib\site-packages\pandas\io\sql.py:762: UserWarning: pandas only support SQLAlchemy connectable(engine/connection) ordatabase string URI or sqlite3 DBAPI2 connectionother DBAPI2 objects are not tested, please consider using SQLAlchemy
  warnings.warn(

2026-02-18 20:22:07,852:WARNING:c:\ProgramData\Anaconda3\lib\site-packages\pandas\io\sql.py:762: UserWarning: pandas only support SQLAlchemy connectable(engine/connection) ordatabase string URI or sqlite3 DBAPI2 connectionother DBAPI2 objects are not tested, please consider using SQLAlchemy
  warnings.warn(

2026-02-18 20:22:08,065:WARNING:c:\ProgramData\Anaconda3\lib\site-packages\pandas\io\sql.py:762: UserWarning: pandas only support SQLAlchemy connectable(engine/connection) ordatabase string URI or sqlite3 DBAPI2 connectionother DBAPI2 objects are not tested, please consider using SQLAlchemy
  warnings.warn(

2026-02-18 20:22:09,905:WARNING:c:\ProgramData\Anaconda3\lib\site-packages\pandas\io\sql.py:762: UserWarning: pandas only support SQLAlchemy connectable(engine/connection) ordatabase string URI or sqlite3 DBAPI2 connectionother DBAPI2 objects are not tested, please consider using SQLAlchemy
  warnings.warn(

2026-02-18 20:22:09,966:WARNING:c:\ProgramData\Anaconda3\lib\site-packages\pandas\io\sql.py:762: UserWarning: pandas only support SQLAlchemy connectable(engine/connection) ordatabase string URI or sqlite3 DBAPI2 connectionother DBAPI2 objects are not tested, please consider using SQLAlchemy
  warnings.warn(

2026-02-18 20:22:10,401:WARNING:c:\ProgramData\Anaconda3\lib\site-packages\pandas\io\sql.py:762: UserWarning: pandas only support SQLAlchemy connectable(engine/connection) ordatabase string URI or sqlite3 DBAPI2 connectionother DBAPI2 objects are not tested, please consider using SQLAlchemy
  warnings.warn(

2026-02-18 20:24:19,333:WARNING:C:\Users\savan\AppData\Local\Temp\ipykernel_4912\912277280.py:7: ClusterWarning: scipy.cluster: The symmetric non-negative hollow observation matrix looks suspiciously like an uncondensed distance matrix
  Z = linkage(gower_sample, method='average')

2026-02-18 21:59:53,468:WARNING:
'cuml' is a soft dependency and not included in the pycaret installation. Please run: `pip install cuml` to install.
2026-02-18 21:59:53,468:WARNING:
'cuml' is a soft dependency and not included in the pycaret installation. Please run: `pip install cuml` to install.
2026-02-18 21:59:53,468:WARNING:
'cuml' is a soft dependency and not included in the pycaret installation. Please run: `pip install cuml` to install.
2026-02-18 21:59:53,468:WARNING:
'cuml' is a soft dependency and not included in the pycaret installation. Please run: `pip install cuml` to install.
2026-02-18 21:59:55,005:WARNING:c:\ProgramData\Anaconda3\lib\site-packages\pandas\io\sql.py:762: UserWarning: pandas only support SQLAlchemy connectable(engine/connection) ordatabase string URI or sqlite3 DBAPI2 connectionother DBAPI2 objects are not tested, please consider using SQLAlchemy
  warnings.warn(

2026-02-18 21:59:55,053:WARNING:c:\ProgramData\Anaconda3\lib\site-packages\pandas\io\sql.py:762: UserWarning: pandas only support SQLAlchemy connectable(engine/connection) ordatabase string URI or sqlite3 DBAPI2 connectionother DBAPI2 objects are not tested, please consider using SQLAlchemy
  warnings.warn(

2026-02-18 21:59:55,212:WARNING:c:\ProgramData\Anaconda3\lib\site-packages\pandas\io\sql.py:762: UserWarning: pandas only support SQLAlchemy connectable(engine/connection) ordatabase string URI or sqlite3 DBAPI2 connectionother DBAPI2 objects are not tested, please consider using SQLAlchemy
  warnings.warn(

2026-02-18 21:59:56,876:WARNING:c:\ProgramData\Anaconda3\lib\site-packages\pandas\io\sql.py:762: UserWarning: pandas only support SQLAlchemy connectable(engine/connection) ordatabase string URI or sqlite3 DBAPI2 connectionother DBAPI2 objects are not tested, please consider using SQLAlchemy
  warnings.warn(

2026-02-18 21:59:56,923:WARNING:c:\ProgramData\Anaconda3\lib\site-packages\pandas\io\sql.py:762: UserWarning: pandas only support SQLAlchemy connectable(engine/connection) ordatabase string URI or sqlite3 DBAPI2 connectionother DBAPI2 objects are not tested, please consider using SQLAlchemy
  warnings.warn(

2026-02-18 21:59:57,307:WARNING:c:\ProgramData\Anaconda3\lib\site-packages\pandas\io\sql.py:762: UserWarning: pandas only support SQLAlchemy connectable(engine/connection) ordatabase string URI or sqlite3 DBAPI2 connectionother DBAPI2 objects are not tested, please consider using SQLAlchemy
  warnings.warn(

2026-02-18 22:02:05,767:WARNING:C:\Users\savan\AppData\Local\Temp\ipykernel_25336\912277280.py:7: ClusterWarning: scipy.cluster: The symmetric non-negative hollow observation matrix looks suspiciously like an uncondensed distance matrix
  Z = linkage(gower_sample, method='average')

2026-02-18 22:07:41,371:WARNING:C:\Users\savan\AppData\Roaming\Python\Python39\site-packages\sklearn\metrics\_regression.py:483: FutureWarning: 'squared' is deprecated in version 1.4 and will be removed in 1.6. To calculate the root mean squared error, use the function'root_mean_squared_error'.
  warnings.warn(

2026-02-18 23:02:50,159:WARNING:
'cuml' is a soft dependency and not included in the pycaret installation. Please run: `pip install cuml` to install.
2026-02-18 23:02:50,159:WARNING:
'cuml' is a soft dependency and not included in the pycaret installation. Please run: `pip install cuml` to install.
2026-02-18 23:02:50,159:WARNING:
'cuml' is a soft dependency and not included in the pycaret installation. Please run: `pip install cuml` to install.
2026-02-18 23:02:50,159:WARNING:
'cuml' is a soft dependency and not included in the pycaret installation. Please run: `pip install cuml` to install.
2026-02-18 23:02:52,667:WARNING:c:\ProgramData\Anaconda3\lib\site-packages\pandas\io\sql.py:762: UserWarning: pandas only support SQLAlchemy connectable(engine/connection) ordatabase string URI or sqlite3 DBAPI2 connectionother DBAPI2 objects are not tested, please consider using SQLAlchemy
  warnings.warn(

2026-02-18 23:02:52,709:WARNING:c:\ProgramData\Anaconda3\lib\site-packages\pandas\io\sql.py:762: UserWarning: pandas only support SQLAlchemy connectable(engine/connection) ordatabase string URI or sqlite3 DBAPI2 connectionother DBAPI2 objects are not tested, please consider using SQLAlchemy
  warnings.warn(

2026-02-18 23:02:52,898:WARNING:c:\ProgramData\Anaconda3\lib\site-packages\pandas\io\sql.py:762: UserWarning: pandas only support SQLAlchemy connectable(engine/connection) ordatabase string URI or sqlite3 DBAPI2 connectionother DBAPI2 objects are not tested, please consider using SQLAlchemy
  warnings.warn(

2026-02-18 23:02:55,068:WARNING:c:\ProgramData\Anaconda3\lib\site-packages\pandas\io\sql.py:762: UserWarning: pandas only support SQLAlchemy connectable(engine/connection) ordatabase string URI or sqlite3 DBAPI2 connectionother DBAPI2 objects are not tested, please consider using SQLAlchemy
  warnings.warn(

2026-02-18 23:02:55,161:WARNING:c:\ProgramData\Anaconda3\lib\site-packages\pandas\io\sql.py:762: UserWarning: pandas only support SQLAlchemy connectable(engine/connection) ordatabase string URI or sqlite3 DBAPI2 connectionother DBAPI2 objects are not tested, please consider using SQLAlchemy
  warnings.warn(

2026-02-18 23:02:56,137:WARNING:c:\ProgramData\Anaconda3\lib\site-packages\pandas\io\sql.py:762: UserWarning: pandas only support SQLAlchemy connectable(engine/connection) ordatabase string URI or sqlite3 DBAPI2 connectionother DBAPI2 objects are not tested, please consider using SQLAlchemy
  warnings.warn(

2026-02-18 23:09:11,727:WARNING:c:\ProgramData\Anaconda3\lib\site-packages\pandas\io\sql.py:762: UserWarning: pandas only support SQLAlchemy connectable(engine/connection) ordatabase string URI or sqlite3 DBAPI2 connectionother DBAPI2 objects are not tested, please consider using SQLAlchemy
  warnings.warn(

2026-02-18 23:09:11,771:WARNING:c:\ProgramData\Anaconda3\lib\site-packages\pandas\io\sql.py:762: UserWarning: pandas only support SQLAlchemy connectable(engine/connection) ordatabase string URI or sqlite3 DBAPI2 connectionother DBAPI2 objects are not tested, please consider using SQLAlchemy
  warnings.warn(

2026-02-18 23:09:11,847:WARNING:c:\ProgramData\Anaconda3\lib\site-packages\pandas\io\sql.py:762: UserWarning: pandas only support SQLAlchemy connectable(engine/connection) ordatabase string URI or sqlite3 DBAPI2 connectionother DBAPI2 objects are not tested, please consider using SQLAlchemy
  warnings.warn(

2026-02-18 23:09:13,413:WARNING:c:\ProgramData\Anaconda3\lib\site-packages\pandas\io\sql.py:762: UserWarning: pandas only support SQLAlchemy connectable(engine/connection) ordatabase string URI or sqlite3 DBAPI2 connectionother DBAPI2 objects are not tested, please consider using SQLAlchemy
  warnings.warn(

2026-02-18 23:09:13,558:WARNING:c:\ProgramData\Anaconda3\lib\site-packages\pandas\io\sql.py:762: UserWarning: pandas only support SQLAlchemy connectable(engine/connection) ordatabase string URI or sqlite3 DBAPI2 connectionother DBAPI2 objects are not tested, please consider using SQLAlchemy
  warnings.warn(

2026-02-18 23:09:14,112:WARNING:c:\ProgramData\Anaconda3\lib\site-packages\pandas\io\sql.py:762: UserWarning: pandas only support SQLAlchemy connectable(engine/connection) ordatabase string URI or sqlite3 DBAPI2 connectionother DBAPI2 objects are not tested, please consider using SQLAlchemy
  warnings.warn(

2026-02-18 23:49:42,793:WARNING:
'cuml' is a soft dependency and not included in the pycaret installation. Please run: `pip install cuml` to install.
2026-02-18 23:49:42,793:WARNING:
'cuml' is a soft dependency and not included in the pycaret installation. Please run: `pip install cuml` to install.
2026-02-18 23:49:42,793:WARNING:
'cuml' is a soft dependency and not included in the pycaret installation. Please run: `pip install cuml` to install.
2026-02-18 23:49:42,793:WARNING:
'cuml' is a soft dependency and not included in the pycaret installation. Please run: `pip install cuml` to install.
2026-02-18 23:49:43,556:WARNING:c:\ProgramData\Anaconda3\lib\site-packages\pandas\io\sql.py:762: UserWarning: pandas only support SQLAlchemy connectable(engine/connection) ordatabase string URI or sqlite3 DBAPI2 connectionother DBAPI2 objects are not tested, please consider using SQLAlchemy
  warnings.warn(

2026-02-18 23:49:43,611:WARNING:c:\ProgramData\Anaconda3\lib\site-packages\pandas\io\sql.py:762: UserWarning: pandas only support SQLAlchemy connectable(engine/connection) ordatabase string URI or sqlite3 DBAPI2 connectionother DBAPI2 objects are not tested, please consider using SQLAlchemy
  warnings.warn(

2026-02-18 23:49:43,767:WARNING:c:\ProgramData\Anaconda3\lib\site-packages\pandas\io\sql.py:762: UserWarning: pandas only support SQLAlchemy connectable(engine/connection) ordatabase string URI or sqlite3 DBAPI2 connectionother DBAPI2 objects are not tested, please consider using SQLAlchemy
  warnings.warn(

2026-02-18 23:49:45,470:WARNING:c:\ProgramData\Anaconda3\lib\site-packages\pandas\io\sql.py:762: UserWarning: pandas only support SQLAlchemy connectable(engine/connection) ordatabase string URI or sqlite3 DBAPI2 connectionother DBAPI2 objects are not tested, please consider using SQLAlchemy
  warnings.warn(

2026-02-18 23:49:45,520:WARNING:c:\ProgramData\Anaconda3\lib\site-packages\pandas\io\sql.py:762: UserWarning: pandas only support SQLAlchemy connectable(engine/connection) ordatabase string URI or sqlite3 DBAPI2 connectionother DBAPI2 objects are not tested, please consider using SQLAlchemy
  warnings.warn(

2026-02-18 23:49:45,995:WARNING:c:\ProgramData\Anaconda3\lib\site-packages\pandas\io\sql.py:762: UserWarning: pandas only support SQLAlchemy connectable(engine/connection) ordatabase string URI or sqlite3 DBAPI2 connectionother DBAPI2 objects are not tested, please consider using SQLAlchemy
  warnings.warn(

2026-02-18 23:51:55,148:WARNING:C:\Users\savan\AppData\Local\Temp\ipykernel_16832\912277280.py:7: ClusterWarning: scipy.cluster: The symmetric non-negative hollow observation matrix looks suspiciously like an uncondensed distance matrix
  Z = linkage(gower_sample, method='average')

2026-02-20 20:23:42,818:WARNING:
'cuml' is a soft dependency and not included in the pycaret installation. Please run: `pip install cuml` to install.
2026-02-20 20:23:42,819:WARNING:
'cuml' is a soft dependency and not included in the pycaret installation. Please run: `pip install cuml` to install.
2026-02-20 20:23:42,819:WARNING:
'cuml' is a soft dependency and not included in the pycaret installation. Please run: `pip install cuml` to install.
2026-02-20 20:23:42,819:WARNING:
'cuml' is a soft dependency and not included in the pycaret installation. Please run: `pip install cuml` to install.
2026-02-20 20:23:46,531:WARNING:c:\ProgramData\Anaconda3\lib\site-packages\pandas\io\sql.py:762: UserWarning: pandas only support SQLAlchemy connectable(engine/connection) ordatabase string URI or sqlite3 DBAPI2 connectionother DBAPI2 objects are not tested, please consider using SQLAlchemy
  warnings.warn(

2026-02-20 20:23:46,595:WARNING:c:\ProgramData\Anaconda3\lib\site-packages\pandas\io\sql.py:762: UserWarning: pandas only support SQLAlchemy connectable(engine/connection) ordatabase string URI or sqlite3 DBAPI2 connectionother DBAPI2 objects are not tested, please consider using SQLAlchemy
  warnings.warn(

2026-02-20 20:23:46,751:WARNING:c:\ProgramData\Anaconda3\lib\site-packages\pandas\io\sql.py:762: UserWarning: pandas only support SQLAlchemy connectable(engine/connection) ordatabase string URI or sqlite3 DBAPI2 connectionother DBAPI2 objects are not tested, please consider using SQLAlchemy
  warnings.warn(

2026-02-20 20:23:48,461:WARNING:c:\ProgramData\Anaconda3\lib\site-packages\pandas\io\sql.py:762: UserWarning: pandas only support SQLAlchemy connectable(engine/connection) ordatabase string URI or sqlite3 DBAPI2 connectionother DBAPI2 objects are not tested, please consider using SQLAlchemy
  warnings.warn(

2026-02-20 20:23:48,536:WARNING:c:\ProgramData\Anaconda3\lib\site-packages\pandas\io\sql.py:762: UserWarning: pandas only support SQLAlchemy connectable(engine/connection) ordatabase string URI or sqlite3 DBAPI2 connectionother DBAPI2 objects are not tested, please consider using SQLAlchemy
  warnings.warn(

2026-02-20 20:23:49,007:WARNING:c:\ProgramData\Anaconda3\lib\site-packages\pandas\io\sql.py:762: UserWarning: pandas only support SQLAlchemy connectable(engine/connection) ordatabase string URI or sqlite3 DBAPI2 connectionother DBAPI2 objects are not tested, please consider using SQLAlchemy
  warnings.warn(

2026-02-20 20:26:02,233:WARNING:C:\Users\savan\AppData\Local\Temp\ipykernel_12632\912277280.py:7: ClusterWarning: scipy.cluster: The symmetric non-negative hollow observation matrix looks suspiciously like an uncondensed distance matrix
  Z = linkage(gower_sample, method='average')

2026-02-20 21:48:32,268:WARNING:
'cuml' is a soft dependency and not included in the pycaret installation. Please run: `pip install cuml` to install.
2026-02-20 21:48:32,268:WARNING:
'cuml' is a soft dependency and not included in the pycaret installation. Please run: `pip install cuml` to install.
2026-02-20 21:48:32,268:WARNING:
'cuml' is a soft dependency and not included in the pycaret installation. Please run: `pip install cuml` to install.
2026-02-20 21:48:32,268:WARNING:
'cuml' is a soft dependency and not included in the pycaret installation. Please run: `pip install cuml` to install.
2026-02-20 21:48:34,553:WARNING:c:\ProgramData\Anaconda3\lib\site-packages\pandas\io\sql.py:762: UserWarning: pandas only support SQLAlchemy connectable(engine/connection) ordatabase string URI or sqlite3 DBAPI2 connectionother DBAPI2 objects are not tested, please consider using SQLAlchemy
  warnings.warn(

2026-02-20 21:48:34,616:WARNING:c:\ProgramData\Anaconda3\lib\site-packages\pandas\io\sql.py:762: UserWarning: pandas only support SQLAlchemy connectable(engine/connection) ordatabase string URI or sqlite3 DBAPI2 connectionother DBAPI2 objects are not tested, please consider using SQLAlchemy
  warnings.warn(

2026-02-20 21:48:34,963:WARNING:c:\ProgramData\Anaconda3\lib\site-packages\pandas\io\sql.py:762: UserWarning: pandas only support SQLAlchemy connectable(engine/connection) ordatabase string URI or sqlite3 DBAPI2 connectionother DBAPI2 objects are not tested, please consider using SQLAlchemy
  warnings.warn(

2026-02-20 21:48:39,060:WARNING:c:\ProgramData\Anaconda3\lib\site-packages\pandas\io\sql.py:762: UserWarning: pandas only support SQLAlchemy connectable(engine/connection) ordatabase string URI or sqlite3 DBAPI2 connectionother DBAPI2 objects are not tested, please consider using SQLAlchemy
  warnings.warn(

2026-02-20 21:48:39,140:WARNING:c:\ProgramData\Anaconda3\lib\site-packages\pandas\io\sql.py:762: UserWarning: pandas only support SQLAlchemy connectable(engine/connection) ordatabase string URI or sqlite3 DBAPI2 connectionother DBAPI2 objects are not tested, please consider using SQLAlchemy
  warnings.warn(

2026-02-20 21:48:40,225:WARNING:c:\ProgramData\Anaconda3\lib\site-packages\pandas\io\sql.py:762: UserWarning: pandas only support SQLAlchemy connectable(engine/connection) ordatabase string URI or sqlite3 DBAPI2 connectionother DBAPI2 objects are not tested, please consider using SQLAlchemy
  warnings.warn(

2026-02-20 21:51:54,292:WARNING:
'cuml' is a soft dependency and not included in the pycaret installation. Please run: `pip install cuml` to install.
2026-02-20 21:51:54,292:WARNING:
'cuml' is a soft dependency and not included in the pycaret installation. Please run: `pip install cuml` to install.
2026-02-20 21:51:54,292:WARNING:
'cuml' is a soft dependency and not included in the pycaret installation. Please run: `pip install cuml` to install.
2026-02-20 21:51:54,292:WARNING:
'cuml' is a soft dependency and not included in the pycaret installation. Please run: `pip install cuml` to install.
2026-02-20 21:51:54,965:WARNING:c:\ProgramData\Anaconda3\lib\site-packages\pandas\io\sql.py:762: UserWarning: pandas only support SQLAlchemy connectable(engine/connection) ordatabase string URI or sqlite3 DBAPI2 connectionother DBAPI2 objects are not tested, please consider using SQLAlchemy
  warnings.warn(

2026-02-20 21:51:55,011:WARNING:c:\ProgramData\Anaconda3\lib\site-packages\pandas\io\sql.py:762: UserWarning: pandas only support SQLAlchemy connectable(engine/connection) ordatabase string URI or sqlite3 DBAPI2 connectionother DBAPI2 objects are not tested, please consider using SQLAlchemy
  warnings.warn(

2026-02-20 21:51:55,173:WARNING:c:\ProgramData\Anaconda3\lib\site-packages\pandas\io\sql.py:762: UserWarning: pandas only support SQLAlchemy connectable(engine/connection) ordatabase string URI or sqlite3 DBAPI2 connectionother DBAPI2 objects are not tested, please consider using SQLAlchemy
  warnings.warn(

2026-02-20 21:51:56,762:WARNING:c:\ProgramData\Anaconda3\lib\site-packages\pandas\io\sql.py:762: UserWarning: pandas only support SQLAlchemy connectable(engine/connection) ordatabase string URI or sqlite3 DBAPI2 connectionother DBAPI2 objects are not tested, please consider using SQLAlchemy
  warnings.warn(

2026-02-20 21:51:56,817:WARNING:c:\ProgramData\Anaconda3\lib\site-packages\pandas\io\sql.py:762: UserWarning: pandas only support SQLAlchemy connectable(engine/connection) ordatabase string URI or sqlite3 DBAPI2 connectionother DBAPI2 objects are not tested, please consider using SQLAlchemy
  warnings.warn(

2026-02-20 21:51:57,245:WARNING:c:\ProgramData\Anaconda3\lib\site-packages\pandas\io\sql.py:762: UserWarning: pandas only support SQLAlchemy connectable(engine/connection) ordatabase string URI or sqlite3 DBAPI2 connectionother DBAPI2 objects are not tested, please consider using SQLAlchemy
  warnings.warn(

2026-02-20 21:54:18,473:WARNING:C:\Users\savan\AppData\Local\Temp\ipykernel_12052\912277280.py:7: ClusterWarning: scipy.cluster: The symmetric non-negative hollow observation matrix looks suspiciously like an uncondensed distance matrix
  Z = linkage(gower_sample, method='average')

2026-02-20 22:10:05,610:WARNING:
'cuml' is a soft dependency and not included in the pycaret installation. Please run: `pip install cuml` to install.
2026-02-20 22:10:05,610:WARNING:
'cuml' is a soft dependency and not included in the pycaret installation. Please run: `pip install cuml` to install.
2026-02-20 22:10:05,610:WARNING:
'cuml' is a soft dependency and not included in the pycaret installation. Please run: `pip install cuml` to install.
2026-02-20 22:10:05,610:WARNING:
'cuml' is a soft dependency and not included in the pycaret installation. Please run: `pip install cuml` to install.
2026-02-20 22:10:06,284:WARNING:c:\ProgramData\Anaconda3\lib\site-packages\pandas\io\sql.py:762: UserWarning: pandas only support SQLAlchemy connectable(engine/connection) ordatabase string URI or sqlite3 DBAPI2 connectionother DBAPI2 objects are not tested, please consider using SQLAlchemy
  warnings.warn(

2026-02-20 22:10:06,328:WARNING:c:\ProgramData\Anaconda3\lib\site-packages\pandas\io\sql.py:762: UserWarning: pandas only support SQLAlchemy connectable(engine/connection) ordatabase string URI or sqlite3 DBAPI2 connectionother DBAPI2 objects are not tested, please consider using SQLAlchemy
  warnings.warn(

2026-02-20 22:10:06,476:WARNING:c:\ProgramData\Anaconda3\lib\site-packages\pandas\io\sql.py:762: UserWarning: pandas only support SQLAlchemy connectable(engine/connection) ordatabase string URI or sqlite3 DBAPI2 connectionother DBAPI2 objects are not tested, please consider using SQLAlchemy
  warnings.warn(

2026-02-20 22:10:08,119:WARNING:c:\ProgramData\Anaconda3\lib\site-packages\pandas\io\sql.py:762: UserWarning: pandas only support SQLAlchemy connectable(engine/connection) ordatabase string URI or sqlite3 DBAPI2 connectionother DBAPI2 objects are not tested, please consider using SQLAlchemy
  warnings.warn(

2026-02-20 22:10:08,175:WARNING:c:\ProgramData\Anaconda3\lib\site-packages\pandas\io\sql.py:762: UserWarning: pandas only support SQLAlchemy connectable(engine/connection) ordatabase string URI or sqlite3 DBAPI2 connectionother DBAPI2 objects are not tested, please consider using SQLAlchemy
  warnings.warn(

2026-02-20 22:10:08,720:WARNING:c:\ProgramData\Anaconda3\lib\site-packages\pandas\io\sql.py:762: UserWarning: pandas only support SQLAlchemy connectable(engine/connection) ordatabase string URI or sqlite3 DBAPI2 connectionother DBAPI2 objects are not tested, please consider using SQLAlchemy
  warnings.warn(

2026-02-20 22:12:28,363:WARNING:C:\Users\savan\AppData\Local\Temp\ipykernel_25736\912277280.py:7: ClusterWarning: scipy.cluster: The symmetric non-negative hollow observation matrix looks suspiciously like an uncondensed distance matrix
  Z = linkage(gower_sample, method='average')

2026-02-20 22:51:21,203:WARNING:
'cuml' is a soft dependency and not included in the pycaret installation. Please run: `pip install cuml` to install.
2026-02-20 22:51:21,203:WARNING:
'cuml' is a soft dependency and not included in the pycaret installation. Please run: `pip install cuml` to install.
2026-02-20 22:51:21,203:WARNING:
'cuml' is a soft dependency and not included in the pycaret installation. Please run: `pip install cuml` to install.
2026-02-20 22:51:21,203:WARNING:
'cuml' is a soft dependency and not included in the pycaret installation. Please run: `pip install cuml` to install.
2026-02-20 22:51:24,043:WARNING:c:\ProgramData\Anaconda3\lib\site-packages\pandas\io\sql.py:762: UserWarning: pandas only support SQLAlchemy connectable(engine/connection) ordatabase string URI or sqlite3 DBAPI2 connectionother DBAPI2 objects are not tested, please consider using SQLAlchemy
  warnings.warn(

2026-02-20 22:51:24,088:WARNING:c:\ProgramData\Anaconda3\lib\site-packages\pandas\io\sql.py:762: UserWarning: pandas only support SQLAlchemy connectable(engine/connection) ordatabase string URI or sqlite3 DBAPI2 connectionother DBAPI2 objects are not tested, please consider using SQLAlchemy
  warnings.warn(

2026-02-20 22:51:24,248:WARNING:c:\ProgramData\Anaconda3\lib\site-packages\pandas\io\sql.py:762: UserWarning: pandas only support SQLAlchemy connectable(engine/connection) ordatabase string URI or sqlite3 DBAPI2 connectionother DBAPI2 objects are not tested, please consider using SQLAlchemy
  warnings.warn(

2026-02-20 22:51:25,855:WARNING:c:\ProgramData\Anaconda3\lib\site-packages\pandas\io\sql.py:762: UserWarning: pandas only support SQLAlchemy connectable(engine/connection) ordatabase string URI or sqlite3 DBAPI2 connectionother DBAPI2 objects are not tested, please consider using SQLAlchemy
  warnings.warn(

2026-02-20 22:51:25,906:WARNING:c:\ProgramData\Anaconda3\lib\site-packages\pandas\io\sql.py:762: UserWarning: pandas only support SQLAlchemy connectable(engine/connection) ordatabase string URI or sqlite3 DBAPI2 connectionother DBAPI2 objects are not tested, please consider using SQLAlchemy
  warnings.warn(

2026-02-20 22:51:27,498:WARNING:c:\ProgramData\Anaconda3\lib\site-packages\pandas\io\sql.py:762: UserWarning: pandas only support SQLAlchemy connectable(engine/connection) ordatabase string URI or sqlite3 DBAPI2 connectionother DBAPI2 objects are not tested, please consider using SQLAlchemy
  warnings.warn(

2026-02-20 22:53:36,852:WARNING:C:\Users\savan\AppData\Local\Temp\ipykernel_22844\912277280.py:7: ClusterWarning: scipy.cluster: The symmetric non-negative hollow observation matrix looks suspiciously like an uncondensed distance matrix
  Z = linkage(gower_sample, method='average')

2026-02-20 23:18:02,616:WARNING:
'cuml' is a soft dependency and not included in the pycaret installation. Please run: `pip install cuml` to install.
2026-02-20 23:18:02,616:WARNING:
'cuml' is a soft dependency and not included in the pycaret installation. Please run: `pip install cuml` to install.
2026-02-20 23:18:02,616:WARNING:
'cuml' is a soft dependency and not included in the pycaret installation. Please run: `pip install cuml` to install.
2026-02-20 23:18:02,616:WARNING:
'cuml' is a soft dependency and not included in the pycaret installation. Please run: `pip install cuml` to install.
2026-02-20 23:18:03,304:WARNING:c:\ProgramData\Anaconda3\lib\site-packages\pandas\io\sql.py:762: UserWarning: pandas only support SQLAlchemy connectable(engine/connection) ordatabase string URI or sqlite3 DBAPI2 connectionother DBAPI2 objects are not tested, please consider using SQLAlchemy
  warnings.warn(

2026-02-20 23:18:03,337:WARNING:c:\ProgramData\Anaconda3\lib\site-packages\pandas\io\sql.py:762: UserWarning: pandas only support SQLAlchemy connectable(engine/connection) ordatabase string URI or sqlite3 DBAPI2 connectionother DBAPI2 objects are not tested, please consider using SQLAlchemy
  warnings.warn(

2026-02-20 23:18:03,481:WARNING:c:\ProgramData\Anaconda3\lib\site-packages\pandas\io\sql.py:762: UserWarning: pandas only support SQLAlchemy connectable(engine/connection) ordatabase string URI or sqlite3 DBAPI2 connectionother DBAPI2 objects are not tested, please consider using SQLAlchemy
  warnings.warn(

2026-02-20 23:18:05,037:WARNING:c:\ProgramData\Anaconda3\lib\site-packages\pandas\io\sql.py:762: UserWarning: pandas only support SQLAlchemy connectable(engine/connection) ordatabase string URI or sqlite3 DBAPI2 connectionother DBAPI2 objects are not tested, please consider using SQLAlchemy
  warnings.warn(

2026-02-20 23:18:05,072:WARNING:c:\ProgramData\Anaconda3\lib\site-packages\pandas\io\sql.py:762: UserWarning: pandas only support SQLAlchemy connectable(engine/connection) ordatabase string URI or sqlite3 DBAPI2 connectionother DBAPI2 objects are not tested, please consider using SQLAlchemy
  warnings.warn(

2026-02-20 23:18:06,408:WARNING:c:\ProgramData\Anaconda3\lib\site-packages\pandas\io\sql.py:762: UserWarning: pandas only support SQLAlchemy connectable(engine/connection) ordatabase string URI or sqlite3 DBAPI2 connectionother DBAPI2 objects are not tested, please consider using SQLAlchemy
  warnings.warn(

2026-02-20 23:20:13,106:WARNING:C:\Users\savan\AppData\Local\Temp\ipykernel_21436\912277280.py:7: ClusterWarning: scipy.cluster: The symmetric non-negative hollow observation matrix looks suspiciously like an uncondensed distance matrix
  Z = linkage(gower_sample, method='average')

2026-02-20 23:44:02,730:WARNING:c:\ProgramData\Anaconda3\lib\site-packages\pandas\io\sql.py:762: UserWarning: pandas only support SQLAlchemy connectable(engine/connection) ordatabase string URI or sqlite3 DBAPI2 connectionother DBAPI2 objects are not tested, please consider using SQLAlchemy
  warnings.warn(

2026-02-20 23:44:02,831:WARNING:c:\ProgramData\Anaconda3\lib\site-packages\pandas\io\sql.py:762: UserWarning: pandas only support SQLAlchemy connectable(engine/connection) ordatabase string URI or sqlite3 DBAPI2 connectionother DBAPI2 objects are not tested, please consider using SQLAlchemy
  warnings.warn(

2026-02-20 23:44:02,939:WARNING:c:\ProgramData\Anaconda3\lib\site-packages\pandas\io\sql.py:762: UserWarning: pandas only support SQLAlchemy connectable(engine/connection) ordatabase string URI or sqlite3 DBAPI2 connectionother DBAPI2 objects are not tested, please consider using SQLAlchemy
  warnings.warn(

2026-02-20 23:44:04,719:WARNING:c:\ProgramData\Anaconda3\lib\site-packages\pandas\io\sql.py:762: UserWarning: pandas only support SQLAlchemy connectable(engine/connection) ordatabase string URI or sqlite3 DBAPI2 connectionother DBAPI2 objects are not tested, please consider using SQLAlchemy
  warnings.warn(

2026-02-20 23:44:04,787:WARNING:c:\ProgramData\Anaconda3\lib\site-packages\pandas\io\sql.py:762: UserWarning: pandas only support SQLAlchemy connectable(engine/connection) ordatabase string URI or sqlite3 DBAPI2 connectionother DBAPI2 objects are not tested, please consider using SQLAlchemy
  warnings.warn(

2026-02-20 23:46:07,795:WARNING:c:\ProgramData\Anaconda3\lib\site-packages\pandas\io\sql.py:762: UserWarning: pandas only support SQLAlchemy connectable(engine/connection) ordatabase string URI or sqlite3 DBAPI2 connectionother DBAPI2 objects are not tested, please consider using SQLAlchemy
  warnings.warn(

2026-02-20 23:46:07,844:WARNING:c:\ProgramData\Anaconda3\lib\site-packages\pandas\io\sql.py:762: UserWarning: pandas only support SQLAlchemy connectable(engine/connection) ordatabase string URI or sqlite3 DBAPI2 connectionother DBAPI2 objects are not tested, please consider using SQLAlchemy
  warnings.warn(

2026-02-20 23:46:07,924:WARNING:c:\ProgramData\Anaconda3\lib\site-packages\pandas\io\sql.py:762: UserWarning: pandas only support SQLAlchemy connectable(engine/connection) ordatabase string URI or sqlite3 DBAPI2 connectionother DBAPI2 objects are not tested, please consider using SQLAlchemy
  warnings.warn(

2026-02-20 23:46:09,635:WARNING:c:\ProgramData\Anaconda3\lib\site-packages\pandas\io\sql.py:762: UserWarning: pandas only support SQLAlchemy connectable(engine/connection) ordatabase string URI or sqlite3 DBAPI2 connectionother DBAPI2 objects are not tested, please consider using SQLAlchemy
  warnings.warn(

2026-02-20 23:46:09,687:WARNING:c:\ProgramData\Anaconda3\lib\site-packages\pandas\io\sql.py:762: UserWarning: pandas only support SQLAlchemy connectable(engine/connection) ordatabase string URI or sqlite3 DBAPI2 connectionother DBAPI2 objects are not tested, please consider using SQLAlchemy
  warnings.warn(

2026-02-20 23:46:11,116:WARNING:c:\ProgramData\Anaconda3\lib\site-packages\pandas\io\sql.py:762: UserWarning: pandas only support SQLAlchemy connectable(engine/connection) ordatabase string URI or sqlite3 DBAPI2 connectionother DBAPI2 objects are not tested, please consider using SQLAlchemy
  warnings.warn(

2026-02-20 23:48:24,854:WARNING:C:\Users\savan\AppData\Local\Temp\ipykernel_21436\912277280.py:7: ClusterWarning: scipy.cluster: The symmetric non-negative hollow observation matrix looks suspiciously like an uncondensed distance matrix
  Z = linkage(gower_sample, method='average')

2026-02-25 21:34:59,211:WARNING:
'cuml' is a soft dependency and not included in the pycaret installation. Please run: `pip install cuml` to install.
2026-02-25 21:34:59,212:WARNING:
'cuml' is a soft dependency and not included in the pycaret installation. Please run: `pip install cuml` to install.
2026-02-25 21:34:59,212:WARNING:
'cuml' is a soft dependency and not included in the pycaret installation. Please run: `pip install cuml` to install.
2026-02-25 21:34:59,212:WARNING:
'cuml' is a soft dependency and not included in the pycaret installation. Please run: `pip install cuml` to install.
2026-02-25 21:35:03,483:WARNING:c:\ProgramData\Anaconda3\lib\site-packages\pandas\io\sql.py:762: UserWarning: pandas only support SQLAlchemy connectable(engine/connection) ordatabase string URI or sqlite3 DBAPI2 connectionother DBAPI2 objects are not tested, please consider using SQLAlchemy
  warnings.warn(

2026-02-25 21:35:03,614:WARNING:c:\ProgramData\Anaconda3\lib\site-packages\pandas\io\sql.py:762: UserWarning: pandas only support SQLAlchemy connectable(engine/connection) ordatabase string URI or sqlite3 DBAPI2 connectionother DBAPI2 objects are not tested, please consider using SQLAlchemy
  warnings.warn(

2026-02-25 21:35:03,774:WARNING:c:\ProgramData\Anaconda3\lib\site-packages\pandas\io\sql.py:762: UserWarning: pandas only support SQLAlchemy connectable(engine/connection) ordatabase string URI or sqlite3 DBAPI2 connectionother DBAPI2 objects are not tested, please consider using SQLAlchemy
  warnings.warn(

2026-02-25 21:35:05,793:WARNING:c:\ProgramData\Anaconda3\lib\site-packages\pandas\io\sql.py:762: UserWarning: pandas only support SQLAlchemy connectable(engine/connection) ordatabase string URI or sqlite3 DBAPI2 connectionother DBAPI2 objects are not tested, please consider using SQLAlchemy
  warnings.warn(

2026-02-25 21:35:05,862:WARNING:c:\ProgramData\Anaconda3\lib\site-packages\pandas\io\sql.py:762: UserWarning: pandas only support SQLAlchemy connectable(engine/connection) ordatabase string URI or sqlite3 DBAPI2 connectionother DBAPI2 objects are not tested, please consider using SQLAlchemy
  warnings.warn(

2026-02-25 21:35:07,662:WARNING:c:\ProgramData\Anaconda3\lib\site-packages\pandas\io\sql.py:762: UserWarning: pandas only support SQLAlchemy connectable(engine/connection) ordatabase string URI or sqlite3 DBAPI2 connectionother DBAPI2 objects are not tested, please consider using SQLAlchemy
  warnings.warn(

2026-02-25 21:37:23,908:WARNING:C:\Users\savan\AppData\Local\Temp\ipykernel_32816\912277280.py:7: ClusterWarning: scipy.cluster: The symmetric non-negative hollow observation matrix looks suspiciously like an uncondensed distance matrix
  Z = linkage(gower_sample, method='average')

2026-02-25 21:53:15,598:WARNING:c:\ProgramData\Anaconda3\lib\site-packages\pandas\io\sql.py:762: UserWarning: pandas only support SQLAlchemy connectable(engine/connection) ordatabase string URI or sqlite3 DBAPI2 connectionother DBAPI2 objects are not tested, please consider using SQLAlchemy
  warnings.warn(

2026-02-25 21:53:15,660:WARNING:c:\ProgramData\Anaconda3\lib\site-packages\pandas\io\sql.py:762: UserWarning: pandas only support SQLAlchemy connectable(engine/connection) ordatabase string URI or sqlite3 DBAPI2 connectionother DBAPI2 objects are not tested, please consider using SQLAlchemy
  warnings.warn(

2026-02-25 21:53:15,759:WARNING:c:\ProgramData\Anaconda3\lib\site-packages\pandas\io\sql.py:762: UserWarning: pandas only support SQLAlchemy connectable(engine/connection) ordatabase string URI or sqlite3 DBAPI2 connectionother DBAPI2 objects are not tested, please consider using SQLAlchemy
  warnings.warn(

2026-02-25 21:53:17,814:WARNING:c:\ProgramData\Anaconda3\lib\site-packages\pandas\io\sql.py:762: UserWarning: pandas only support SQLAlchemy connectable(engine/connection) ordatabase string URI or sqlite3 DBAPI2 connectionother DBAPI2 objects are not tested, please consider using SQLAlchemy
  warnings.warn(

2026-02-25 21:53:17,863:WARNING:c:\ProgramData\Anaconda3\lib\site-packages\pandas\io\sql.py:762: UserWarning: pandas only support SQLAlchemy connectable(engine/connection) ordatabase string URI or sqlite3 DBAPI2 connectionother DBAPI2 objects are not tested, please consider using SQLAlchemy
  warnings.warn(

2026-02-25 21:53:19,330:WARNING:c:\ProgramData\Anaconda3\lib\site-packages\pandas\io\sql.py:762: UserWarning: pandas only support SQLAlchemy connectable(engine/connection) ordatabase string URI or sqlite3 DBAPI2 connectionother DBAPI2 objects are not tested, please consider using SQLAlchemy
  warnings.warn(

2026-02-25 21:55:55,089:WARNING:C:\Users\savan\AppData\Local\Temp\ipykernel_32816\912277280.py:7: ClusterWarning: scipy.cluster: The symmetric non-negative hollow observation matrix looks suspiciously like an uncondensed distance matrix
  Z = linkage(gower_sample, method='average')

2026-02-25 22:01:04,678:WARNING:c:\ProgramData\Anaconda3\lib\site-packages\pandas\io\sql.py:762: UserWarning: pandas only support SQLAlchemy connectable(engine/connection) ordatabase string URI or sqlite3 DBAPI2 connectionother DBAPI2 objects are not tested, please consider using SQLAlchemy
  warnings.warn(

2026-02-25 22:01:04,724:WARNING:c:\ProgramData\Anaconda3\lib\site-packages\pandas\io\sql.py:762: UserWarning: pandas only support SQLAlchemy connectable(engine/connection) ordatabase string URI or sqlite3 DBAPI2 connectionother DBAPI2 objects are not tested, please consider using SQLAlchemy
  warnings.warn(

2026-02-25 22:01:04,804:WARNING:c:\ProgramData\Anaconda3\lib\site-packages\pandas\io\sql.py:762: UserWarning: pandas only support SQLAlchemy connectable(engine/connection) ordatabase string URI or sqlite3 DBAPI2 connectionother DBAPI2 objects are not tested, please consider using SQLAlchemy
  warnings.warn(

2026-02-25 22:01:06,495:WARNING:c:\ProgramData\Anaconda3\lib\site-packages\pandas\io\sql.py:762: UserWarning: pandas only support SQLAlchemy connectable(engine/connection) ordatabase string URI or sqlite3 DBAPI2 connectionother DBAPI2 objects are not tested, please consider using SQLAlchemy
  warnings.warn(

2026-02-25 22:01:06,517:WARNING:c:\ProgramData\Anaconda3\lib\site-packages\pandas\io\sql.py:762: UserWarning: pandas only support SQLAlchemy connectable(engine/connection) ordatabase string URI or sqlite3 DBAPI2 connectionother DBAPI2 objects are not tested, please consider using SQLAlchemy
  warnings.warn(

2026-02-25 22:01:07,912:WARNING:c:\ProgramData\Anaconda3\lib\site-packages\pandas\io\sql.py:762: UserWarning: pandas only support SQLAlchemy connectable(engine/connection) ordatabase string URI or sqlite3 DBAPI2 connectionother DBAPI2 objects are not tested, please consider using SQLAlchemy
  warnings.warn(

2026-02-25 22:03:24,539:WARNING:C:\Users\savan\AppData\Local\Temp\ipykernel_32816\912277280.py:7: ClusterWarning: scipy.cluster: The symmetric non-negative hollow observation matrix looks suspiciously like an uncondensed distance matrix
  Z = linkage(gower_sample, method='average')

2026-02-25 22:57:01,348:WARNING:
'cuml' is a soft dependency and not included in the pycaret installation. Please run: `pip install cuml` to install.
2026-02-25 22:57:01,349:WARNING:
'cuml' is a soft dependency and not included in the pycaret installation. Please run: `pip install cuml` to install.
2026-02-25 22:57:01,349:WARNING:
'cuml' is a soft dependency and not included in the pycaret installation. Please run: `pip install cuml` to install.
2026-02-25 22:57:01,349:WARNING:
'cuml' is a soft dependency and not included in the pycaret installation. Please run: `pip install cuml` to install.
2026-02-25 22:57:03,393:WARNING:c:\ProgramData\Anaconda3\lib\site-packages\pandas\io\sql.py:762: UserWarning: pandas only support SQLAlchemy connectable(engine/connection) ordatabase string URI or sqlite3 DBAPI2 connectionother DBAPI2 objects are not tested, please consider using SQLAlchemy
  warnings.warn(

2026-02-25 22:57:03,481:WARNING:c:\ProgramData\Anaconda3\lib\site-packages\pandas\io\sql.py:762: UserWarning: pandas only support SQLAlchemy connectable(engine/connection) ordatabase string URI or sqlite3 DBAPI2 connectionother DBAPI2 objects are not tested, please consider using SQLAlchemy
  warnings.warn(

2026-02-25 22:57:03,786:WARNING:c:\ProgramData\Anaconda3\lib\site-packages\pandas\io\sql.py:762: UserWarning: pandas only support SQLAlchemy connectable(engine/connection) ordatabase string URI or sqlite3 DBAPI2 connectionother DBAPI2 objects are not tested, please consider using SQLAlchemy
  warnings.warn(

2026-02-25 22:57:08,905:WARNING:c:\ProgramData\Anaconda3\lib\site-packages\pandas\io\sql.py:762: UserWarning: pandas only support SQLAlchemy connectable(engine/connection) ordatabase string URI or sqlite3 DBAPI2 connectionother DBAPI2 objects are not tested, please consider using SQLAlchemy
  warnings.warn(

2026-02-25 22:57:08,970:WARNING:c:\ProgramData\Anaconda3\lib\site-packages\pandas\io\sql.py:762: UserWarning: pandas only support SQLAlchemy connectable(engine/connection) ordatabase string URI or sqlite3 DBAPI2 connectionother DBAPI2 objects are not tested, please consider using SQLAlchemy
  warnings.warn(

2026-02-25 22:57:13,336:WARNING:C:\Users\savan\AppData\Local\Temp\ipykernel_17992\4086773308.py:1: FutureWarning: Treating datetime data as categorical rather than numeric in `.describe` is deprecated and will be removed in a future version of pandas. Specify `datetime_is_numeric=True` to silence this warning and adopt the future behavior now.
  loan_cashflow_df.describe()

2026-02-25 22:57:16,953:WARNING:c:\ProgramData\Anaconda3\lib\site-packages\pandas\io\sql.py:762: UserWarning: pandas only support SQLAlchemy connectable(engine/connection) ordatabase string URI or sqlite3 DBAPI2 connectionother DBAPI2 objects are not tested, please consider using SQLAlchemy
  warnings.warn(

2026-02-25 23:02:09,543:WARNING:C:\Users\savan\AppData\Local\Temp\ipykernel_17992\912277280.py:7: ClusterWarning: scipy.cluster: The symmetric non-negative hollow observation matrix looks suspiciously like an uncondensed distance matrix
  Z = linkage(gower_sample, method='average')

2026-02-25 23:15:10,216:WARNING:c:\ProgramData\Anaconda3\lib\site-packages\pandas\io\sql.py:762: UserWarning: pandas only support SQLAlchemy connectable(engine/connection) ordatabase string URI or sqlite3 DBAPI2 connectionother DBAPI2 objects are not tested, please consider using SQLAlchemy
  warnings.warn(

2026-02-25 23:15:10,276:WARNING:c:\ProgramData\Anaconda3\lib\site-packages\pandas\io\sql.py:762: UserWarning: pandas only support SQLAlchemy connectable(engine/connection) ordatabase string URI or sqlite3 DBAPI2 connectionother DBAPI2 objects are not tested, please consider using SQLAlchemy
  warnings.warn(

2026-02-25 23:15:10,377:WARNING:c:\ProgramData\Anaconda3\lib\site-packages\pandas\io\sql.py:762: UserWarning: pandas only support SQLAlchemy connectable(engine/connection) ordatabase string URI or sqlite3 DBAPI2 connectionother DBAPI2 objects are not tested, please consider using SQLAlchemy
  warnings.warn(

2026-02-25 23:15:12,421:WARNING:c:\ProgramData\Anaconda3\lib\site-packages\pandas\io\sql.py:762: UserWarning: pandas only support SQLAlchemy connectable(engine/connection) ordatabase string URI or sqlite3 DBAPI2 connectionother DBAPI2 objects are not tested, please consider using SQLAlchemy
  warnings.warn(

2026-02-25 23:15:12,484:WARNING:c:\ProgramData\Anaconda3\lib\site-packages\pandas\io\sql.py:762: UserWarning: pandas only support SQLAlchemy connectable(engine/connection) ordatabase string URI or sqlite3 DBAPI2 connectionother DBAPI2 objects are not tested, please consider using SQLAlchemy
  warnings.warn(

2026-02-25 23:15:13,323:WARNING:C:\Users\savan\AppData\Local\Temp\ipykernel_17992\4086773308.py:1: FutureWarning: Treating datetime data as categorical rather than numeric in `.describe` is deprecated and will be removed in a future version of pandas. Specify `datetime_is_numeric=True` to silence this warning and adopt the future behavior now.
  loan_cashflow_df.describe()

2026-02-25 23:15:14,506:WARNING:c:\ProgramData\Anaconda3\lib\site-packages\pandas\io\sql.py:762: UserWarning: pandas only support SQLAlchemy connectable(engine/connection) ordatabase string URI or sqlite3 DBAPI2 connectionother DBAPI2 objects are not tested, please consider using SQLAlchemy
  warnings.warn(

2026-02-25 23:15:53,200:WARNING:c:\ProgramData\Anaconda3\lib\site-packages\pandas\io\sql.py:762: UserWarning: pandas only support SQLAlchemy connectable(engine/connection) ordatabase string URI or sqlite3 DBAPI2 connectionother DBAPI2 objects are not tested, please consider using SQLAlchemy
  warnings.warn(

2026-02-25 23:15:53,264:WARNING:c:\ProgramData\Anaconda3\lib\site-packages\pandas\io\sql.py:762: UserWarning: pandas only support SQLAlchemy connectable(engine/connection) ordatabase string URI or sqlite3 DBAPI2 connectionother DBAPI2 objects are not tested, please consider using SQLAlchemy
  warnings.warn(

2026-02-25 23:15:53,344:WARNING:c:\ProgramData\Anaconda3\lib\site-packages\pandas\io\sql.py:762: UserWarning: pandas only support SQLAlchemy connectable(engine/connection) ordatabase string URI or sqlite3 DBAPI2 connectionother DBAPI2 objects are not tested, please consider using SQLAlchemy
  warnings.warn(

2026-02-25 23:15:55,309:WARNING:c:\ProgramData\Anaconda3\lib\site-packages\pandas\io\sql.py:762: UserWarning: pandas only support SQLAlchemy connectable(engine/connection) ordatabase string URI or sqlite3 DBAPI2 connectionother DBAPI2 objects are not tested, please consider using SQLAlchemy
  warnings.warn(

2026-02-25 23:15:55,333:WARNING:c:\ProgramData\Anaconda3\lib\site-packages\pandas\io\sql.py:762: UserWarning: pandas only support SQLAlchemy connectable(engine/connection) ordatabase string URI or sqlite3 DBAPI2 connectionother DBAPI2 objects are not tested, please consider using SQLAlchemy
  warnings.warn(

2026-02-25 23:17:03,897:WARNING:
'cuml' is a soft dependency and not included in the pycaret installation. Please run: `pip install cuml` to install.
2026-02-25 23:17:03,897:WARNING:
'cuml' is a soft dependency and not included in the pycaret installation. Please run: `pip install cuml` to install.
2026-02-25 23:17:03,897:WARNING:
'cuml' is a soft dependency and not included in the pycaret installation. Please run: `pip install cuml` to install.
2026-02-25 23:17:03,897:WARNING:
'cuml' is a soft dependency and not included in the pycaret installation. Please run: `pip install cuml` to install.
2026-02-25 23:17:10,295:WARNING:c:\ProgramData\Anaconda3\lib\site-packages\pandas\io\sql.py:762: UserWarning: pandas only support SQLAlchemy connectable(engine/connection) ordatabase string URI or sqlite3 DBAPI2 connectionother DBAPI2 objects are not tested, please consider using SQLAlchemy
  warnings.warn(

2026-02-25 23:17:10,352:WARNING:c:\ProgramData\Anaconda3\lib\site-packages\pandas\io\sql.py:762: UserWarning: pandas only support SQLAlchemy connectable(engine/connection) ordatabase string URI or sqlite3 DBAPI2 connectionother DBAPI2 objects are not tested, please consider using SQLAlchemy
  warnings.warn(

2026-02-25 23:17:10,544:WARNING:c:\ProgramData\Anaconda3\lib\site-packages\pandas\io\sql.py:762: UserWarning: pandas only support SQLAlchemy connectable(engine/connection) ordatabase string URI or sqlite3 DBAPI2 connectionother DBAPI2 objects are not tested, please consider using SQLAlchemy
  warnings.warn(

2026-02-25 23:17:12,939:WARNING:c:\ProgramData\Anaconda3\lib\site-packages\pandas\io\sql.py:762: UserWarning: pandas only support SQLAlchemy connectable(engine/connection) ordatabase string URI or sqlite3 DBAPI2 connectionother DBAPI2 objects are not tested, please consider using SQLAlchemy
  warnings.warn(

2026-02-25 23:17:12,991:WARNING:c:\ProgramData\Anaconda3\lib\site-packages\pandas\io\sql.py:762: UserWarning: pandas only support SQLAlchemy connectable(engine/connection) ordatabase string URI or sqlite3 DBAPI2 connectionother DBAPI2 objects are not tested, please consider using SQLAlchemy
  warnings.warn(

2026-02-25 23:19:51,671:WARNING:c:\ProgramData\Anaconda3\lib\site-packages\pandas\io\sql.py:762: UserWarning: pandas only support SQLAlchemy connectable(engine/connection) ordatabase string URI or sqlite3 DBAPI2 connectionother DBAPI2 objects are not tested, please consider using SQLAlchemy
  warnings.warn(

2026-02-25 23:19:51,755:WARNING:c:\ProgramData\Anaconda3\lib\site-packages\pandas\io\sql.py:762: UserWarning: pandas only support SQLAlchemy connectable(engine/connection) ordatabase string URI or sqlite3 DBAPI2 connectionother DBAPI2 objects are not tested, please consider using SQLAlchemy
  warnings.warn(

2026-02-25 23:19:51,852:WARNING:c:\ProgramData\Anaconda3\lib\site-packages\pandas\io\sql.py:762: UserWarning: pandas only support SQLAlchemy connectable(engine/connection) ordatabase string URI or sqlite3 DBAPI2 connectionother DBAPI2 objects are not tested, please consider using SQLAlchemy
  warnings.warn(

2026-02-25 23:19:53,865:WARNING:c:\ProgramData\Anaconda3\lib\site-packages\pandas\io\sql.py:762: UserWarning: pandas only support SQLAlchemy connectable(engine/connection) ordatabase string URI or sqlite3 DBAPI2 connectionother DBAPI2 objects are not tested, please consider using SQLAlchemy
  warnings.warn(

2026-02-25 23:19:53,908:WARNING:c:\ProgramData\Anaconda3\lib\site-packages\pandas\io\sql.py:762: UserWarning: pandas only support SQLAlchemy connectable(engine/connection) ordatabase string URI or sqlite3 DBAPI2 connectionother DBAPI2 objects are not tested, please consider using SQLAlchemy
  warnings.warn(

2026-02-25 23:19:54,712:WARNING:C:\Users\savan\AppData\Local\Temp\ipykernel_18224\4086773308.py:1: FutureWarning: Treating datetime data as categorical rather than numeric in `.describe` is deprecated and will be removed in a future version of pandas. Specify `datetime_is_numeric=True` to silence this warning and adopt the future behavior now.
  loan_cashflow_df.describe()

2026-02-25 23:19:55,972:WARNING:c:\ProgramData\Anaconda3\lib\site-packages\pandas\io\sql.py:762: UserWarning: pandas only support SQLAlchemy connectable(engine/connection) ordatabase string URI or sqlite3 DBAPI2 connectionother DBAPI2 objects are not tested, please consider using SQLAlchemy
  warnings.warn(

2026-02-25 23:22:52,508:WARNING:C:\Users\savan\AppData\Local\Temp\ipykernel_18224\912277280.py:7: ClusterWarning: scipy.cluster: The symmetric non-negative hollow observation matrix looks suspiciously like an uncondensed distance matrix
  Z = linkage(gower_sample, method='average')

2026-02-26 22:54:32,031:WARNING:
'cuml' is a soft dependency and not included in the pycaret installation. Please run: `pip install cuml` to install.
2026-02-26 22:54:32,032:WARNING:
'cuml' is a soft dependency and not included in the pycaret installation. Please run: `pip install cuml` to install.
2026-02-26 22:54:32,032:WARNING:
'cuml' is a soft dependency and not included in the pycaret installation. Please run: `pip install cuml` to install.
2026-02-26 22:54:32,032:WARNING:
'cuml' is a soft dependency and not included in the pycaret installation. Please run: `pip install cuml` to install.
2026-02-26 22:54:36,273:WARNING:c:\ProgramData\Anaconda3\lib\site-packages\pandas\io\sql.py:762: UserWarning: pandas only support SQLAlchemy connectable(engine/connection) ordatabase string URI or sqlite3 DBAPI2 connectionother DBAPI2 objects are not tested, please consider using SQLAlchemy
  warnings.warn(

2026-02-26 22:54:36,448:WARNING:c:\ProgramData\Anaconda3\lib\site-packages\pandas\io\sql.py:762: UserWarning: pandas only support SQLAlchemy connectable(engine/connection) ordatabase string URI or sqlite3 DBAPI2 connectionother DBAPI2 objects are not tested, please consider using SQLAlchemy
  warnings.warn(

2026-02-26 22:54:36,626:WARNING:c:\ProgramData\Anaconda3\lib\site-packages\pandas\io\sql.py:762: UserWarning: pandas only support SQLAlchemy connectable(engine/connection) ordatabase string URI or sqlite3 DBAPI2 connectionother DBAPI2 objects are not tested, please consider using SQLAlchemy
  warnings.warn(

2026-02-26 22:54:38,453:WARNING:c:\ProgramData\Anaconda3\lib\site-packages\pandas\io\sql.py:762: UserWarning: pandas only support SQLAlchemy connectable(engine/connection) ordatabase string URI or sqlite3 DBAPI2 connectionother DBAPI2 objects are not tested, please consider using SQLAlchemy
  warnings.warn(

2026-02-26 22:54:38,531:WARNING:c:\ProgramData\Anaconda3\lib\site-packages\pandas\io\sql.py:762: UserWarning: pandas only support SQLAlchemy connectable(engine/connection) ordatabase string URI or sqlite3 DBAPI2 connectionother DBAPI2 objects are not tested, please consider using SQLAlchemy
  warnings.warn(

2026-02-26 22:54:39,250:WARNING:C:\Users\savan\AppData\Local\Temp\ipykernel_26788\4086773308.py:1: FutureWarning: Treating datetime data as categorical rather than numeric in `.describe` is deprecated and will be removed in a future version of pandas. Specify `datetime_is_numeric=True` to silence this warning and adopt the future behavior now.
  loan_cashflow_df.describe()

2026-02-26 22:54:40,690:WARNING:c:\ProgramData\Anaconda3\lib\site-packages\pandas\io\sql.py:762: UserWarning: pandas only support SQLAlchemy connectable(engine/connection) ordatabase string URI or sqlite3 DBAPI2 connectionother DBAPI2 objects are not tested, please consider using SQLAlchemy
  warnings.warn(

2026-02-26 23:32:55,862:WARNING:
'cuml' is a soft dependency and not included in the pycaret installation. Please run: `pip install cuml` to install.
2026-02-26 23:32:55,862:WARNING:
'cuml' is a soft dependency and not included in the pycaret installation. Please run: `pip install cuml` to install.
2026-02-26 23:32:55,862:WARNING:
'cuml' is a soft dependency and not included in the pycaret installation. Please run: `pip install cuml` to install.
2026-02-26 23:32:55,863:WARNING:
'cuml' is a soft dependency and not included in the pycaret installation. Please run: `pip install cuml` to install.
2026-02-26 23:32:59,515:WARNING:c:\ProgramData\Anaconda3\lib\site-packages\pandas\io\sql.py:762: UserWarning: pandas only support SQLAlchemy connectable(engine/connection) ordatabase string URI or sqlite3 DBAPI2 connectionother DBAPI2 objects are not tested, please consider using SQLAlchemy
  warnings.warn(

2026-02-26 23:32:59,594:WARNING:c:\ProgramData\Anaconda3\lib\site-packages\pandas\io\sql.py:762: UserWarning: pandas only support SQLAlchemy connectable(engine/connection) ordatabase string URI or sqlite3 DBAPI2 connectionother DBAPI2 objects are not tested, please consider using SQLAlchemy
  warnings.warn(

2026-02-26 23:32:59,921:WARNING:c:\ProgramData\Anaconda3\lib\site-packages\pandas\io\sql.py:762: UserWarning: pandas only support SQLAlchemy connectable(engine/connection) ordatabase string URI or sqlite3 DBAPI2 connectionother DBAPI2 objects are not tested, please consider using SQLAlchemy
  warnings.warn(

2026-02-26 23:33:03,450:WARNING:c:\ProgramData\Anaconda3\lib\site-packages\pandas\io\sql.py:762: UserWarning: pandas only support SQLAlchemy connectable(engine/connection) ordatabase string URI or sqlite3 DBAPI2 connectionother DBAPI2 objects are not tested, please consider using SQLAlchemy
  warnings.warn(

2026-02-26 23:33:03,513:WARNING:c:\ProgramData\Anaconda3\lib\site-packages\pandas\io\sql.py:762: UserWarning: pandas only support SQLAlchemy connectable(engine/connection) ordatabase string URI or sqlite3 DBAPI2 connectionother DBAPI2 objects are not tested, please consider using SQLAlchemy
  warnings.warn(

2026-02-26 23:33:04,824:WARNING:C:\Users\savan\AppData\Local\Temp\ipykernel_12336\4086773308.py:1: FutureWarning: Treating datetime data as categorical rather than numeric in `.describe` is deprecated and will be removed in a future version of pandas. Specify `datetime_is_numeric=True` to silence this warning and adopt the future behavior now.
  loan_cashflow_df.describe()

2026-02-26 23:33:07,246:WARNING:c:\ProgramData\Anaconda3\lib\site-packages\pandas\io\sql.py:762: UserWarning: pandas only support SQLAlchemy connectable(engine/connection) ordatabase string URI or sqlite3 DBAPI2 connectionother DBAPI2 objects are not tested, please consider using SQLAlchemy
  warnings.warn(

2026-02-26 23:33:13,692:WARNING:C:\Users\savan\AppData\Roaming\Python\Python39\site-packages\sklearn\base.py:493: UserWarning: X does not have valid feature names, but LogisticRegression was fitted with feature names
  warnings.warn(

2026-02-26 23:54:18,545:WARNING:c:\ProgramData\Anaconda3\lib\site-packages\pandas\core\arrays\datetimelike.py:1189: PerformanceWarning: Adding/subtracting object-dtype array to DatetimeArray not vectorized.
  warnings.warn(

2026-02-27 00:01:54,856:WARNING:C:\Users\savan\AppData\Roaming\Python\Python39\site-packages\sklearn\base.py:493: UserWarning: X does not have valid feature names, but LogisticRegression was fitted with feature names
  warnings.warn(

2026-02-27 00:23:03,709:WARNING:C:\Users\savan\AppData\Roaming\Python\Python39\site-packages\sklearn\base.py:493: UserWarning: X does not have valid feature names, but LogisticRegression was fitted with feature names
  warnings.warn(

2026-02-27 00:27:48,650:WARNING:
'cuml' is a soft dependency and not included in the pycaret installation. Please run: `pip install cuml` to install.
2026-02-27 00:27:48,650:WARNING:
'cuml' is a soft dependency and not included in the pycaret installation. Please run: `pip install cuml` to install.
2026-02-27 00:27:48,650:WARNING:
'cuml' is a soft dependency and not included in the pycaret installation. Please run: `pip install cuml` to install.
2026-02-27 00:27:48,650:WARNING:
'cuml' is a soft dependency and not included in the pycaret installation. Please run: `pip install cuml` to install.
2026-02-27 00:27:49,957:WARNING:c:\ProgramData\Anaconda3\lib\site-packages\pandas\io\sql.py:762: UserWarning: pandas only support SQLAlchemy connectable(engine/connection) ordatabase string URI or sqlite3 DBAPI2 connectionother DBAPI2 objects are not tested, please consider using SQLAlchemy
  warnings.warn(

2026-02-27 00:27:50,000:WARNING:c:\ProgramData\Anaconda3\lib\site-packages\pandas\io\sql.py:762: UserWarning: pandas only support SQLAlchemy connectable(engine/connection) ordatabase string URI or sqlite3 DBAPI2 connectionother DBAPI2 objects are not tested, please consider using SQLAlchemy
  warnings.warn(

2026-02-27 00:27:50,153:WARNING:c:\ProgramData\Anaconda3\lib\site-packages\pandas\io\sql.py:762: UserWarning: pandas only support SQLAlchemy connectable(engine/connection) ordatabase string URI or sqlite3 DBAPI2 connectionother DBAPI2 objects are not tested, please consider using SQLAlchemy
  warnings.warn(

2026-02-27 00:27:51,696:WARNING:c:\ProgramData\Anaconda3\lib\site-packages\pandas\io\sql.py:762: UserWarning: pandas only support SQLAlchemy connectable(engine/connection) ordatabase string URI or sqlite3 DBAPI2 connectionother DBAPI2 objects are not tested, please consider using SQLAlchemy
  warnings.warn(

2026-02-27 00:27:51,772:WARNING:c:\ProgramData\Anaconda3\lib\site-packages\pandas\io\sql.py:762: UserWarning: pandas only support SQLAlchemy connectable(engine/connection) ordatabase string URI or sqlite3 DBAPI2 connectionother DBAPI2 objects are not tested, please consider using SQLAlchemy
  warnings.warn(

2026-02-27 00:27:52,464:WARNING:C:\Users\savan\AppData\Local\Temp\ipykernel_23704\4086773308.py:1: FutureWarning: Treating datetime data as categorical rather than numeric in `.describe` is deprecated and will be removed in a future version of pandas. Specify `datetime_is_numeric=True` to silence this warning and adopt the future behavior now.
  loan_cashflow_df.describe()

2026-02-27 00:27:53,541:WARNING:c:\ProgramData\Anaconda3\lib\site-packages\pandas\io\sql.py:762: UserWarning: pandas only support SQLAlchemy connectable(engine/connection) ordatabase string URI or sqlite3 DBAPI2 connectionother DBAPI2 objects are not tested, please consider using SQLAlchemy
  warnings.warn(

2026-02-27 00:32:06,104:WARNING:c:\ProgramData\Anaconda3\lib\site-packages\pandas\io\sql.py:762: UserWarning: pandas only support SQLAlchemy connectable(engine/connection) ordatabase string URI or sqlite3 DBAPI2 connectionother DBAPI2 objects are not tested, please consider using SQLAlchemy
  warnings.warn(

2026-02-27 00:32:06,154:WARNING:c:\ProgramData\Anaconda3\lib\site-packages\pandas\io\sql.py:762: UserWarning: pandas only support SQLAlchemy connectable(engine/connection) ordatabase string URI or sqlite3 DBAPI2 connectionother DBAPI2 objects are not tested, please consider using SQLAlchemy
  warnings.warn(

2026-02-27 00:32:06,228:WARNING:c:\ProgramData\Anaconda3\lib\site-packages\pandas\io\sql.py:762: UserWarning: pandas only support SQLAlchemy connectable(engine/connection) ordatabase string URI or sqlite3 DBAPI2 connectionother DBAPI2 objects are not tested, please consider using SQLAlchemy
  warnings.warn(

2026-02-27 00:32:07,805:WARNING:c:\ProgramData\Anaconda3\lib\site-packages\pandas\io\sql.py:762: UserWarning: pandas only support SQLAlchemy connectable(engine/connection) ordatabase string URI or sqlite3 DBAPI2 connectionother DBAPI2 objects are not tested, please consider using SQLAlchemy
  warnings.warn(

2026-02-27 00:32:07,862:WARNING:c:\ProgramData\Anaconda3\lib\site-packages\pandas\io\sql.py:762: UserWarning: pandas only support SQLAlchemy connectable(engine/connection) ordatabase string URI or sqlite3 DBAPI2 connectionother DBAPI2 objects are not tested, please consider using SQLAlchemy
  warnings.warn(

2026-02-27 00:32:08,603:WARNING:C:\Users\savan\AppData\Local\Temp\ipykernel_23704\4086773308.py:1: FutureWarning: Treating datetime data as categorical rather than numeric in `.describe` is deprecated and will be removed in a future version of pandas. Specify `datetime_is_numeric=True` to silence this warning and adopt the future behavior now.
  loan_cashflow_df.describe()

2026-02-27 00:32:09,575:WARNING:c:\ProgramData\Anaconda3\lib\site-packages\pandas\io\sql.py:762: UserWarning: pandas only support SQLAlchemy connectable(engine/connection) ordatabase string URI or sqlite3 DBAPI2 connectionother DBAPI2 objects are not tested, please consider using SQLAlchemy
  warnings.warn(

2026-02-27 00:33:16,278:WARNING:c:\ProgramData\Anaconda3\lib\site-packages\pandas\io\sql.py:762: UserWarning: pandas only support SQLAlchemy connectable(engine/connection) ordatabase string URI or sqlite3 DBAPI2 connectionother DBAPI2 objects are not tested, please consider using SQLAlchemy
  warnings.warn(

2026-02-27 00:33:16,323:WARNING:c:\ProgramData\Anaconda3\lib\site-packages\pandas\io\sql.py:762: UserWarning: pandas only support SQLAlchemy connectable(engine/connection) ordatabase string URI or sqlite3 DBAPI2 connectionother DBAPI2 objects are not tested, please consider using SQLAlchemy
  warnings.warn(

2026-02-27 00:33:16,413:WARNING:c:\ProgramData\Anaconda3\lib\site-packages\pandas\io\sql.py:762: UserWarning: pandas only support SQLAlchemy connectable(engine/connection) ordatabase string URI or sqlite3 DBAPI2 connectionother DBAPI2 objects are not tested, please consider using SQLAlchemy
  warnings.warn(

2026-02-27 00:33:18,062:WARNING:c:\ProgramData\Anaconda3\lib\site-packages\pandas\io\sql.py:762: UserWarning: pandas only support SQLAlchemy connectable(engine/connection) ordatabase string URI or sqlite3 DBAPI2 connectionother DBAPI2 objects are not tested, please consider using SQLAlchemy
  warnings.warn(

2026-02-27 00:33:18,128:WARNING:c:\ProgramData\Anaconda3\lib\site-packages\pandas\io\sql.py:762: UserWarning: pandas only support SQLAlchemy connectable(engine/connection) ordatabase string URI or sqlite3 DBAPI2 connectionother DBAPI2 objects are not tested, please consider using SQLAlchemy
  warnings.warn(

2026-02-27 00:33:18,887:WARNING:C:\Users\savan\AppData\Local\Temp\ipykernel_23704\4086773308.py:1: FutureWarning: Treating datetime data as categorical rather than numeric in `.describe` is deprecated and will be removed in a future version of pandas. Specify `datetime_is_numeric=True` to silence this warning and adopt the future behavior now.
  loan_cashflow_df.describe()

2026-02-27 00:33:19,852:WARNING:c:\ProgramData\Anaconda3\lib\site-packages\pandas\io\sql.py:762: UserWarning: pandas only support SQLAlchemy connectable(engine/connection) ordatabase string URI or sqlite3 DBAPI2 connectionother DBAPI2 objects are not tested, please consider using SQLAlchemy
  warnings.warn(

2026-02-27 00:33:22,717:WARNING:C:\Users\savan\AppData\Roaming\Python\Python39\site-packages\sklearn\base.py:493: UserWarning: X does not have valid feature names, but LogisticRegression was fitted with feature names
  warnings.warn(

2026-02-27 00:33:28,346:WARNING:C:\Users\savan\AppData\Roaming\Python\Python39\site-packages\sklearn\base.py:493: UserWarning: X does not have valid feature names, but LogisticRegression was fitted with feature names
  warnings.warn(

2026-02-27 00:35:02,307:WARNING:c:\ProgramData\Anaconda3\lib\site-packages\pandas\io\sql.py:762: UserWarning: pandas only support SQLAlchemy connectable(engine/connection) ordatabase string URI or sqlite3 DBAPI2 connectionother DBAPI2 objects are not tested, please consider using SQLAlchemy
  warnings.warn(

2026-02-27 00:35:02,350:WARNING:c:\ProgramData\Anaconda3\lib\site-packages\pandas\io\sql.py:762: UserWarning: pandas only support SQLAlchemy connectable(engine/connection) ordatabase string URI or sqlite3 DBAPI2 connectionother DBAPI2 objects are not tested, please consider using SQLAlchemy
  warnings.warn(

2026-02-27 00:35:02,424:WARNING:c:\ProgramData\Anaconda3\lib\site-packages\pandas\io\sql.py:762: UserWarning: pandas only support SQLAlchemy connectable(engine/connection) ordatabase string URI or sqlite3 DBAPI2 connectionother DBAPI2 objects are not tested, please consider using SQLAlchemy
  warnings.warn(

2026-02-27 00:35:03,990:WARNING:c:\ProgramData\Anaconda3\lib\site-packages\pandas\io\sql.py:762: UserWarning: pandas only support SQLAlchemy connectable(engine/connection) ordatabase string URI or sqlite3 DBAPI2 connectionother DBAPI2 objects are not tested, please consider using SQLAlchemy
  warnings.warn(

2026-02-27 00:35:04,030:WARNING:c:\ProgramData\Anaconda3\lib\site-packages\pandas\io\sql.py:762: UserWarning: pandas only support SQLAlchemy connectable(engine/connection) ordatabase string URI or sqlite3 DBAPI2 connectionother DBAPI2 objects are not tested, please consider using SQLAlchemy
  warnings.warn(

2026-02-27 00:35:04,647:WARNING:C:\Users\savan\AppData\Local\Temp\ipykernel_23704\4086773308.py:1: FutureWarning: Treating datetime data as categorical rather than numeric in `.describe` is deprecated and will be removed in a future version of pandas. Specify `datetime_is_numeric=True` to silence this warning and adopt the future behavior now.
  loan_cashflow_df.describe()

2026-02-27 00:35:05,581:WARNING:c:\ProgramData\Anaconda3\lib\site-packages\pandas\io\sql.py:762: UserWarning: pandas only support SQLAlchemy connectable(engine/connection) ordatabase string URI or sqlite3 DBAPI2 connectionother DBAPI2 objects are not tested, please consider using SQLAlchemy
  warnings.warn(

2026-02-27 00:35:08,413:WARNING:C:\Users\savan\AppData\Roaming\Python\Python39\site-packages\sklearn\base.py:493: UserWarning: X does not have valid feature names, but LogisticRegression was fitted with feature names
  warnings.warn(

2026-02-27 00:35:13,458:WARNING:C:\Users\savan\AppData\Roaming\Python\Python39\site-packages\sklearn\base.py:493: UserWarning: X does not have valid feature names, but LogisticRegression was fitted with feature names
  warnings.warn(

2026-02-27 00:37:26,424:WARNING:C:\Users\savan\AppData\Local\Temp\ipykernel_23704\912277280.py:7: ClusterWarning: scipy.cluster: The symmetric non-negative hollow observation matrix looks suspiciously like an uncondensed distance matrix
  Z = linkage(gower_sample, method='average')

2026-02-27 00:39:47,598:WARNING:c:\ProgramData\Anaconda3\lib\site-packages\pandas\io\sql.py:762: UserWarning: pandas only support SQLAlchemy connectable(engine/connection) ordatabase string URI or sqlite3 DBAPI2 connectionother DBAPI2 objects are not tested, please consider using SQLAlchemy
  warnings.warn(

2026-02-27 00:39:47,646:WARNING:c:\ProgramData\Anaconda3\lib\site-packages\pandas\io\sql.py:762: UserWarning: pandas only support SQLAlchemy connectable(engine/connection) ordatabase string URI or sqlite3 DBAPI2 connectionother DBAPI2 objects are not tested, please consider using SQLAlchemy
  warnings.warn(

2026-02-27 00:39:47,721:WARNING:c:\ProgramData\Anaconda3\lib\site-packages\pandas\io\sql.py:762: UserWarning: pandas only support SQLAlchemy connectable(engine/connection) ordatabase string URI or sqlite3 DBAPI2 connectionother DBAPI2 objects are not tested, please consider using SQLAlchemy
  warnings.warn(

2026-02-27 00:39:49,380:WARNING:c:\ProgramData\Anaconda3\lib\site-packages\pandas\io\sql.py:762: UserWarning: pandas only support SQLAlchemy connectable(engine/connection) ordatabase string URI or sqlite3 DBAPI2 connectionother DBAPI2 objects are not tested, please consider using SQLAlchemy
  warnings.warn(

2026-02-27 00:39:49,411:WARNING:c:\ProgramData\Anaconda3\lib\site-packages\pandas\io\sql.py:762: UserWarning: pandas only support SQLAlchemy connectable(engine/connection) ordatabase string URI or sqlite3 DBAPI2 connectionother DBAPI2 objects are not tested, please consider using SQLAlchemy
  warnings.warn(

2026-02-27 00:39:50,069:WARNING:C:\Users\savan\AppData\Local\Temp\ipykernel_23704\4086773308.py:1: FutureWarning: Treating datetime data as categorical rather than numeric in `.describe` is deprecated and will be removed in a future version of pandas. Specify `datetime_is_numeric=True` to silence this warning and adopt the future behavior now.
  loan_cashflow_df.describe()

2026-02-27 00:39:50,917:WARNING:c:\ProgramData\Anaconda3\lib\site-packages\pandas\io\sql.py:762: UserWarning: pandas only support SQLAlchemy connectable(engine/connection) ordatabase string URI or sqlite3 DBAPI2 connectionother DBAPI2 objects are not tested, please consider using SQLAlchemy
  warnings.warn(

2026-02-27 00:39:54,325:WARNING:C:\Users\savan\AppData\Roaming\Python\Python39\site-packages\sklearn\base.py:493: UserWarning: X does not have valid feature names, but LogisticRegression was fitted with feature names
  warnings.warn(

2026-02-27 00:39:58,984:WARNING:C:\Users\savan\AppData\Roaming\Python\Python39\site-packages\sklearn\base.py:493: UserWarning: X does not have valid feature names, but LogisticRegression was fitted with feature names
  warnings.warn(

2026-02-27 00:42:09,947:WARNING:C:\Users\savan\AppData\Local\Temp\ipykernel_23704\912277280.py:7: ClusterWarning: scipy.cluster: The symmetric non-negative hollow observation matrix looks suspiciously like an uncondensed distance matrix
  Z = linkage(gower_sample, method='average')

2026-02-27 00:44:56,115:WARNING:c:\ProgramData\Anaconda3\lib\site-packages\pandas\io\sql.py:762: UserWarning: pandas only support SQLAlchemy connectable(engine/connection) ordatabase string URI or sqlite3 DBAPI2 connectionother DBAPI2 objects are not tested, please consider using SQLAlchemy
  warnings.warn(

2026-02-27 00:44:56,149:WARNING:c:\ProgramData\Anaconda3\lib\site-packages\pandas\io\sql.py:762: UserWarning: pandas only support SQLAlchemy connectable(engine/connection) ordatabase string URI or sqlite3 DBAPI2 connectionother DBAPI2 objects are not tested, please consider using SQLAlchemy
  warnings.warn(

2026-02-27 00:44:56,235:WARNING:c:\ProgramData\Anaconda3\lib\site-packages\pandas\io\sql.py:762: UserWarning: pandas only support SQLAlchemy connectable(engine/connection) ordatabase string URI or sqlite3 DBAPI2 connectionother DBAPI2 objects are not tested, please consider using SQLAlchemy
  warnings.warn(

2026-02-27 00:44:57,839:WARNING:c:\ProgramData\Anaconda3\lib\site-packages\pandas\io\sql.py:762: UserWarning: pandas only support SQLAlchemy connectable(engine/connection) ordatabase string URI or sqlite3 DBAPI2 connectionother DBAPI2 objects are not tested, please consider using SQLAlchemy
  warnings.warn(

2026-02-27 00:44:57,882:WARNING:c:\ProgramData\Anaconda3\lib\site-packages\pandas\io\sql.py:762: UserWarning: pandas only support SQLAlchemy connectable(engine/connection) ordatabase string URI or sqlite3 DBAPI2 connectionother DBAPI2 objects are not tested, please consider using SQLAlchemy
  warnings.warn(

2026-02-27 00:44:58,553:WARNING:C:\Users\savan\AppData\Local\Temp\ipykernel_23704\4086773308.py:1: FutureWarning: Treating datetime data as categorical rather than numeric in `.describe` is deprecated and will be removed in a future version of pandas. Specify `datetime_is_numeric=True` to silence this warning and adopt the future behavior now.
  loan_cashflow_df.describe()

2026-02-27 00:44:59,383:WARNING:c:\ProgramData\Anaconda3\lib\site-packages\pandas\io\sql.py:762: UserWarning: pandas only support SQLAlchemy connectable(engine/connection) ordatabase string URI or sqlite3 DBAPI2 connectionother DBAPI2 objects are not tested, please consider using SQLAlchemy
  warnings.warn(

2026-02-27 00:45:02,139:WARNING:C:\Users\savan\AppData\Roaming\Python\Python39\site-packages\sklearn\base.py:493: UserWarning: X does not have valid feature names, but LogisticRegression was fitted with feature names
  warnings.warn(

2026-02-27 00:45:07,172:WARNING:C:\Users\savan\AppData\Roaming\Python\Python39\site-packages\sklearn\base.py:493: UserWarning: X does not have valid feature names, but LogisticRegression was fitted with feature names
  warnings.warn(

2026-02-27 00:47:18,530:WARNING:C:\Users\savan\AppData\Local\Temp\ipykernel_23704\912277280.py:7: ClusterWarning: scipy.cluster: The symmetric non-negative hollow observation matrix looks suspiciously like an uncondensed distance matrix
  Z = linkage(gower_sample, method='average')

2026-02-27 00:50:57,343:WARNING:c:\ProgramData\Anaconda3\lib\site-packages\pandas\io\sql.py:762: UserWarning: pandas only support SQLAlchemy connectable(engine/connection) ordatabase string URI or sqlite3 DBAPI2 connectionother DBAPI2 objects are not tested, please consider using SQLAlchemy
  warnings.warn(

2026-02-27 00:50:57,381:WARNING:c:\ProgramData\Anaconda3\lib\site-packages\pandas\io\sql.py:762: UserWarning: pandas only support SQLAlchemy connectable(engine/connection) ordatabase string URI or sqlite3 DBAPI2 connectionother DBAPI2 objects are not tested, please consider using SQLAlchemy
  warnings.warn(

2026-02-27 00:50:57,497:WARNING:c:\ProgramData\Anaconda3\lib\site-packages\pandas\io\sql.py:762: UserWarning: pandas only support SQLAlchemy connectable(engine/connection) ordatabase string URI or sqlite3 DBAPI2 connectionother DBAPI2 objects are not tested, please consider using SQLAlchemy
  warnings.warn(

2026-02-27 00:50:59,594:WARNING:c:\ProgramData\Anaconda3\lib\site-packages\pandas\io\sql.py:762: UserWarning: pandas only support SQLAlchemy connectable(engine/connection) ordatabase string URI or sqlite3 DBAPI2 connectionother DBAPI2 objects are not tested, please consider using SQLAlchemy
  warnings.warn(

2026-02-27 00:50:59,654:WARNING:c:\ProgramData\Anaconda3\lib\site-packages\pandas\io\sql.py:762: UserWarning: pandas only support SQLAlchemy connectable(engine/connection) ordatabase string URI or sqlite3 DBAPI2 connectionother DBAPI2 objects are not tested, please consider using SQLAlchemy
  warnings.warn(

2026-02-27 00:51:00,337:WARNING:C:\Users\savan\AppData\Local\Temp\ipykernel_23704\4086773308.py:1: FutureWarning: Treating datetime data as categorical rather than numeric in `.describe` is deprecated and will be removed in a future version of pandas. Specify `datetime_is_numeric=True` to silence this warning and adopt the future behavior now.
  loan_cashflow_df.describe()

2026-02-27 00:51:01,275:WARNING:c:\ProgramData\Anaconda3\lib\site-packages\pandas\io\sql.py:762: UserWarning: pandas only support SQLAlchemy connectable(engine/connection) ordatabase string URI or sqlite3 DBAPI2 connectionother DBAPI2 objects are not tested, please consider using SQLAlchemy
  warnings.warn(

2026-02-27 00:51:04,204:WARNING:C:\Users\savan\AppData\Roaming\Python\Python39\site-packages\sklearn\base.py:493: UserWarning: X does not have valid feature names, but LogisticRegression was fitted with feature names
  warnings.warn(

2026-02-27 00:51:09,438:WARNING:C:\Users\savan\AppData\Roaming\Python\Python39\site-packages\sklearn\base.py:493: UserWarning: X does not have valid feature names, but LogisticRegression was fitted with feature names
  warnings.warn(

2026-02-27 00:53:24,230:WARNING:C:\Users\savan\AppData\Local\Temp\ipykernel_23704\912277280.py:7: ClusterWarning: scipy.cluster: The symmetric non-negative hollow observation matrix looks suspiciously like an uncondensed distance matrix
  Z = linkage(gower_sample, method='average')

2026-03-02 13:21:39,919:WARNING:
'cuml' is a soft dependency and not included in the pycaret installation. Please run: `pip install cuml` to install.
2026-03-02 13:21:39,919:WARNING:
'cuml' is a soft dependency and not included in the pycaret installation. Please run: `pip install cuml` to install.
2026-03-02 13:21:39,919:WARNING:
'cuml' is a soft dependency and not included in the pycaret installation. Please run: `pip install cuml` to install.
2026-03-02 13:21:39,919:WARNING:
'cuml' is a soft dependency and not included in the pycaret installation. Please run: `pip install cuml` to install.
2026-03-02 13:21:43,782:WARNING:c:\ProgramData\Anaconda3\lib\site-packages\pandas\io\sql.py:762: UserWarning: pandas only support SQLAlchemy connectable(engine/connection) ordatabase string URI or sqlite3 DBAPI2 connectionother DBAPI2 objects are not tested, please consider using SQLAlchemy
  warnings.warn(

2026-03-02 13:21:43,901:WARNING:c:\ProgramData\Anaconda3\lib\site-packages\pandas\io\sql.py:762: UserWarning: pandas only support SQLAlchemy connectable(engine/connection) ordatabase string URI or sqlite3 DBAPI2 connectionother DBAPI2 objects are not tested, please consider using SQLAlchemy
  warnings.warn(

2026-03-02 13:21:44,136:WARNING:c:\ProgramData\Anaconda3\lib\site-packages\pandas\io\sql.py:762: UserWarning: pandas only support SQLAlchemy connectable(engine/connection) ordatabase string URI or sqlite3 DBAPI2 connectionother DBAPI2 objects are not tested, please consider using SQLAlchemy
  warnings.warn(

2026-03-02 13:21:46,358:WARNING:c:\ProgramData\Anaconda3\lib\site-packages\pandas\io\sql.py:762: UserWarning: pandas only support SQLAlchemy connectable(engine/connection) ordatabase string URI or sqlite3 DBAPI2 connectionother DBAPI2 objects are not tested, please consider using SQLAlchemy
  warnings.warn(

2026-03-02 13:21:46,427:WARNING:c:\ProgramData\Anaconda3\lib\site-packages\pandas\io\sql.py:762: UserWarning: pandas only support SQLAlchemy connectable(engine/connection) ordatabase string URI or sqlite3 DBAPI2 connectionother DBAPI2 objects are not tested, please consider using SQLAlchemy
  warnings.warn(

2026-03-02 13:21:47,360:WARNING:C:\Users\savan\AppData\Local\Temp\ipykernel_33208\4086773308.py:1: FutureWarning: Treating datetime data as categorical rather than numeric in `.describe` is deprecated and will be removed in a future version of pandas. Specify `datetime_is_numeric=True` to silence this warning and adopt the future behavior now.
  loan_cashflow_df.describe()

2026-03-02 13:21:49,132:WARNING:c:\ProgramData\Anaconda3\lib\site-packages\pandas\io\sql.py:762: UserWarning: pandas only support SQLAlchemy connectable(engine/connection) ordatabase string URI or sqlite3 DBAPI2 connectionother DBAPI2 objects are not tested, please consider using SQLAlchemy
  warnings.warn(

2026-03-02 13:38:44,177:WARNING:
'cuml' is a soft dependency and not included in the pycaret installation. Please run: `pip install cuml` to install.
2026-03-02 13:38:44,177:WARNING:
'cuml' is a soft dependency and not included in the pycaret installation. Please run: `pip install cuml` to install.
2026-03-02 13:38:44,177:WARNING:
'cuml' is a soft dependency and not included in the pycaret installation. Please run: `pip install cuml` to install.
2026-03-02 13:38:44,177:WARNING:
'cuml' is a soft dependency and not included in the pycaret installation. Please run: `pip install cuml` to install.
2026-03-02 13:38:45,852:WARNING:c:\ProgramData\Anaconda3\lib\site-packages\pandas\io\sql.py:762: UserWarning: pandas only support SQLAlchemy connectable(engine/connection) ordatabase string URI or sqlite3 DBAPI2 connectionother DBAPI2 objects are not tested, please consider using SQLAlchemy
  warnings.warn(

2026-03-02 13:38:45,973:WARNING:c:\ProgramData\Anaconda3\lib\site-packages\pandas\io\sql.py:762: UserWarning: pandas only support SQLAlchemy connectable(engine/connection) ordatabase string URI or sqlite3 DBAPI2 connectionother DBAPI2 objects are not tested, please consider using SQLAlchemy
  warnings.warn(

2026-03-02 13:38:46,209:WARNING:c:\ProgramData\Anaconda3\lib\site-packages\pandas\io\sql.py:762: UserWarning: pandas only support SQLAlchemy connectable(engine/connection) ordatabase string URI or sqlite3 DBAPI2 connectionother DBAPI2 objects are not tested, please consider using SQLAlchemy
  warnings.warn(

2026-03-02 13:38:48,343:WARNING:c:\ProgramData\Anaconda3\lib\site-packages\pandas\io\sql.py:762: UserWarning: pandas only support SQLAlchemy connectable(engine/connection) ordatabase string URI or sqlite3 DBAPI2 connectionother DBAPI2 objects are not tested, please consider using SQLAlchemy
  warnings.warn(

2026-03-02 13:38:48,410:WARNING:c:\ProgramData\Anaconda3\lib\site-packages\pandas\io\sql.py:762: UserWarning: pandas only support SQLAlchemy connectable(engine/connection) ordatabase string URI or sqlite3 DBAPI2 connectionother DBAPI2 objects are not tested, please consider using SQLAlchemy
  warnings.warn(

2026-03-02 13:38:49,258:WARNING:C:\Users\savan\AppData\Local\Temp\ipykernel_26380\4086773308.py:1: FutureWarning: Treating datetime data as categorical rather than numeric in `.describe` is deprecated and will be removed in a future version of pandas. Specify `datetime_is_numeric=True` to silence this warning and adopt the future behavior now.
  loan_cashflow_df.describe()

2026-03-02 13:38:50,729:WARNING:c:\ProgramData\Anaconda3\lib\site-packages\pandas\io\sql.py:762: UserWarning: pandas only support SQLAlchemy connectable(engine/connection) ordatabase string URI or sqlite3 DBAPI2 connectionother DBAPI2 objects are not tested, please consider using SQLAlchemy
  warnings.warn(

2026-03-02 14:02:48,551:WARNING:c:\ProgramData\Anaconda3\lib\site-packages\pandas\io\sql.py:762: UserWarning: pandas only support SQLAlchemy connectable(engine/connection) ordatabase string URI or sqlite3 DBAPI2 connectionother DBAPI2 objects are not tested, please consider using SQLAlchemy
  warnings.warn(

2026-03-02 14:02:48,686:WARNING:c:\ProgramData\Anaconda3\lib\site-packages\pandas\io\sql.py:762: UserWarning: pandas only support SQLAlchemy connectable(engine/connection) ordatabase string URI or sqlite3 DBAPI2 connectionother DBAPI2 objects are not tested, please consider using SQLAlchemy
  warnings.warn(

2026-03-02 14:02:48,826:WARNING:c:\ProgramData\Anaconda3\lib\site-packages\pandas\io\sql.py:762: UserWarning: pandas only support SQLAlchemy connectable(engine/connection) ordatabase string URI or sqlite3 DBAPI2 connectionother DBAPI2 objects are not tested, please consider using SQLAlchemy
  warnings.warn(

2026-03-02 14:02:50,868:WARNING:c:\ProgramData\Anaconda3\lib\site-packages\pandas\io\sql.py:762: UserWarning: pandas only support SQLAlchemy connectable(engine/connection) ordatabase string URI or sqlite3 DBAPI2 connectionother DBAPI2 objects are not tested, please consider using SQLAlchemy
  warnings.warn(

2026-03-02 14:02:50,915:WARNING:c:\ProgramData\Anaconda3\lib\site-packages\pandas\io\sql.py:762: UserWarning: pandas only support SQLAlchemy connectable(engine/connection) ordatabase string URI or sqlite3 DBAPI2 connectionother DBAPI2 objects are not tested, please consider using SQLAlchemy
  warnings.warn(

2026-03-02 14:02:51,698:WARNING:C:\Users\savan\AppData\Local\Temp\ipykernel_26380\4086773308.py:1: FutureWarning: Treating datetime data as categorical rather than numeric in `.describe` is deprecated and will be removed in a future version of pandas. Specify `datetime_is_numeric=True` to silence this warning and adopt the future behavior now.
  loan_cashflow_df.describe()

2026-03-02 14:02:52,964:WARNING:c:\ProgramData\Anaconda3\lib\site-packages\pandas\io\sql.py:762: UserWarning: pandas only support SQLAlchemy connectable(engine/connection) ordatabase string URI or sqlite3 DBAPI2 connectionother DBAPI2 objects are not tested, please consider using SQLAlchemy
  warnings.warn(

2026-03-02 14:08:03,202:WARNING:c:\ProgramData\Anaconda3\lib\site-packages\pandas\io\sql.py:762: UserWarning: pandas only support SQLAlchemy connectable(engine/connection) ordatabase string URI or sqlite3 DBAPI2 connectionother DBAPI2 objects are not tested, please consider using SQLAlchemy
  warnings.warn(

2026-03-02 14:08:03,251:WARNING:c:\ProgramData\Anaconda3\lib\site-packages\pandas\io\sql.py:762: UserWarning: pandas only support SQLAlchemy connectable(engine/connection) ordatabase string URI or sqlite3 DBAPI2 connectionother DBAPI2 objects are not tested, please consider using SQLAlchemy
  warnings.warn(

2026-03-02 14:08:03,349:WARNING:c:\ProgramData\Anaconda3\lib\site-packages\pandas\io\sql.py:762: UserWarning: pandas only support SQLAlchemy connectable(engine/connection) ordatabase string URI or sqlite3 DBAPI2 connectionother DBAPI2 objects are not tested, please consider using SQLAlchemy
  warnings.warn(

2026-03-02 14:08:06,145:WARNING:c:\ProgramData\Anaconda3\lib\site-packages\pandas\io\sql.py:762: UserWarning: pandas only support SQLAlchemy connectable(engine/connection) ordatabase string URI or sqlite3 DBAPI2 connectionother DBAPI2 objects are not tested, please consider using SQLAlchemy
  warnings.warn(

2026-03-02 14:08:06,203:WARNING:c:\ProgramData\Anaconda3\lib\site-packages\pandas\io\sql.py:762: UserWarning: pandas only support SQLAlchemy connectable(engine/connection) ordatabase string URI or sqlite3 DBAPI2 connectionother DBAPI2 objects are not tested, please consider using SQLAlchemy
  warnings.warn(

2026-03-02 14:08:07,954:WARNING:C:\Users\savan\AppData\Local\Temp\ipykernel_26380\4086773308.py:1: FutureWarning: Treating datetime data as categorical rather than numeric in `.describe` is deprecated and will be removed in a future version of pandas. Specify `datetime_is_numeric=True` to silence this warning and adopt the future behavior now.
  loan_cashflow_df.describe()

2026-03-02 14:08:10,006:WARNING:c:\ProgramData\Anaconda3\lib\site-packages\pandas\io\sql.py:762: UserWarning: pandas only support SQLAlchemy connectable(engine/connection) ordatabase string URI or sqlite3 DBAPI2 connectionother DBAPI2 objects are not tested, please consider using SQLAlchemy
  warnings.warn(

2026-03-02 14:08:59,951:WARNING:
'cuml' is a soft dependency and not included in the pycaret installation. Please run: `pip install cuml` to install.
2026-03-02 14:08:59,951:WARNING:
'cuml' is a soft dependency and not included in the pycaret installation. Please run: `pip install cuml` to install.
2026-03-02 14:08:59,951:WARNING:
'cuml' is a soft dependency and not included in the pycaret installation. Please run: `pip install cuml` to install.
2026-03-02 14:08:59,951:WARNING:
'cuml' is a soft dependency and not included in the pycaret installation. Please run: `pip install cuml` to install.
2026-03-02 14:09:01,335:WARNING:c:\ProgramData\Anaconda3\lib\site-packages\pandas\io\sql.py:762: UserWarning: pandas only support SQLAlchemy connectable(engine/connection) ordatabase string URI or sqlite3 DBAPI2 connectionother DBAPI2 objects are not tested, please consider using SQLAlchemy
  warnings.warn(

2026-03-02 14:09:01,374:WARNING:c:\ProgramData\Anaconda3\lib\site-packages\pandas\io\sql.py:762: UserWarning: pandas only support SQLAlchemy connectable(engine/connection) ordatabase string URI or sqlite3 DBAPI2 connectionother DBAPI2 objects are not tested, please consider using SQLAlchemy
  warnings.warn(

2026-03-02 14:09:01,549:WARNING:c:\ProgramData\Anaconda3\lib\site-packages\pandas\io\sql.py:762: UserWarning: pandas only support SQLAlchemy connectable(engine/connection) ordatabase string URI or sqlite3 DBAPI2 connectionother DBAPI2 objects are not tested, please consider using SQLAlchemy
  warnings.warn(

2026-03-02 14:09:03,431:WARNING:c:\ProgramData\Anaconda3\lib\site-packages\pandas\io\sql.py:762: UserWarning: pandas only support SQLAlchemy connectable(engine/connection) ordatabase string URI or sqlite3 DBAPI2 connectionother DBAPI2 objects are not tested, please consider using SQLAlchemy
  warnings.warn(

2026-03-02 14:09:03,487:WARNING:c:\ProgramData\Anaconda3\lib\site-packages\pandas\io\sql.py:762: UserWarning: pandas only support SQLAlchemy connectable(engine/connection) ordatabase string URI or sqlite3 DBAPI2 connectionother DBAPI2 objects are not tested, please consider using SQLAlchemy
  warnings.warn(

2026-03-02 14:09:04,285:WARNING:C:\Users\savan\AppData\Local\Temp\ipykernel_31344\4086773308.py:1: FutureWarning: Treating datetime data as categorical rather than numeric in `.describe` is deprecated and will be removed in a future version of pandas. Specify `datetime_is_numeric=True` to silence this warning and adopt the future behavior now.
  loan_cashflow_df.describe()

2026-03-02 14:09:05,605:WARNING:c:\ProgramData\Anaconda3\lib\site-packages\pandas\io\sql.py:762: UserWarning: pandas only support SQLAlchemy connectable(engine/connection) ordatabase string URI or sqlite3 DBAPI2 connectionother DBAPI2 objects are not tested, please consider using SQLAlchemy
  warnings.warn(

2026-03-02 14:09:52,059:WARNING:c:\ProgramData\Anaconda3\lib\site-packages\pandas\io\sql.py:762: UserWarning: pandas only support SQLAlchemy connectable(engine/connection) ordatabase string URI or sqlite3 DBAPI2 connectionother DBAPI2 objects are not tested, please consider using SQLAlchemy
  warnings.warn(

2026-03-02 14:09:52,103:WARNING:c:\ProgramData\Anaconda3\lib\site-packages\pandas\io\sql.py:762: UserWarning: pandas only support SQLAlchemy connectable(engine/connection) ordatabase string URI or sqlite3 DBAPI2 connectionother DBAPI2 objects are not tested, please consider using SQLAlchemy
  warnings.warn(

2026-03-02 14:09:52,256:WARNING:c:\ProgramData\Anaconda3\lib\site-packages\pandas\io\sql.py:762: UserWarning: pandas only support SQLAlchemy connectable(engine/connection) ordatabase string URI or sqlite3 DBAPI2 connectionother DBAPI2 objects are not tested, please consider using SQLAlchemy
  warnings.warn(

2026-03-02 14:09:54,132:WARNING:c:\ProgramData\Anaconda3\lib\site-packages\pandas\io\sql.py:762: UserWarning: pandas only support SQLAlchemy connectable(engine/connection) ordatabase string URI or sqlite3 DBAPI2 connectionother DBAPI2 objects are not tested, please consider using SQLAlchemy
  warnings.warn(

2026-03-02 14:09:54,181:WARNING:c:\ProgramData\Anaconda3\lib\site-packages\pandas\io\sql.py:762: UserWarning: pandas only support SQLAlchemy connectable(engine/connection) ordatabase string URI or sqlite3 DBAPI2 connectionother DBAPI2 objects are not tested, please consider using SQLAlchemy
  warnings.warn(

2026-03-02 14:09:54,945:WARNING:C:\Users\savan\AppData\Local\Temp\ipykernel_31344\4086773308.py:1: FutureWarning: Treating datetime data as categorical rather than numeric in `.describe` is deprecated and will be removed in a future version of pandas. Specify `datetime_is_numeric=True` to silence this warning and adopt the future behavior now.
  loan_cashflow_df.describe()

2026-03-02 14:09:56,145:WARNING:c:\ProgramData\Anaconda3\lib\site-packages\pandas\io\sql.py:762: UserWarning: pandas only support SQLAlchemy connectable(engine/connection) ordatabase string URI or sqlite3 DBAPI2 connectionother DBAPI2 objects are not tested, please consider using SQLAlchemy
  warnings.warn(

2026-03-02 14:18:20,288:WARNING:c:\ProgramData\Anaconda3\lib\site-packages\pandas\io\sql.py:762: UserWarning: pandas only support SQLAlchemy connectable(engine/connection) ordatabase string URI or sqlite3 DBAPI2 connectionother DBAPI2 objects are not tested, please consider using SQLAlchemy
  warnings.warn(

2026-03-02 14:18:20,357:WARNING:c:\ProgramData\Anaconda3\lib\site-packages\pandas\io\sql.py:762: UserWarning: pandas only support SQLAlchemy connectable(engine/connection) ordatabase string URI or sqlite3 DBAPI2 connectionother DBAPI2 objects are not tested, please consider using SQLAlchemy
  warnings.warn(

2026-03-02 14:18:20,446:WARNING:c:\ProgramData\Anaconda3\lib\site-packages\pandas\io\sql.py:762: UserWarning: pandas only support SQLAlchemy connectable(engine/connection) ordatabase string URI or sqlite3 DBAPI2 connectionother DBAPI2 objects are not tested, please consider using SQLAlchemy
  warnings.warn(

2026-03-02 14:18:22,406:WARNING:c:\ProgramData\Anaconda3\lib\site-packages\pandas\io\sql.py:762: UserWarning: pandas only support SQLAlchemy connectable(engine/connection) ordatabase string URI or sqlite3 DBAPI2 connectionother DBAPI2 objects are not tested, please consider using SQLAlchemy
  warnings.warn(

2026-03-02 14:18:22,450:WARNING:c:\ProgramData\Anaconda3\lib\site-packages\pandas\io\sql.py:762: UserWarning: pandas only support SQLAlchemy connectable(engine/connection) ordatabase string URI or sqlite3 DBAPI2 connectionother DBAPI2 objects are not tested, please consider using SQLAlchemy
  warnings.warn(

2026-03-02 14:18:23,230:WARNING:C:\Users\savan\AppData\Local\Temp\ipykernel_31344\4086773308.py:1: FutureWarning: Treating datetime data as categorical rather than numeric in `.describe` is deprecated and will be removed in a future version of pandas. Specify `datetime_is_numeric=True` to silence this warning and adopt the future behavior now.
  loan_cashflow_df.describe()

2026-03-02 14:18:24,317:WARNING:c:\ProgramData\Anaconda3\lib\site-packages\pandas\io\sql.py:762: UserWarning: pandas only support SQLAlchemy connectable(engine/connection) ordatabase string URI or sqlite3 DBAPI2 connectionother DBAPI2 objects are not tested, please consider using SQLAlchemy
  warnings.warn(

2026-03-02 14:33:53,299:WARNING:c:\ProgramData\Anaconda3\lib\site-packages\pandas\io\sql.py:762: UserWarning: pandas only support SQLAlchemy connectable(engine/connection) ordatabase string URI or sqlite3 DBAPI2 connectionother DBAPI2 objects are not tested, please consider using SQLAlchemy
  warnings.warn(

2026-03-02 14:33:53,344:WARNING:c:\ProgramData\Anaconda3\lib\site-packages\pandas\io\sql.py:762: UserWarning: pandas only support SQLAlchemy connectable(engine/connection) ordatabase string URI or sqlite3 DBAPI2 connectionother DBAPI2 objects are not tested, please consider using SQLAlchemy
  warnings.warn(

2026-03-02 14:33:53,434:WARNING:c:\ProgramData\Anaconda3\lib\site-packages\pandas\io\sql.py:762: UserWarning: pandas only support SQLAlchemy connectable(engine/connection) ordatabase string URI or sqlite3 DBAPI2 connectionother DBAPI2 objects are not tested, please consider using SQLAlchemy
  warnings.warn(

2026-03-02 14:33:55,298:WARNING:c:\ProgramData\Anaconda3\lib\site-packages\pandas\io\sql.py:762: UserWarning: pandas only support SQLAlchemy connectable(engine/connection) ordatabase string URI or sqlite3 DBAPI2 connectionother DBAPI2 objects are not tested, please consider using SQLAlchemy
  warnings.warn(

2026-03-02 14:33:55,367:WARNING:c:\ProgramData\Anaconda3\lib\site-packages\pandas\io\sql.py:762: UserWarning: pandas only support SQLAlchemy connectable(engine/connection) ordatabase string URI or sqlite3 DBAPI2 connectionother DBAPI2 objects are not tested, please consider using SQLAlchemy
  warnings.warn(

2026-03-02 14:33:56,044:WARNING:C:\Users\savan\AppData\Local\Temp\ipykernel_31344\4086773308.py:1: FutureWarning: Treating datetime data as categorical rather than numeric in `.describe` is deprecated and will be removed in a future version of pandas. Specify `datetime_is_numeric=True` to silence this warning and adopt the future behavior now.
  loan_cashflow_df.describe()

2026-03-02 14:33:57,020:WARNING:c:\ProgramData\Anaconda3\lib\site-packages\pandas\io\sql.py:762: UserWarning: pandas only support SQLAlchemy connectable(engine/connection) ordatabase string URI or sqlite3 DBAPI2 connectionother DBAPI2 objects are not tested, please consider using SQLAlchemy
  warnings.warn(

2026-03-02 14:43:34,937:WARNING:
'cuml' is a soft dependency and not included in the pycaret installation. Please run: `pip install cuml` to install.
2026-03-02 14:43:34,937:WARNING:
'cuml' is a soft dependency and not included in the pycaret installation. Please run: `pip install cuml` to install.
2026-03-02 14:43:34,937:WARNING:
'cuml' is a soft dependency and not included in the pycaret installation. Please run: `pip install cuml` to install.
2026-03-02 14:43:34,937:WARNING:
'cuml' is a soft dependency and not included in the pycaret installation. Please run: `pip install cuml` to install.
2026-03-02 14:43:35,832:WARNING:c:\ProgramData\Anaconda3\lib\site-packages\pandas\io\sql.py:762: UserWarning: pandas only support SQLAlchemy connectable(engine/connection) ordatabase string URI or sqlite3 DBAPI2 connectionother DBAPI2 objects are not tested, please consider using SQLAlchemy
  warnings.warn(

2026-03-02 14:43:35,873:WARNING:c:\ProgramData\Anaconda3\lib\site-packages\pandas\io\sql.py:762: UserWarning: pandas only support SQLAlchemy connectable(engine/connection) ordatabase string URI or sqlite3 DBAPI2 connectionother DBAPI2 objects are not tested, please consider using SQLAlchemy
  warnings.warn(

2026-03-02 14:43:36,029:WARNING:c:\ProgramData\Anaconda3\lib\site-packages\pandas\io\sql.py:762: UserWarning: pandas only support SQLAlchemy connectable(engine/connection) ordatabase string URI or sqlite3 DBAPI2 connectionother DBAPI2 objects are not tested, please consider using SQLAlchemy
  warnings.warn(

2026-03-02 14:43:37,520:WARNING:c:\ProgramData\Anaconda3\lib\site-packages\pandas\io\sql.py:762: UserWarning: pandas only support SQLAlchemy connectable(engine/connection) ordatabase string URI or sqlite3 DBAPI2 connectionother DBAPI2 objects are not tested, please consider using SQLAlchemy
  warnings.warn(

2026-03-02 14:43:37,573:WARNING:c:\ProgramData\Anaconda3\lib\site-packages\pandas\io\sql.py:762: UserWarning: pandas only support SQLAlchemy connectable(engine/connection) ordatabase string URI or sqlite3 DBAPI2 connectionother DBAPI2 objects are not tested, please consider using SQLAlchemy
  warnings.warn(

2026-03-02 14:43:38,254:WARNING:C:\Users\savan\AppData\Local\Temp\ipykernel_25664\4086773308.py:1: FutureWarning: Treating datetime data as categorical rather than numeric in `.describe` is deprecated and will be removed in a future version of pandas. Specify `datetime_is_numeric=True` to silence this warning and adopt the future behavior now.
  loan_cashflow_df.describe()

2026-03-02 14:43:39,201:WARNING:c:\ProgramData\Anaconda3\lib\site-packages\pandas\io\sql.py:762: UserWarning: pandas only support SQLAlchemy connectable(engine/connection) ordatabase string URI or sqlite3 DBAPI2 connectionother DBAPI2 objects are not tested, please consider using SQLAlchemy
  warnings.warn(

2026-03-02 14:45:12,005:WARNING:
'cuml' is a soft dependency and not included in the pycaret installation. Please run: `pip install cuml` to install.
2026-03-02 14:45:12,005:WARNING:
'cuml' is a soft dependency and not included in the pycaret installation. Please run: `pip install cuml` to install.
2026-03-02 14:45:12,005:WARNING:
'cuml' is a soft dependency and not included in the pycaret installation. Please run: `pip install cuml` to install.
2026-03-02 14:45:12,005:WARNING:
'cuml' is a soft dependency and not included in the pycaret installation. Please run: `pip install cuml` to install.
2026-03-02 14:45:12,796:WARNING:c:\ProgramData\Anaconda3\lib\site-packages\pandas\io\sql.py:762: UserWarning: pandas only support SQLAlchemy connectable(engine/connection) ordatabase string URI or sqlite3 DBAPI2 connectionother DBAPI2 objects are not tested, please consider using SQLAlchemy
  warnings.warn(

2026-03-02 14:45:12,868:WARNING:c:\ProgramData\Anaconda3\lib\site-packages\pandas\io\sql.py:762: UserWarning: pandas only support SQLAlchemy connectable(engine/connection) ordatabase string URI or sqlite3 DBAPI2 connectionother DBAPI2 objects are not tested, please consider using SQLAlchemy
  warnings.warn(

2026-03-02 14:45:13,027:WARNING:c:\ProgramData\Anaconda3\lib\site-packages\pandas\io\sql.py:762: UserWarning: pandas only support SQLAlchemy connectable(engine/connection) ordatabase string URI or sqlite3 DBAPI2 connectionother DBAPI2 objects are not tested, please consider using SQLAlchemy
  warnings.warn(

2026-03-02 14:45:14,580:WARNING:c:\ProgramData\Anaconda3\lib\site-packages\pandas\io\sql.py:762: UserWarning: pandas only support SQLAlchemy connectable(engine/connection) ordatabase string URI or sqlite3 DBAPI2 connectionother DBAPI2 objects are not tested, please consider using SQLAlchemy
  warnings.warn(

2026-03-02 14:45:14,623:WARNING:c:\ProgramData\Anaconda3\lib\site-packages\pandas\io\sql.py:762: UserWarning: pandas only support SQLAlchemy connectable(engine/connection) ordatabase string URI or sqlite3 DBAPI2 connectionother DBAPI2 objects are not tested, please consider using SQLAlchemy
  warnings.warn(

2026-03-02 14:45:15,281:WARNING:C:\Users\savan\AppData\Local\Temp\ipykernel_25052\4086773308.py:1: FutureWarning: Treating datetime data as categorical rather than numeric in `.describe` is deprecated and will be removed in a future version of pandas. Specify `datetime_is_numeric=True` to silence this warning and adopt the future behavior now.
  loan_cashflow_df.describe()

2026-03-02 14:45:16,200:WARNING:c:\ProgramData\Anaconda3\lib\site-packages\pandas\io\sql.py:762: UserWarning: pandas only support SQLAlchemy connectable(engine/connection) ordatabase string URI or sqlite3 DBAPI2 connectionother DBAPI2 objects are not tested, please consider using SQLAlchemy
  warnings.warn(

2026-03-02 14:49:55,793:WARNING:
'cuml' is a soft dependency and not included in the pycaret installation. Please run: `pip install cuml` to install.
2026-03-02 14:49:55,793:WARNING:
'cuml' is a soft dependency and not included in the pycaret installation. Please run: `pip install cuml` to install.
2026-03-02 14:49:55,793:WARNING:
'cuml' is a soft dependency and not included in the pycaret installation. Please run: `pip install cuml` to install.
2026-03-02 14:49:55,793:WARNING:
'cuml' is a soft dependency and not included in the pycaret installation. Please run: `pip install cuml` to install.
2026-03-02 14:49:56,564:WARNING:c:\ProgramData\Anaconda3\lib\site-packages\pandas\io\sql.py:762: UserWarning: pandas only support SQLAlchemy connectable(engine/connection) ordatabase string URI or sqlite3 DBAPI2 connectionother DBAPI2 objects are not tested, please consider using SQLAlchemy
  warnings.warn(

2026-03-02 14:49:56,623:WARNING:c:\ProgramData\Anaconda3\lib\site-packages\pandas\io\sql.py:762: UserWarning: pandas only support SQLAlchemy connectable(engine/connection) ordatabase string URI or sqlite3 DBAPI2 connectionother DBAPI2 objects are not tested, please consider using SQLAlchemy
  warnings.warn(

2026-03-02 14:49:56,771:WARNING:c:\ProgramData\Anaconda3\lib\site-packages\pandas\io\sql.py:762: UserWarning: pandas only support SQLAlchemy connectable(engine/connection) ordatabase string URI or sqlite3 DBAPI2 connectionother DBAPI2 objects are not tested, please consider using SQLAlchemy
  warnings.warn(

2026-03-02 14:49:58,255:WARNING:c:\ProgramData\Anaconda3\lib\site-packages\pandas\io\sql.py:762: UserWarning: pandas only support SQLAlchemy connectable(engine/connection) ordatabase string URI or sqlite3 DBAPI2 connectionother DBAPI2 objects are not tested, please consider using SQLAlchemy
  warnings.warn(

2026-03-02 14:49:58,308:WARNING:c:\ProgramData\Anaconda3\lib\site-packages\pandas\io\sql.py:762: UserWarning: pandas only support SQLAlchemy connectable(engine/connection) ordatabase string URI or sqlite3 DBAPI2 connectionother DBAPI2 objects are not tested, please consider using SQLAlchemy
  warnings.warn(

2026-03-02 14:49:58,935:WARNING:C:\Users\savan\AppData\Local\Temp\ipykernel_19604\4086773308.py:1: FutureWarning: Treating datetime data as categorical rather than numeric in `.describe` is deprecated and will be removed in a future version of pandas. Specify `datetime_is_numeric=True` to silence this warning and adopt the future behavior now.
  loan_cashflow_df.describe()

2026-03-02 14:49:59,918:WARNING:c:\ProgramData\Anaconda3\lib\site-packages\pandas\io\sql.py:762: UserWarning: pandas only support SQLAlchemy connectable(engine/connection) ordatabase string URI or sqlite3 DBAPI2 connectionother DBAPI2 objects are not tested, please consider using SQLAlchemy
  warnings.warn(

2026-03-02 14:53:59,130:WARNING:c:\ProgramData\Anaconda3\lib\site-packages\pandas\io\sql.py:762: UserWarning: pandas only support SQLAlchemy connectable(engine/connection) ordatabase string URI or sqlite3 DBAPI2 connectionother DBAPI2 objects are not tested, please consider using SQLAlchemy
  warnings.warn(

2026-03-02 14:53:59,169:WARNING:c:\ProgramData\Anaconda3\lib\site-packages\pandas\io\sql.py:762: UserWarning: pandas only support SQLAlchemy connectable(engine/connection) ordatabase string URI or sqlite3 DBAPI2 connectionother DBAPI2 objects are not tested, please consider using SQLAlchemy
  warnings.warn(

2026-03-02 14:53:59,248:WARNING:c:\ProgramData\Anaconda3\lib\site-packages\pandas\io\sql.py:762: UserWarning: pandas only support SQLAlchemy connectable(engine/connection) ordatabase string URI or sqlite3 DBAPI2 connectionother DBAPI2 objects are not tested, please consider using SQLAlchemy
  warnings.warn(

2026-03-02 14:54:00,826:WARNING:c:\ProgramData\Anaconda3\lib\site-packages\pandas\io\sql.py:762: UserWarning: pandas only support SQLAlchemy connectable(engine/connection) ordatabase string URI or sqlite3 DBAPI2 connectionother DBAPI2 objects are not tested, please consider using SQLAlchemy
  warnings.warn(

2026-03-02 14:54:00,873:WARNING:c:\ProgramData\Anaconda3\lib\site-packages\pandas\io\sql.py:762: UserWarning: pandas only support SQLAlchemy connectable(engine/connection) ordatabase string URI or sqlite3 DBAPI2 connectionother DBAPI2 objects are not tested, please consider using SQLAlchemy
  warnings.warn(

2026-03-02 14:54:01,553:WARNING:C:\Users\savan\AppData\Local\Temp\ipykernel_19604\4086773308.py:1: FutureWarning: Treating datetime data as categorical rather than numeric in `.describe` is deprecated and will be removed in a future version of pandas. Specify `datetime_is_numeric=True` to silence this warning and adopt the future behavior now.
  loan_cashflow_df.describe()

2026-03-02 14:54:02,503:WARNING:c:\ProgramData\Anaconda3\lib\site-packages\pandas\io\sql.py:762: UserWarning: pandas only support SQLAlchemy connectable(engine/connection) ordatabase string URI or sqlite3 DBAPI2 connectionother DBAPI2 objects are not tested, please consider using SQLAlchemy
  warnings.warn(

2026-03-02 14:56:17,890:WARNING:C:\Users\savan\AppData\Local\Temp\ipykernel_19604\2832229280.py:1: FutureWarning: Passing 'suffixes' which cause duplicate columns {'TOTAL_PAID_x'} in the result is deprecated and will raise a MergeError in a future version.
  model_data = model_data.merge(payment_features[["MASKED_ID", "TOTAL_PAID"]],

2026-03-02 14:57:52,435:WARNING:c:\ProgramData\Anaconda3\lib\site-packages\pandas\io\sql.py:762: UserWarning: pandas only support SQLAlchemy connectable(engine/connection) ordatabase string URI or sqlite3 DBAPI2 connectionother DBAPI2 objects are not tested, please consider using SQLAlchemy
  warnings.warn(

2026-03-02 14:57:52,485:WARNING:c:\ProgramData\Anaconda3\lib\site-packages\pandas\io\sql.py:762: UserWarning: pandas only support SQLAlchemy connectable(engine/connection) ordatabase string URI or sqlite3 DBAPI2 connectionother DBAPI2 objects are not tested, please consider using SQLAlchemy
  warnings.warn(

2026-03-02 14:57:52,558:WARNING:c:\ProgramData\Anaconda3\lib\site-packages\pandas\io\sql.py:762: UserWarning: pandas only support SQLAlchemy connectable(engine/connection) ordatabase string URI or sqlite3 DBAPI2 connectionother DBAPI2 objects are not tested, please consider using SQLAlchemy
  warnings.warn(

2026-03-02 14:57:54,077:WARNING:c:\ProgramData\Anaconda3\lib\site-packages\pandas\io\sql.py:762: UserWarning: pandas only support SQLAlchemy connectable(engine/connection) ordatabase string URI or sqlite3 DBAPI2 connectionother DBAPI2 objects are not tested, please consider using SQLAlchemy
  warnings.warn(

2026-03-02 14:57:54,141:WARNING:c:\ProgramData\Anaconda3\lib\site-packages\pandas\io\sql.py:762: UserWarning: pandas only support SQLAlchemy connectable(engine/connection) ordatabase string URI or sqlite3 DBAPI2 connectionother DBAPI2 objects are not tested, please consider using SQLAlchemy
  warnings.warn(

2026-03-02 14:57:54,814:WARNING:C:\Users\savan\AppData\Local\Temp\ipykernel_19604\4086773308.py:1: FutureWarning: Treating datetime data as categorical rather than numeric in `.describe` is deprecated and will be removed in a future version of pandas. Specify `datetime_is_numeric=True` to silence this warning and adopt the future behavior now.
  loan_cashflow_df.describe()

2026-03-02 14:57:55,724:WARNING:c:\ProgramData\Anaconda3\lib\site-packages\pandas\io\sql.py:762: UserWarning: pandas only support SQLAlchemy connectable(engine/connection) ordatabase string URI or sqlite3 DBAPI2 connectionother DBAPI2 objects are not tested, please consider using SQLAlchemy
  warnings.warn(

2026-03-02 14:59:26,030:WARNING:
'cuml' is a soft dependency and not included in the pycaret installation. Please run: `pip install cuml` to install.
2026-03-02 14:59:26,031:WARNING:
'cuml' is a soft dependency and not included in the pycaret installation. Please run: `pip install cuml` to install.
2026-03-02 14:59:26,031:WARNING:
'cuml' is a soft dependency and not included in the pycaret installation. Please run: `pip install cuml` to install.
2026-03-02 14:59:26,031:WARNING:
'cuml' is a soft dependency and not included in the pycaret installation. Please run: `pip install cuml` to install.
2026-03-02 14:59:28,221:WARNING:c:\ProgramData\Anaconda3\lib\site-packages\pandas\io\sql.py:762: UserWarning: pandas only support SQLAlchemy connectable(engine/connection) ordatabase string URI or sqlite3 DBAPI2 connectionother DBAPI2 objects are not tested, please consider using SQLAlchemy
  warnings.warn(

2026-03-02 14:59:28,362:WARNING:c:\ProgramData\Anaconda3\lib\site-packages\pandas\io\sql.py:762: UserWarning: pandas only support SQLAlchemy connectable(engine/connection) ordatabase string URI or sqlite3 DBAPI2 connectionother DBAPI2 objects are not tested, please consider using SQLAlchemy
  warnings.warn(

2026-03-02 14:59:28,705:WARNING:c:\ProgramData\Anaconda3\lib\site-packages\pandas\io\sql.py:762: UserWarning: pandas only support SQLAlchemy connectable(engine/connection) ordatabase string URI or sqlite3 DBAPI2 connectionother DBAPI2 objects are not tested, please consider using SQLAlchemy
  warnings.warn(

2026-03-02 14:59:32,878:WARNING:c:\ProgramData\Anaconda3\lib\site-packages\pandas\io\sql.py:762: UserWarning: pandas only support SQLAlchemy connectable(engine/connection) ordatabase string URI or sqlite3 DBAPI2 connectionother DBAPI2 objects are not tested, please consider using SQLAlchemy
  warnings.warn(

2026-03-02 14:59:32,967:WARNING:c:\ProgramData\Anaconda3\lib\site-packages\pandas\io\sql.py:762: UserWarning: pandas only support SQLAlchemy connectable(engine/connection) ordatabase string URI or sqlite3 DBAPI2 connectionother DBAPI2 objects are not tested, please consider using SQLAlchemy
  warnings.warn(

2026-03-02 14:59:34,613:WARNING:C:\Users\savan\AppData\Local\Temp\ipykernel_34020\4086773308.py:1: FutureWarning: Treating datetime data as categorical rather than numeric in `.describe` is deprecated and will be removed in a future version of pandas. Specify `datetime_is_numeric=True` to silence this warning and adopt the future behavior now.
  loan_cashflow_df.describe()

2026-03-02 14:59:37,213:WARNING:c:\ProgramData\Anaconda3\lib\site-packages\pandas\io\sql.py:762: UserWarning: pandas only support SQLAlchemy connectable(engine/connection) ordatabase string URI or sqlite3 DBAPI2 connectionother DBAPI2 objects are not tested, please consider using SQLAlchemy
  warnings.warn(

2026-03-02 14:59:44,274:WARNING:C:\Users\savan\AppData\Roaming\Python\Python39\site-packages\sklearn\base.py:493: UserWarning: X does not have valid feature names, but LogisticRegression was fitted with feature names
  warnings.warn(

2026-03-02 14:59:50,638:WARNING:C:\Users\savan\AppData\Roaming\Python\Python39\site-packages\sklearn\base.py:493: UserWarning: X does not have valid feature names, but LogisticRegression was fitted with feature names
  warnings.warn(

2026-03-02 15:15:06,432:WARNING:C:\Users\savan\AppData\Local\Temp\ipykernel_34020\912277280.py:7: ClusterWarning: scipy.cluster: The symmetric non-negative hollow observation matrix looks suspiciously like an uncondensed distance matrix
  Z = linkage(gower_sample, method='average')

2026-03-02 15:26:19,811:WARNING:C:\Users\savan\AppData\Roaming\Python\Python39\site-packages\xgboost\core.py:158: UserWarning: [15:26:19] WARNING: C:\buildkite-agent\builds\buildkite-windows-cpu-autoscaling-group-i-08cbc0333d8d4aae1-1\xgboost\xgboost-ci-windows\src\learner.cc:740: 
Parameters: { "use_label_encoder" } are not used.

  warnings.warn(smsg, UserWarning)

2026-03-02 15:27:18,952:WARNING:
'cuml' is a soft dependency and not included in the pycaret installation. Please run: `pip install cuml` to install.
2026-03-02 15:27:18,952:WARNING:
'cuml' is a soft dependency and not included in the pycaret installation. Please run: `pip install cuml` to install.
2026-03-02 15:27:18,954:WARNING:
'cuml' is a soft dependency and not included in the pycaret installation. Please run: `pip install cuml` to install.
2026-03-02 15:27:18,954:WARNING:
'cuml' is a soft dependency and not included in the pycaret installation. Please run: `pip install cuml` to install.
2026-03-02 15:27:19,719:WARNING:c:\ProgramData\Anaconda3\lib\site-packages\pandas\io\sql.py:762: UserWarning: pandas only support SQLAlchemy connectable(engine/connection) ordatabase string URI or sqlite3 DBAPI2 connectionother DBAPI2 objects are not tested, please consider using SQLAlchemy
  warnings.warn(

2026-03-02 15:27:19,754:WARNING:c:\ProgramData\Anaconda3\lib\site-packages\pandas\io\sql.py:762: UserWarning: pandas only support SQLAlchemy connectable(engine/connection) ordatabase string URI or sqlite3 DBAPI2 connectionother DBAPI2 objects are not tested, please consider using SQLAlchemy
  warnings.warn(

2026-03-02 15:27:19,915:WARNING:c:\ProgramData\Anaconda3\lib\site-packages\pandas\io\sql.py:762: UserWarning: pandas only support SQLAlchemy connectable(engine/connection) ordatabase string URI or sqlite3 DBAPI2 connectionother DBAPI2 objects are not tested, please consider using SQLAlchemy
  warnings.warn(

2026-03-02 15:27:21,465:WARNING:c:\ProgramData\Anaconda3\lib\site-packages\pandas\io\sql.py:762: UserWarning: pandas only support SQLAlchemy connectable(engine/connection) ordatabase string URI or sqlite3 DBAPI2 connectionother DBAPI2 objects are not tested, please consider using SQLAlchemy
  warnings.warn(

2026-03-02 15:27:21,524:WARNING:c:\ProgramData\Anaconda3\lib\site-packages\pandas\io\sql.py:762: UserWarning: pandas only support SQLAlchemy connectable(engine/connection) ordatabase string URI or sqlite3 DBAPI2 connectionother DBAPI2 objects are not tested, please consider using SQLAlchemy
  warnings.warn(

2026-03-02 15:27:22,220:WARNING:C:\Users\savan\AppData\Local\Temp\ipykernel_34508\4086773308.py:1: FutureWarning: Treating datetime data as categorical rather than numeric in `.describe` is deprecated and will be removed in a future version of pandas. Specify `datetime_is_numeric=True` to silence this warning and adopt the future behavior now.
  loan_cashflow_df.describe()

2026-03-02 15:27:23,112:WARNING:c:\ProgramData\Anaconda3\lib\site-packages\pandas\io\sql.py:762: UserWarning: pandas only support SQLAlchemy connectable(engine/connection) ordatabase string URI or sqlite3 DBAPI2 connectionother DBAPI2 objects are not tested, please consider using SQLAlchemy
  warnings.warn(

2026-03-02 15:27:26,295:WARNING:C:\Users\savan\AppData\Roaming\Python\Python39\site-packages\sklearn\base.py:493: UserWarning: X does not have valid feature names, but LogisticRegression was fitted with feature names
  warnings.warn(

2026-03-02 15:27:27,858:WARNING:C:\Users\savan\AppData\Roaming\Python\Python39\site-packages\xgboost\core.py:158: UserWarning: [15:27:27] WARNING: C:\buildkite-agent\builds\buildkite-windows-cpu-autoscaling-group-i-08cbc0333d8d4aae1-1\xgboost\xgboost-ci-windows\src\learner.cc:740: 
Parameters: { "use_label_encoder" } are not used.

  warnings.warn(smsg, UserWarning)

2026-03-02 15:31:49,879:WARNING:C:\Users\savan\AppData\Roaming\Python\Python39\site-packages\xgboost\core.py:158: UserWarning: [15:31:49] WARNING: C:\buildkite-agent\builds\buildkite-windows-cpu-autoscaling-group-i-08cbc0333d8d4aae1-1\xgboost\xgboost-ci-windows\src\learner.cc:740: 
Parameters: { "use_label_encoder" } are not used.

  warnings.warn(smsg, UserWarning)

2026-03-02 15:36:31,188:WARNING:
'cuml' is a soft dependency and not included in the pycaret installation. Please run: `pip install cuml` to install.
2026-03-02 15:36:31,188:WARNING:
'cuml' is a soft dependency and not included in the pycaret installation. Please run: `pip install cuml` to install.
2026-03-02 15:36:31,188:WARNING:
'cuml' is a soft dependency and not included in the pycaret installation. Please run: `pip install cuml` to install.
2026-03-02 15:36:31,188:WARNING:
'cuml' is a soft dependency and not included in the pycaret installation. Please run: `pip install cuml` to install.
2026-03-02 15:36:31,902:WARNING:c:\ProgramData\Anaconda3\lib\site-packages\pandas\io\sql.py:762: UserWarning: pandas only support SQLAlchemy connectable(engine/connection) ordatabase string URI or sqlite3 DBAPI2 connectionother DBAPI2 objects are not tested, please consider using SQLAlchemy
  warnings.warn(

2026-03-02 15:36:31,957:WARNING:c:\ProgramData\Anaconda3\lib\site-packages\pandas\io\sql.py:762: UserWarning: pandas only support SQLAlchemy connectable(engine/connection) ordatabase string URI or sqlite3 DBAPI2 connectionother DBAPI2 objects are not tested, please consider using SQLAlchemy
  warnings.warn(

2026-03-02 15:36:32,132:WARNING:c:\ProgramData\Anaconda3\lib\site-packages\pandas\io\sql.py:762: UserWarning: pandas only support SQLAlchemy connectable(engine/connection) ordatabase string URI or sqlite3 DBAPI2 connectionother DBAPI2 objects are not tested, please consider using SQLAlchemy
  warnings.warn(

2026-03-02 15:36:33,633:WARNING:c:\ProgramData\Anaconda3\lib\site-packages\pandas\io\sql.py:762: UserWarning: pandas only support SQLAlchemy connectable(engine/connection) ordatabase string URI or sqlite3 DBAPI2 connectionother DBAPI2 objects are not tested, please consider using SQLAlchemy
  warnings.warn(

2026-03-02 15:36:33,692:WARNING:c:\ProgramData\Anaconda3\lib\site-packages\pandas\io\sql.py:762: UserWarning: pandas only support SQLAlchemy connectable(engine/connection) ordatabase string URI or sqlite3 DBAPI2 connectionother DBAPI2 objects are not tested, please consider using SQLAlchemy
  warnings.warn(

2026-03-02 15:36:34,376:WARNING:C:\Users\savan\AppData\Local\Temp\ipykernel_29644\4086773308.py:1: FutureWarning: Treating datetime data as categorical rather than numeric in `.describe` is deprecated and will be removed in a future version of pandas. Specify `datetime_is_numeric=True` to silence this warning and adopt the future behavior now.
  loan_cashflow_df.describe()

2026-03-02 15:36:35,297:WARNING:c:\ProgramData\Anaconda3\lib\site-packages\pandas\io\sql.py:762: UserWarning: pandas only support SQLAlchemy connectable(engine/connection) ordatabase string URI or sqlite3 DBAPI2 connectionother DBAPI2 objects are not tested, please consider using SQLAlchemy
  warnings.warn(

2026-03-02 15:36:38,297:WARNING:C:\Users\savan\AppData\Roaming\Python\Python39\site-packages\sklearn\base.py:493: UserWarning: X does not have valid feature names, but LogisticRegression was fitted with feature names
  warnings.warn(

2026-03-02 15:36:39,864:WARNING:C:\Users\savan\AppData\Roaming\Python\Python39\site-packages\xgboost\core.py:158: UserWarning: [15:36:39] WARNING: C:\buildkite-agent\builds\buildkite-windows-cpu-autoscaling-group-i-08cbc0333d8d4aae1-1\xgboost\xgboost-ci-windows\src\learner.cc:740: 
Parameters: { "use_label_encoder" } are not used.

  warnings.warn(smsg, UserWarning)

2026-03-02 15:42:20,247:WARNING:C:\Users\savan\AppData\Local\Temp\ipykernel_29644\912277280.py:7: ClusterWarning: scipy.cluster: The symmetric non-negative hollow observation matrix looks suspiciously like an uncondensed distance matrix
  Z = linkage(gower_sample, method='average')

2026-03-02 15:55:22,085:WARNING:c:\ProgramData\Anaconda3\lib\site-packages\pandas\io\sql.py:762: UserWarning: pandas only support SQLAlchemy connectable(engine/connection) ordatabase string URI or sqlite3 DBAPI2 connectionother DBAPI2 objects are not tested, please consider using SQLAlchemy
  warnings.warn(

2026-03-02 15:55:22,141:WARNING:c:\ProgramData\Anaconda3\lib\site-packages\pandas\io\sql.py:762: UserWarning: pandas only support SQLAlchemy connectable(engine/connection) ordatabase string URI or sqlite3 DBAPI2 connectionother DBAPI2 objects are not tested, please consider using SQLAlchemy
  warnings.warn(

2026-03-02 15:55:22,222:WARNING:c:\ProgramData\Anaconda3\lib\site-packages\pandas\io\sql.py:762: UserWarning: pandas only support SQLAlchemy connectable(engine/connection) ordatabase string URI or sqlite3 DBAPI2 connectionother DBAPI2 objects are not tested, please consider using SQLAlchemy
  warnings.warn(

2026-03-02 15:55:23,713:WARNING:c:\ProgramData\Anaconda3\lib\site-packages\pandas\io\sql.py:762: UserWarning: pandas only support SQLAlchemy connectable(engine/connection) ordatabase string URI or sqlite3 DBAPI2 connectionother DBAPI2 objects are not tested, please consider using SQLAlchemy
  warnings.warn(

2026-03-02 15:55:23,766:WARNING:c:\ProgramData\Anaconda3\lib\site-packages\pandas\io\sql.py:762: UserWarning: pandas only support SQLAlchemy connectable(engine/connection) ordatabase string URI or sqlite3 DBAPI2 connectionother DBAPI2 objects are not tested, please consider using SQLAlchemy
  warnings.warn(

2026-03-02 15:55:24,422:WARNING:C:\Users\savan\AppData\Local\Temp\ipykernel_29644\4086773308.py:1: FutureWarning: Treating datetime data as categorical rather than numeric in `.describe` is deprecated and will be removed in a future version of pandas. Specify `datetime_is_numeric=True` to silence this warning and adopt the future behavior now.
  loan_cashflow_df.describe()

2026-03-02 15:55:25,332:WARNING:c:\ProgramData\Anaconda3\lib\site-packages\pandas\io\sql.py:762: UserWarning: pandas only support SQLAlchemy connectable(engine/connection) ordatabase string URI or sqlite3 DBAPI2 connectionother DBAPI2 objects are not tested, please consider using SQLAlchemy
  warnings.warn(

2026-03-02 15:55:29,334:WARNING:C:\Users\savan\AppData\Roaming\Python\Python39\site-packages\sklearn\base.py:493: UserWarning: X does not have valid feature names, but LogisticRegression was fitted with feature names
  warnings.warn(

2026-03-02 15:55:30,181:WARNING:C:\Users\savan\AppData\Roaming\Python\Python39\site-packages\xgboost\core.py:158: UserWarning: [15:55:30] WARNING: C:\buildkite-agent\builds\buildkite-windows-cpu-autoscaling-group-i-08cbc0333d8d4aae1-1\xgboost\xgboost-ci-windows\src\learner.cc:740: 
Parameters: { "use_label_encoder" } are not used.

  warnings.warn(smsg, UserWarning)

2026-03-02 15:59:18,284:WARNING:C:\Users\savan\AppData\Local\Temp\ipykernel_29644\912277280.py:7: ClusterWarning: scipy.cluster: The symmetric non-negative hollow observation matrix looks suspiciously like an uncondensed distance matrix
  Z = linkage(gower_sample, method='average')

2026-03-02 23:49:43,435:WARNING:
'cuml' is a soft dependency and not included in the pycaret installation. Please run: `pip install cuml` to install.
2026-03-02 23:49:43,436:WARNING:
'cuml' is a soft dependency and not included in the pycaret installation. Please run: `pip install cuml` to install.
2026-03-02 23:49:43,436:WARNING:
'cuml' is a soft dependency and not included in the pycaret installation. Please run: `pip install cuml` to install.
2026-03-02 23:49:43,436:WARNING:
'cuml' is a soft dependency and not included in the pycaret installation. Please run: `pip install cuml` to install.
2026-03-02 23:49:46,901:WARNING:c:\ProgramData\Anaconda3\lib\site-packages\pandas\io\sql.py:762: UserWarning: pandas only support SQLAlchemy connectable(engine/connection) ordatabase string URI or sqlite3 DBAPI2 connectionother DBAPI2 objects are not tested, please consider using SQLAlchemy
  warnings.warn(

2026-03-02 23:49:46,987:WARNING:c:\ProgramData\Anaconda3\lib\site-packages\pandas\io\sql.py:762: UserWarning: pandas only support SQLAlchemy connectable(engine/connection) ordatabase string URI or sqlite3 DBAPI2 connectionother DBAPI2 objects are not tested, please consider using SQLAlchemy
  warnings.warn(

2026-03-02 23:49:47,199:WARNING:c:\ProgramData\Anaconda3\lib\site-packages\pandas\io\sql.py:762: UserWarning: pandas only support SQLAlchemy connectable(engine/connection) ordatabase string URI or sqlite3 DBAPI2 connectionother DBAPI2 objects are not tested, please consider using SQLAlchemy
  warnings.warn(

2026-03-02 23:49:49,406:WARNING:c:\ProgramData\Anaconda3\lib\site-packages\pandas\io\sql.py:762: UserWarning: pandas only support SQLAlchemy connectable(engine/connection) ordatabase string URI or sqlite3 DBAPI2 connectionother DBAPI2 objects are not tested, please consider using SQLAlchemy
  warnings.warn(

2026-03-02 23:49:49,454:WARNING:c:\ProgramData\Anaconda3\lib\site-packages\pandas\io\sql.py:762: UserWarning: pandas only support SQLAlchemy connectable(engine/connection) ordatabase string URI or sqlite3 DBAPI2 connectionother DBAPI2 objects are not tested, please consider using SQLAlchemy
  warnings.warn(

2026-03-02 23:49:50,328:WARNING:C:\Users\savan\AppData\Local\Temp\ipykernel_34280\4086773308.py:1: FutureWarning: Treating datetime data as categorical rather than numeric in `.describe` is deprecated and will be removed in a future version of pandas. Specify `datetime_is_numeric=True` to silence this warning and adopt the future behavior now.
  loan_cashflow_df.describe()

2026-03-02 23:49:52,014:WARNING:c:\ProgramData\Anaconda3\lib\site-packages\pandas\io\sql.py:762: UserWarning: pandas only support SQLAlchemy connectable(engine/connection) ordatabase string URI or sqlite3 DBAPI2 connectionother DBAPI2 objects are not tested, please consider using SQLAlchemy
  warnings.warn(

2026-03-02 23:49:56,563:WARNING:C:\Users\savan\AppData\Roaming\Python\Python39\site-packages\sklearn\base.py:493: UserWarning: X does not have valid feature names, but LogisticRegression was fitted with feature names
  warnings.warn(

2026-03-02 23:49:59,559:WARNING:C:\Users\savan\AppData\Roaming\Python\Python39\site-packages\xgboost\core.py:158: UserWarning: [23:49:59] WARNING: C:\buildkite-agent\builds\buildkite-windows-cpu-autoscaling-group-i-08cbc0333d8d4aae1-1\xgboost\xgboost-ci-windows\src\learner.cc:740: 
Parameters: { "use_label_encoder" } are not used.

  warnings.warn(smsg, UserWarning)

2026-03-02 23:55:27,028:WARNING:C:\Users\savan\AppData\Local\Temp\ipykernel_34280\912277280.py:7: ClusterWarning: scipy.cluster: The symmetric non-negative hollow observation matrix looks suspiciously like an uncondensed distance matrix
  Z = linkage(gower_sample, method='average')

2026-03-03 00:04:56,060:WARNING:c:\ProgramData\Anaconda3\lib\site-packages\pandas\io\sql.py:762: UserWarning: pandas only support SQLAlchemy connectable(engine/connection) ordatabase string URI or sqlite3 DBAPI2 connectionother DBAPI2 objects are not tested, please consider using SQLAlchemy
  warnings.warn(

2026-03-03 00:04:56,110:WARNING:c:\ProgramData\Anaconda3\lib\site-packages\pandas\io\sql.py:762: UserWarning: pandas only support SQLAlchemy connectable(engine/connection) ordatabase string URI or sqlite3 DBAPI2 connectionother DBAPI2 objects are not tested, please consider using SQLAlchemy
  warnings.warn(

2026-03-03 00:04:56,212:WARNING:c:\ProgramData\Anaconda3\lib\site-packages\pandas\io\sql.py:762: UserWarning: pandas only support SQLAlchemy connectable(engine/connection) ordatabase string URI or sqlite3 DBAPI2 connectionother DBAPI2 objects are not tested, please consider using SQLAlchemy
  warnings.warn(

2026-03-03 00:04:59,208:WARNING:c:\ProgramData\Anaconda3\lib\site-packages\pandas\io\sql.py:762: UserWarning: pandas only support SQLAlchemy connectable(engine/connection) ordatabase string URI or sqlite3 DBAPI2 connectionother DBAPI2 objects are not tested, please consider using SQLAlchemy
  warnings.warn(

2026-03-03 00:04:59,266:WARNING:c:\ProgramData\Anaconda3\lib\site-packages\pandas\io\sql.py:762: UserWarning: pandas only support SQLAlchemy connectable(engine/connection) ordatabase string URI or sqlite3 DBAPI2 connectionother DBAPI2 objects are not tested, please consider using SQLAlchemy
  warnings.warn(

2026-03-03 00:05:00,148:WARNING:C:\Users\savan\AppData\Local\Temp\ipykernel_34280\4086773308.py:1: FutureWarning: Treating datetime data as categorical rather than numeric in `.describe` is deprecated and will be removed in a future version of pandas. Specify `datetime_is_numeric=True` to silence this warning and adopt the future behavior now.
  loan_cashflow_df.describe()

2026-03-03 00:05:27,331:WARNING:c:\ProgramData\Anaconda3\lib\site-packages\pandas\io\sql.py:762: UserWarning: pandas only support SQLAlchemy connectable(engine/connection) ordatabase string URI or sqlite3 DBAPI2 connectionother DBAPI2 objects are not tested, please consider using SQLAlchemy
  warnings.warn(

2026-03-03 00:06:06,445:WARNING:C:\Users\savan\AppData\Roaming\Python\Python39\site-packages\sklearn\base.py:493: UserWarning: X does not have valid feature names, but LogisticRegression was fitted with feature names
  warnings.warn(

2026-03-03 00:06:19,323:WARNING:C:\Users\savan\AppData\Roaming\Python\Python39\site-packages\xgboost\core.py:158: UserWarning: [00:06:19] WARNING: C:\buildkite-agent\builds\buildkite-windows-cpu-autoscaling-group-i-08cbc0333d8d4aae1-1\xgboost\xgboost-ci-windows\src\learner.cc:740: 
Parameters: { "use_label_encoder" } are not used.

  warnings.warn(smsg, UserWarning)

2026-03-03 00:09:46,373:WARNING:C:\Users\savan\AppData\Local\Temp\ipykernel_34280\912277280.py:7: ClusterWarning: scipy.cluster: The symmetric non-negative hollow observation matrix looks suspiciously like an uncondensed distance matrix
  Z = linkage(gower_sample, method='average')

2026-03-03 00:22:50,211:WARNING:C:\Users\savan\AppData\Roaming\Python\Python39\site-packages\xgboost\core.py:158: UserWarning: [00:22:50] WARNING: C:\buildkite-agent\builds\buildkite-windows-cpu-autoscaling-group-i-08cbc0333d8d4aae1-1\xgboost\xgboost-ci-windows\src\learner.cc:740: 
Parameters: { "use_label_encoder" } are not used.

  warnings.warn(smsg, UserWarning)

2026-03-03 00:24:10,519:WARNING:C:\Users\savan\AppData\Roaming\Python\Python39\site-packages\xgboost\core.py:158: UserWarning: [00:24:10] WARNING: C:\buildkite-agent\builds\buildkite-windows-cpu-autoscaling-group-i-08cbc0333d8d4aae1-1\xgboost\xgboost-ci-windows\src\learner.cc:740: 
Parameters: { "use_label_encoder" } are not used.

  warnings.warn(smsg, UserWarning)

2026-03-03 00:27:12,790:WARNING:C:\Users\savan\AppData\Roaming\Python\Python39\site-packages\xgboost\core.py:158: UserWarning: [00:27:12] WARNING: C:\buildkite-agent\builds\buildkite-windows-cpu-autoscaling-group-i-08cbc0333d8d4aae1-1\xgboost\xgboost-ci-windows\src\learner.cc:740: 
Parameters: { "use_label_encoder" } are not used.

  warnings.warn(smsg, UserWarning)

2026-03-03 00:40:28,132:WARNING:C:\Users\savan\AppData\Roaming\Python\Python39\site-packages\xgboost\core.py:158: UserWarning: [00:40:28] WARNING: C:\buildkite-agent\builds\buildkite-windows-cpu-autoscaling-group-i-08cbc0333d8d4aae1-1\xgboost\xgboost-ci-windows\src\learner.cc:740: 
Parameters: { "use_label_encoder" } are not used.

  warnings.warn(smsg, UserWarning)

2026-03-03 00:43:47,759:WARNING:C:\Users\savan\AppData\Roaming\Python\Python39\site-packages\xgboost\core.py:158: UserWarning: [00:43:47] WARNING: C:\buildkite-agent\builds\buildkite-windows-cpu-autoscaling-group-i-08cbc0333d8d4aae1-1\xgboost\xgboost-ci-windows\src\learner.cc:740: 
Parameters: { "use_label_encoder" } are not used.

  warnings.warn(smsg, UserWarning)

2026-03-03 00:46:23,443:WARNING:
'cuml' is a soft dependency and not included in the pycaret installation. Please run: `pip install cuml` to install.
2026-03-03 00:46:23,443:WARNING:
'cuml' is a soft dependency and not included in the pycaret installation. Please run: `pip install cuml` to install.
2026-03-03 00:46:23,443:WARNING:
'cuml' is a soft dependency and not included in the pycaret installation. Please run: `pip install cuml` to install.
2026-03-03 00:46:23,443:WARNING:
'cuml' is a soft dependency and not included in the pycaret installation. Please run: `pip install cuml` to install.
2026-03-03 00:46:24,452:WARNING:c:\ProgramData\Anaconda3\lib\site-packages\pandas\io\sql.py:762: UserWarning: pandas only support SQLAlchemy connectable(engine/connection) ordatabase string URI or sqlite3 DBAPI2 connectionother DBAPI2 objects are not tested, please consider using SQLAlchemy
  warnings.warn(

2026-03-03 00:46:24,528:WARNING:c:\ProgramData\Anaconda3\lib\site-packages\pandas\io\sql.py:762: UserWarning: pandas only support SQLAlchemy connectable(engine/connection) ordatabase string URI or sqlite3 DBAPI2 connectionother DBAPI2 objects are not tested, please consider using SQLAlchemy
  warnings.warn(

2026-03-03 00:46:24,717:WARNING:c:\ProgramData\Anaconda3\lib\site-packages\pandas\io\sql.py:762: UserWarning: pandas only support SQLAlchemy connectable(engine/connection) ordatabase string URI or sqlite3 DBAPI2 connectionother DBAPI2 objects are not tested, please consider using SQLAlchemy
  warnings.warn(

2026-03-03 00:46:26,431:WARNING:c:\ProgramData\Anaconda3\lib\site-packages\pandas\io\sql.py:762: UserWarning: pandas only support SQLAlchemy connectable(engine/connection) ordatabase string URI or sqlite3 DBAPI2 connectionother DBAPI2 objects are not tested, please consider using SQLAlchemy
  warnings.warn(

2026-03-03 00:46:26,493:WARNING:c:\ProgramData\Anaconda3\lib\site-packages\pandas\io\sql.py:762: UserWarning: pandas only support SQLAlchemy connectable(engine/connection) ordatabase string URI or sqlite3 DBAPI2 connectionother DBAPI2 objects are not tested, please consider using SQLAlchemy
  warnings.warn(

2026-03-03 00:46:27,211:WARNING:C:\Users\savan\AppData\Local\Temp\ipykernel_28032\4086773308.py:1: FutureWarning: Treating datetime data as categorical rather than numeric in `.describe` is deprecated and will be removed in a future version of pandas. Specify `datetime_is_numeric=True` to silence this warning and adopt the future behavior now.
  loan_cashflow_df.describe()

2026-03-03 00:46:28,241:WARNING:c:\ProgramData\Anaconda3\lib\site-packages\pandas\io\sql.py:762: UserWarning: pandas only support SQLAlchemy connectable(engine/connection) ordatabase string URI or sqlite3 DBAPI2 connectionother DBAPI2 objects are not tested, please consider using SQLAlchemy
  warnings.warn(

2026-03-03 00:46:31,437:WARNING:C:\Users\savan\AppData\Roaming\Python\Python39\site-packages\sklearn\base.py:493: UserWarning: X does not have valid feature names, but LogisticRegression was fitted with feature names
  warnings.warn(

2026-03-03 00:56:39,006:WARNING:C:\Users\savan\AppData\Roaming\Python\Python39\site-packages\xgboost\core.py:158: UserWarning: [00:56:39] WARNING: C:\buildkite-agent\builds\buildkite-windows-cpu-autoscaling-group-i-08cbc0333d8d4aae1-1\xgboost\xgboost-ci-windows\src\learner.cc:740: 
Parameters: { "use_label_encoder" } are not used.

  warnings.warn(smsg, UserWarning)

2026-03-03 01:02:27,612:WARNING:C:\Users\savan\AppData\Roaming\Python\Python39\site-packages\xgboost\core.py:158: UserWarning: [01:02:27] WARNING: C:\buildkite-agent\builds\buildkite-windows-cpu-autoscaling-group-i-08cbc0333d8d4aae1-1\xgboost\xgboost-ci-windows\src\learner.cc:740: 
Parameters: { "use_label_encoder" } are not used.

  warnings.warn(smsg, UserWarning)

2026-03-03 01:09:31,936:WARNING:C:\Users\savan\AppData\Roaming\Python\Python39\site-packages\xgboost\core.py:158: UserWarning: [01:09:31] WARNING: C:\buildkite-agent\builds\buildkite-windows-cpu-autoscaling-group-i-08cbc0333d8d4aae1-1\xgboost\xgboost-ci-windows\src\learner.cc:740: 
Parameters: { "use_label_encoder" } are not used.

  warnings.warn(smsg, UserWarning)

2026-03-03 01:18:57,889:WARNING:C:\Users\savan\AppData\Roaming\Python\Python39\site-packages\xgboost\core.py:158: UserWarning: [01:18:57] WARNING: C:\buildkite-agent\builds\buildkite-windows-cpu-autoscaling-group-i-08cbc0333d8d4aae1-1\xgboost\xgboost-ci-windows\src\learner.cc:740: 
Parameters: { "use_label_encoder" } are not used.

  warnings.warn(smsg, UserWarning)

2026-03-03 01:19:03,566:WARNING:C:\Users\savan\AppData\Roaming\Python\Python39\site-packages\xgboost\core.py:158: UserWarning: [01:19:03] WARNING: C:\buildkite-agent\builds\buildkite-windows-cpu-autoscaling-group-i-08cbc0333d8d4aae1-1\xgboost\xgboost-ci-windows\src\learner.cc:740: 
Parameters: { "use_label_encoder" } are not used.

  warnings.warn(smsg, UserWarning)

2026-03-03 01:19:19,870:WARNING:C:\Users\savan\AppData\Roaming\Python\Python39\site-packages\xgboost\core.py:158: UserWarning: [01:19:19] WARNING: C:\buildkite-agent\builds\buildkite-windows-cpu-autoscaling-group-i-08cbc0333d8d4aae1-1\xgboost\xgboost-ci-windows\src\learner.cc:740: 
Parameters: { "use_label_encoder" } are not used.

  warnings.warn(smsg, UserWarning)

2026-03-03 01:21:07,411:WARNING:C:\Users\savan\AppData\Roaming\Python\Python39\site-packages\xgboost\core.py:158: UserWarning: [01:21:07] WARNING: C:\buildkite-agent\builds\buildkite-windows-cpu-autoscaling-group-i-08cbc0333d8d4aae1-1\xgboost\xgboost-ci-windows\src\learner.cc:740: 
Parameters: { "use_label_encoder" } are not used.

  warnings.warn(smsg, UserWarning)

2026-03-03 01:21:41,513:WARNING:
'cuml' is a soft dependency and not included in the pycaret installation. Please run: `pip install cuml` to install.
2026-03-03 01:21:41,513:WARNING:
'cuml' is a soft dependency and not included in the pycaret installation. Please run: `pip install cuml` to install.
2026-03-03 01:21:41,513:WARNING:
'cuml' is a soft dependency and not included in the pycaret installation. Please run: `pip install cuml` to install.
2026-03-03 01:21:41,513:WARNING:
'cuml' is a soft dependency and not included in the pycaret installation. Please run: `pip install cuml` to install.
2026-03-03 01:21:43,263:WARNING:c:\ProgramData\Anaconda3\lib\site-packages\pandas\io\sql.py:762: UserWarning: pandas only support SQLAlchemy connectable(engine/connection) ordatabase string URI or sqlite3 DBAPI2 connectionother DBAPI2 objects are not tested, please consider using SQLAlchemy
  warnings.warn(

2026-03-03 01:21:43,297:WARNING:c:\ProgramData\Anaconda3\lib\site-packages\pandas\io\sql.py:762: UserWarning: pandas only support SQLAlchemy connectable(engine/connection) ordatabase string URI or sqlite3 DBAPI2 connectionother DBAPI2 objects are not tested, please consider using SQLAlchemy
  warnings.warn(

2026-03-03 01:21:43,395:WARNING:c:\ProgramData\Anaconda3\lib\site-packages\pandas\io\sql.py:762: UserWarning: pandas only support SQLAlchemy connectable(engine/connection) ordatabase string URI or sqlite3 DBAPI2 connectionother DBAPI2 objects are not tested, please consider using SQLAlchemy
  warnings.warn(

2026-03-03 01:21:44,957:WARNING:c:\ProgramData\Anaconda3\lib\site-packages\pandas\io\sql.py:762: UserWarning: pandas only support SQLAlchemy connectable(engine/connection) ordatabase string URI or sqlite3 DBAPI2 connectionother DBAPI2 objects are not tested, please consider using SQLAlchemy
  warnings.warn(

2026-03-03 01:21:45,027:WARNING:c:\ProgramData\Anaconda3\lib\site-packages\pandas\io\sql.py:762: UserWarning: pandas only support SQLAlchemy connectable(engine/connection) ordatabase string URI or sqlite3 DBAPI2 connectionother DBAPI2 objects are not tested, please consider using SQLAlchemy
  warnings.warn(

2026-03-03 01:21:45,830:WARNING:C:\Users\savan\AppData\Local\Temp\ipykernel_27424\4086773308.py:1: FutureWarning: Treating datetime data as categorical rather than numeric in `.describe` is deprecated and will be removed in a future version of pandas. Specify `datetime_is_numeric=True` to silence this warning and adopt the future behavior now.
  loan_cashflow_df.describe()

2026-03-03 01:21:46,923:WARNING:c:\ProgramData\Anaconda3\lib\site-packages\pandas\io\sql.py:762: UserWarning: pandas only support SQLAlchemy connectable(engine/connection) ordatabase string URI or sqlite3 DBAPI2 connectionother DBAPI2 objects are not tested, please consider using SQLAlchemy
  warnings.warn(

2026-03-03 01:21:50,287:WARNING:C:\Users\savan\AppData\Roaming\Python\Python39\site-packages\sklearn\base.py:493: UserWarning: X does not have valid feature names, but LogisticRegression was fitted with feature names
  warnings.warn(

2026-03-03 01:21:57,678:WARNING:C:\Users\savan\AppData\Roaming\Python\Python39\site-packages\xgboost\core.py:158: UserWarning: [01:21:57] WARNING: C:\buildkite-agent\builds\buildkite-windows-cpu-autoscaling-group-i-08cbc0333d8d4aae1-1\xgboost\xgboost-ci-windows\src\learner.cc:740: 
Parameters: { "use_label_encoder" } are not used.

  warnings.warn(smsg, UserWarning)

2026-03-03 01:21:58,050:WARNING:C:\Users\savan\AppData\Roaming\Python\Python39\site-packages\xgboost\core.py:158: UserWarning: [01:21:58] WARNING: C:\buildkite-agent\builds\buildkite-windows-cpu-autoscaling-group-i-08cbc0333d8d4aae1-1\xgboost\xgboost-ci-windows\src\learner.cc:740: 
Parameters: { "use_label_encoder" } are not used.

  warnings.warn(smsg, UserWarning)

2026-03-03 01:21:58,225:WARNING:C:\Users\savan\AppData\Roaming\Python\Python39\site-packages\xgboost\core.py:158: UserWarning: [01:21:58] WARNING: C:\buildkite-agent\builds\buildkite-windows-cpu-autoscaling-group-i-08cbc0333d8d4aae1-1\xgboost\xgboost-ci-windows\src\learner.cc:740: 
Parameters: { "use_label_encoder" } are not used.

  warnings.warn(smsg, UserWarning)

2026-03-03 01:21:58,472:WARNING:C:\Users\savan\AppData\Roaming\Python\Python39\site-packages\xgboost\core.py:158: UserWarning: [01:21:58] WARNING: C:\buildkite-agent\builds\buildkite-windows-cpu-autoscaling-group-i-08cbc0333d8d4aae1-1\xgboost\xgboost-ci-windows\src\learner.cc:740: 
Parameters: { "use_label_encoder" } are not used.

  warnings.warn(smsg, UserWarning)

2026-03-03 01:22:00,726:WARNING:C:\Users\savan\AppData\Roaming\Python\Python39\site-packages\xgboost\core.py:158: UserWarning: [01:22:00] WARNING: C:\buildkite-agent\builds\buildkite-windows-cpu-autoscaling-group-i-08cbc0333d8d4aae1-1\xgboost\xgboost-ci-windows\src\learner.cc:740: 
Parameters: { "use_label_encoder" } are not used.

  warnings.warn(smsg, UserWarning)

2026-03-03 01:24:22,813:WARNING:C:\Users\savan\AppData\Local\Temp\ipykernel_27424\912277280.py:7: ClusterWarning: scipy.cluster: The symmetric non-negative hollow observation matrix looks suspiciously like an uncondensed distance matrix
  Z = linkage(gower_sample, method='average')

2026-03-03 01:26:40,905:WARNING:c:\ProgramData\Anaconda3\lib\site-packages\pandas\io\sql.py:762: UserWarning: pandas only support SQLAlchemy connectable(engine/connection) ordatabase string URI or sqlite3 DBAPI2 connectionother DBAPI2 objects are not tested, please consider using SQLAlchemy
  warnings.warn(

2026-03-03 01:26:40,953:WARNING:c:\ProgramData\Anaconda3\lib\site-packages\pandas\io\sql.py:762: UserWarning: pandas only support SQLAlchemy connectable(engine/connection) ordatabase string URI or sqlite3 DBAPI2 connectionother DBAPI2 objects are not tested, please consider using SQLAlchemy
  warnings.warn(

2026-03-03 01:26:41,034:WARNING:c:\ProgramData\Anaconda3\lib\site-packages\pandas\io\sql.py:762: UserWarning: pandas only support SQLAlchemy connectable(engine/connection) ordatabase string URI or sqlite3 DBAPI2 connectionother DBAPI2 objects are not tested, please consider using SQLAlchemy
  warnings.warn(

2026-03-03 01:26:42,972:WARNING:c:\ProgramData\Anaconda3\lib\site-packages\pandas\io\sql.py:762: UserWarning: pandas only support SQLAlchemy connectable(engine/connection) ordatabase string URI or sqlite3 DBAPI2 connectionother DBAPI2 objects are not tested, please consider using SQLAlchemy
  warnings.warn(

2026-03-03 01:26:43,042:WARNING:c:\ProgramData\Anaconda3\lib\site-packages\pandas\io\sql.py:762: UserWarning: pandas only support SQLAlchemy connectable(engine/connection) ordatabase string URI or sqlite3 DBAPI2 connectionother DBAPI2 objects are not tested, please consider using SQLAlchemy
  warnings.warn(

2026-03-03 01:26:43,721:WARNING:C:\Users\savan\AppData\Local\Temp\ipykernel_27424\4086773308.py:1: FutureWarning: Treating datetime data as categorical rather than numeric in `.describe` is deprecated and will be removed in a future version of pandas. Specify `datetime_is_numeric=True` to silence this warning and adopt the future behavior now.
  loan_cashflow_df.describe()

2026-03-03 01:26:44,700:WARNING:c:\ProgramData\Anaconda3\lib\site-packages\pandas\io\sql.py:762: UserWarning: pandas only support SQLAlchemy connectable(engine/connection) ordatabase string URI or sqlite3 DBAPI2 connectionother DBAPI2 objects are not tested, please consider using SQLAlchemy
  warnings.warn(

2026-03-03 01:26:47,909:WARNING:C:\Users\savan\AppData\Roaming\Python\Python39\site-packages\sklearn\base.py:493: UserWarning: X does not have valid feature names, but LogisticRegression was fitted with feature names
  warnings.warn(

2026-03-03 01:26:53,468:WARNING:C:\Users\savan\AppData\Roaming\Python\Python39\site-packages\xgboost\core.py:158: UserWarning: [01:26:53] WARNING: C:\buildkite-agent\builds\buildkite-windows-cpu-autoscaling-group-i-08cbc0333d8d4aae1-1\xgboost\xgboost-ci-windows\src\learner.cc:740: 
Parameters: { "use_label_encoder" } are not used.

  warnings.warn(smsg, UserWarning)

2026-03-03 01:26:53,784:WARNING:C:\Users\savan\AppData\Roaming\Python\Python39\site-packages\xgboost\core.py:158: UserWarning: [01:26:53] WARNING: C:\buildkite-agent\builds\buildkite-windows-cpu-autoscaling-group-i-08cbc0333d8d4aae1-1\xgboost\xgboost-ci-windows\src\learner.cc:740: 
Parameters: { "use_label_encoder" } are not used.

  warnings.warn(smsg, UserWarning)

2026-03-03 01:26:53,953:WARNING:C:\Users\savan\AppData\Roaming\Python\Python39\site-packages\xgboost\core.py:158: UserWarning: [01:26:53] WARNING: C:\buildkite-agent\builds\buildkite-windows-cpu-autoscaling-group-i-08cbc0333d8d4aae1-1\xgboost\xgboost-ci-windows\src\learner.cc:740: 
Parameters: { "use_label_encoder" } are not used.

  warnings.warn(smsg, UserWarning)

2026-03-03 01:26:54,135:WARNING:C:\Users\savan\AppData\Roaming\Python\Python39\site-packages\xgboost\core.py:158: UserWarning: [01:26:54] WARNING: C:\buildkite-agent\builds\buildkite-windows-cpu-autoscaling-group-i-08cbc0333d8d4aae1-1\xgboost\xgboost-ci-windows\src\learner.cc:740: 
Parameters: { "use_label_encoder" } are not used.

  warnings.warn(smsg, UserWarning)

2026-03-03 01:26:56,137:WARNING:C:\Users\savan\AppData\Roaming\Python\Python39\site-packages\xgboost\core.py:158: UserWarning: [01:26:56] WARNING: C:\buildkite-agent\builds\buildkite-windows-cpu-autoscaling-group-i-08cbc0333d8d4aae1-1\xgboost\xgboost-ci-windows\src\learner.cc:740: 
Parameters: { "use_label_encoder" } are not used.

  warnings.warn(smsg, UserWarning)

2026-03-03 01:29:15,313:WARNING:C:\Users\savan\AppData\Local\Temp\ipykernel_27424\912277280.py:7: ClusterWarning: scipy.cluster: The symmetric non-negative hollow observation matrix looks suspiciously like an uncondensed distance matrix
  Z = linkage(gower_sample, method='average')

2026-03-03 01:38:32,190:WARNING:C:\Users\savan\AppData\Roaming\Python\Python39\site-packages\xgboost\core.py:158: UserWarning: [01:38:32] WARNING: C:\buildkite-agent\builds\buildkite-windows-cpu-autoscaling-group-i-08cbc0333d8d4aae1-1\xgboost\xgboost-ci-windows\src\learner.cc:740: 
Parameters: { "use_label_encoder" } are not used.

  warnings.warn(smsg, UserWarning)

2026-03-03 01:40:04,820:WARNING:C:\Users\savan\AppData\Roaming\Python\Python39\site-packages\xgboost\core.py:158: UserWarning: [01:40:04] WARNING: C:\buildkite-agent\builds\buildkite-windows-cpu-autoscaling-group-i-08cbc0333d8d4aae1-1\xgboost\xgboost-ci-windows\src\learner.cc:740: 
Parameters: { "use_label_encoder" } are not used.

  warnings.warn(smsg, UserWarning)

2026-03-03 13:06:42,842:WARNING:
'cuml' is a soft dependency and not included in the pycaret installation. Please run: `pip install cuml` to install.
2026-03-03 13:06:42,843:WARNING:
'cuml' is a soft dependency and not included in the pycaret installation. Please run: `pip install cuml` to install.
2026-03-03 13:06:42,843:WARNING:
'cuml' is a soft dependency and not included in the pycaret installation. Please run: `pip install cuml` to install.
2026-03-03 13:06:42,843:WARNING:
'cuml' is a soft dependency and not included in the pycaret installation. Please run: `pip install cuml` to install.
2026-03-03 13:06:48,809:WARNING:c:\ProgramData\Anaconda3\lib\site-packages\pandas\io\sql.py:762: UserWarning: pandas only support SQLAlchemy connectable(engine/connection) ordatabase string URI or sqlite3 DBAPI2 connectionother DBAPI2 objects are not tested, please consider using SQLAlchemy
  warnings.warn(

2026-03-03 13:06:48,916:WARNING:c:\ProgramData\Anaconda3\lib\site-packages\pandas\io\sql.py:762: UserWarning: pandas only support SQLAlchemy connectable(engine/connection) ordatabase string URI or sqlite3 DBAPI2 connectionother DBAPI2 objects are not tested, please consider using SQLAlchemy
  warnings.warn(

2026-03-03 13:06:49,197:WARNING:c:\ProgramData\Anaconda3\lib\site-packages\pandas\io\sql.py:762: UserWarning: pandas only support SQLAlchemy connectable(engine/connection) ordatabase string URI or sqlite3 DBAPI2 connectionother DBAPI2 objects are not tested, please consider using SQLAlchemy
  warnings.warn(

2026-03-03 13:06:52,050:WARNING:c:\ProgramData\Anaconda3\lib\site-packages\pandas\io\sql.py:762: UserWarning: pandas only support SQLAlchemy connectable(engine/connection) ordatabase string URI or sqlite3 DBAPI2 connectionother DBAPI2 objects are not tested, please consider using SQLAlchemy
  warnings.warn(

2026-03-03 13:06:52,087:WARNING:c:\ProgramData\Anaconda3\lib\site-packages\pandas\io\sql.py:762: UserWarning: pandas only support SQLAlchemy connectable(engine/connection) ordatabase string URI or sqlite3 DBAPI2 connectionother DBAPI2 objects are not tested, please consider using SQLAlchemy
  warnings.warn(

2026-03-03 13:06:52,964:WARNING:C:\Users\savan\AppData\Local\Temp\ipykernel_4548\4086773308.py:1: FutureWarning: Treating datetime data as categorical rather than numeric in `.describe` is deprecated and will be removed in a future version of pandas. Specify `datetime_is_numeric=True` to silence this warning and adopt the future behavior now.
  loan_cashflow_df.describe()

2026-03-03 13:06:54,899:WARNING:c:\ProgramData\Anaconda3\lib\site-packages\pandas\io\sql.py:762: UserWarning: pandas only support SQLAlchemy connectable(engine/connection) ordatabase string URI or sqlite3 DBAPI2 connectionother DBAPI2 objects are not tested, please consider using SQLAlchemy
  warnings.warn(

2026-03-03 13:07:00,052:WARNING:C:\Users\savan\AppData\Roaming\Python\Python39\site-packages\sklearn\base.py:493: UserWarning: X does not have valid feature names, but LogisticRegression was fitted with feature names
  warnings.warn(

2026-03-03 13:07:10,673:WARNING:C:\Users\savan\AppData\Roaming\Python\Python39\site-packages\xgboost\core.py:158: UserWarning: [13:07:10] WARNING: C:\buildkite-agent\builds\buildkite-windows-cpu-autoscaling-group-i-08cbc0333d8d4aae1-1\xgboost\xgboost-ci-windows\src\learner.cc:740: 
Parameters: { "use_label_encoder" } are not used.

  warnings.warn(smsg, UserWarning)

2026-03-03 13:07:11,069:WARNING:C:\Users\savan\AppData\Roaming\Python\Python39\site-packages\xgboost\core.py:158: UserWarning: [13:07:11] WARNING: C:\buildkite-agent\builds\buildkite-windows-cpu-autoscaling-group-i-08cbc0333d8d4aae1-1\xgboost\xgboost-ci-windows\src\learner.cc:740: 
Parameters: { "use_label_encoder" } are not used.

  warnings.warn(smsg, UserWarning)

2026-03-03 13:07:11,312:WARNING:C:\Users\savan\AppData\Roaming\Python\Python39\site-packages\xgboost\core.py:158: UserWarning: [13:07:11] WARNING: C:\buildkite-agent\builds\buildkite-windows-cpu-autoscaling-group-i-08cbc0333d8d4aae1-1\xgboost\xgboost-ci-windows\src\learner.cc:740: 
Parameters: { "use_label_encoder" } are not used.

  warnings.warn(smsg, UserWarning)

2026-03-03 13:07:11,578:WARNING:C:\Users\savan\AppData\Roaming\Python\Python39\site-packages\xgboost\core.py:158: UserWarning: [13:07:11] WARNING: C:\buildkite-agent\builds\buildkite-windows-cpu-autoscaling-group-i-08cbc0333d8d4aae1-1\xgboost\xgboost-ci-windows\src\learner.cc:740: 
Parameters: { "use_label_encoder" } are not used.

  warnings.warn(smsg, UserWarning)

2026-03-03 13:07:14,688:WARNING:C:\Users\savan\AppData\Roaming\Python\Python39\site-packages\xgboost\core.py:158: UserWarning: [13:07:14] WARNING: C:\buildkite-agent\builds\buildkite-windows-cpu-autoscaling-group-i-08cbc0333d8d4aae1-1\xgboost\xgboost-ci-windows\src\learner.cc:740: 
Parameters: { "use_label_encoder" } are not used.

  warnings.warn(smsg, UserWarning)

2026-03-03 13:14:59,974:WARNING:C:\Users\savan\AppData\Local\Temp\ipykernel_4548\912277280.py:7: ClusterWarning: scipy.cluster: The symmetric non-negative hollow observation matrix looks suspiciously like an uncondensed distance matrix
  Z = linkage(gower_sample, method='average')

2026-03-03 13:22:19,512:WARNING:C:\Users\savan\AppData\Roaming\Python\Python39\site-packages\xgboost\core.py:158: UserWarning: [13:22:19] WARNING: C:\buildkite-agent\builds\buildkite-windows-cpu-autoscaling-group-i-08cbc0333d8d4aae1-1\xgboost\xgboost-ci-windows\src\learner.cc:740: 
Parameters: { "use_label_encoder" } are not used.

  warnings.warn(smsg, UserWarning)

2026-03-03 13:27:40,686:WARNING:
'cuml' is a soft dependency and not included in the pycaret installation. Please run: `pip install cuml` to install.
2026-03-03 13:27:40,686:WARNING:
'cuml' is a soft dependency and not included in the pycaret installation. Please run: `pip install cuml` to install.
2026-03-03 13:27:40,686:WARNING:
'cuml' is a soft dependency and not included in the pycaret installation. Please run: `pip install cuml` to install.
2026-03-03 13:27:40,686:WARNING:
'cuml' is a soft dependency and not included in the pycaret installation. Please run: `pip install cuml` to install.
2026-03-03 13:27:41,803:WARNING:c:\ProgramData\Anaconda3\lib\site-packages\pandas\io\sql.py:762: UserWarning: pandas only support SQLAlchemy connectable(engine/connection) ordatabase string URI or sqlite3 DBAPI2 connectionother DBAPI2 objects are not tested, please consider using SQLAlchemy
  warnings.warn(

2026-03-03 13:27:41,855:WARNING:c:\ProgramData\Anaconda3\lib\site-packages\pandas\io\sql.py:762: UserWarning: pandas only support SQLAlchemy connectable(engine/connection) ordatabase string URI or sqlite3 DBAPI2 connectionother DBAPI2 objects are not tested, please consider using SQLAlchemy
  warnings.warn(

2026-03-03 13:27:42,054:WARNING:c:\ProgramData\Anaconda3\lib\site-packages\pandas\io\sql.py:762: UserWarning: pandas only support SQLAlchemy connectable(engine/connection) ordatabase string URI or sqlite3 DBAPI2 connectionother DBAPI2 objects are not tested, please consider using SQLAlchemy
  warnings.warn(

2026-03-03 13:27:44,214:WARNING:c:\ProgramData\Anaconda3\lib\site-packages\pandas\io\sql.py:762: UserWarning: pandas only support SQLAlchemy connectable(engine/connection) ordatabase string URI or sqlite3 DBAPI2 connectionother DBAPI2 objects are not tested, please consider using SQLAlchemy
  warnings.warn(

2026-03-03 13:27:44,264:WARNING:c:\ProgramData\Anaconda3\lib\site-packages\pandas\io\sql.py:762: UserWarning: pandas only support SQLAlchemy connectable(engine/connection) ordatabase string URI or sqlite3 DBAPI2 connectionother DBAPI2 objects are not tested, please consider using SQLAlchemy
  warnings.warn(

2026-03-03 13:27:45,148:WARNING:C:\Users\savan\AppData\Local\Temp\ipykernel_5884\4086773308.py:1: FutureWarning: Treating datetime data as categorical rather than numeric in `.describe` is deprecated and will be removed in a future version of pandas. Specify `datetime_is_numeric=True` to silence this warning and adopt the future behavior now.
  loan_cashflow_df.describe()

2026-03-03 13:27:46,623:WARNING:c:\ProgramData\Anaconda3\lib\site-packages\pandas\io\sql.py:762: UserWarning: pandas only support SQLAlchemy connectable(engine/connection) ordatabase string URI or sqlite3 DBAPI2 connectionother DBAPI2 objects are not tested, please consider using SQLAlchemy
  warnings.warn(

2026-03-03 13:27:51,693:WARNING:C:\Users\savan\AppData\Roaming\Python\Python39\site-packages\sklearn\base.py:493: UserWarning: X does not have valid feature names, but LogisticRegression was fitted with feature names
  warnings.warn(

2026-03-03 13:28:00,924:WARNING:C:\Users\savan\AppData\Roaming\Python\Python39\site-packages\xgboost\core.py:158: UserWarning: [13:28:00] WARNING: C:\buildkite-agent\builds\buildkite-windows-cpu-autoscaling-group-i-08cbc0333d8d4aae1-1\xgboost\xgboost-ci-windows\src\learner.cc:740: 
Parameters: { "use_label_encoder" } are not used.

  warnings.warn(smsg, UserWarning)

2026-03-03 13:30:37,515:WARNING:c:\ProgramData\Anaconda3\lib\site-packages\pandas\io\sql.py:762: UserWarning: pandas only support SQLAlchemy connectable(engine/connection) ordatabase string URI or sqlite3 DBAPI2 connectionother DBAPI2 objects are not tested, please consider using SQLAlchemy
  warnings.warn(

2026-03-03 13:30:37,615:WARNING:c:\ProgramData\Anaconda3\lib\site-packages\pandas\io\sql.py:762: UserWarning: pandas only support SQLAlchemy connectable(engine/connection) ordatabase string URI or sqlite3 DBAPI2 connectionother DBAPI2 objects are not tested, please consider using SQLAlchemy
  warnings.warn(

2026-03-03 13:30:37,723:WARNING:c:\ProgramData\Anaconda3\lib\site-packages\pandas\io\sql.py:762: UserWarning: pandas only support SQLAlchemy connectable(engine/connection) ordatabase string URI or sqlite3 DBAPI2 connectionother DBAPI2 objects are not tested, please consider using SQLAlchemy
  warnings.warn(

2026-03-03 13:30:39,711:WARNING:c:\ProgramData\Anaconda3\lib\site-packages\pandas\io\sql.py:762: UserWarning: pandas only support SQLAlchemy connectable(engine/connection) ordatabase string URI or sqlite3 DBAPI2 connectionother DBAPI2 objects are not tested, please consider using SQLAlchemy
  warnings.warn(

2026-03-03 13:30:39,761:WARNING:c:\ProgramData\Anaconda3\lib\site-packages\pandas\io\sql.py:762: UserWarning: pandas only support SQLAlchemy connectable(engine/connection) ordatabase string URI or sqlite3 DBAPI2 connectionother DBAPI2 objects are not tested, please consider using SQLAlchemy
  warnings.warn(

2026-03-03 13:30:40,525:WARNING:C:\Users\savan\AppData\Local\Temp\ipykernel_5884\4086773308.py:1: FutureWarning: Treating datetime data as categorical rather than numeric in `.describe` is deprecated and will be removed in a future version of pandas. Specify `datetime_is_numeric=True` to silence this warning and adopt the future behavior now.
  loan_cashflow_df.describe()

2026-03-03 13:30:41,789:WARNING:c:\ProgramData\Anaconda3\lib\site-packages\pandas\io\sql.py:762: UserWarning: pandas only support SQLAlchemy connectable(engine/connection) ordatabase string URI or sqlite3 DBAPI2 connectionother DBAPI2 objects are not tested, please consider using SQLAlchemy
  warnings.warn(

2026-03-03 13:30:46,396:WARNING:C:\Users\savan\AppData\Roaming\Python\Python39\site-packages\sklearn\base.py:493: UserWarning: X does not have valid feature names, but LogisticRegression was fitted with feature names
  warnings.warn(

2026-03-03 13:30:54,486:WARNING:C:\Users\savan\AppData\Roaming\Python\Python39\site-packages\xgboost\core.py:158: UserWarning: [13:30:54] WARNING: C:\buildkite-agent\builds\buildkite-windows-cpu-autoscaling-group-i-08cbc0333d8d4aae1-1\xgboost\xgboost-ci-windows\src\learner.cc:740: 
Parameters: { "use_label_encoder" } are not used.

  warnings.warn(smsg, UserWarning)

2026-03-03 13:30:54,971:WARNING:C:\Users\savan\AppData\Roaming\Python\Python39\site-packages\xgboost\core.py:158: UserWarning: [13:30:54] WARNING: C:\buildkite-agent\builds\buildkite-windows-cpu-autoscaling-group-i-08cbc0333d8d4aae1-1\xgboost\xgboost-ci-windows\src\learner.cc:740: 
Parameters: { "use_label_encoder" } are not used.

  warnings.warn(smsg, UserWarning)

2026-03-03 13:30:55,253:WARNING:C:\Users\savan\AppData\Roaming\Python\Python39\site-packages\xgboost\core.py:158: UserWarning: [13:30:55] WARNING: C:\buildkite-agent\builds\buildkite-windows-cpu-autoscaling-group-i-08cbc0333d8d4aae1-1\xgboost\xgboost-ci-windows\src\learner.cc:740: 
Parameters: { "use_label_encoder" } are not used.

  warnings.warn(smsg, UserWarning)

2026-03-03 13:30:55,576:WARNING:C:\Users\savan\AppData\Roaming\Python\Python39\site-packages\xgboost\core.py:158: UserWarning: [13:30:55] WARNING: C:\buildkite-agent\builds\buildkite-windows-cpu-autoscaling-group-i-08cbc0333d8d4aae1-1\xgboost\xgboost-ci-windows\src\learner.cc:740: 
Parameters: { "use_label_encoder" } are not used.

  warnings.warn(smsg, UserWarning)

2026-03-03 13:37:28,628:WARNING:C:\Users\savan\AppData\Local\Temp\ipykernel_5884\912277280.py:7: ClusterWarning: scipy.cluster: The symmetric non-negative hollow observation matrix looks suspiciously like an uncondensed distance matrix
  Z = linkage(gower_sample, method='average')

2026-03-03 14:22:42,955:WARNING:C:\Users\savan\AppData\Roaming\Python\Python39\site-packages\xgboost\core.py:158: UserWarning: [14:22:42] WARNING: C:\buildkite-agent\builds\buildkite-windows-cpu-autoscaling-group-i-08cbc0333d8d4aae1-1\xgboost\xgboost-ci-windows\src\learner.cc:740: 
Parameters: { "use_label_encoder" } are not used.

  warnings.warn(smsg, UserWarning)

2026-03-03 15:25:20,826:WARNING:C:\Users\savan\AppData\Roaming\Python\Python39\site-packages\xgboost\core.py:158: UserWarning: [15:25:20] WARNING: C:\buildkite-agent\builds\buildkite-windows-cpu-autoscaling-group-i-08cbc0333d8d4aae1-1\xgboost\xgboost-ci-windows\src\learner.cc:740: 
Parameters: { "use_label_encoder" } are not used.

  warnings.warn(smsg, UserWarning)

2026-03-03 15:44:34,511:WARNING:
'cuml' is a soft dependency and not included in the pycaret installation. Please run: `pip install cuml` to install.
2026-03-03 15:44:34,511:WARNING:
'cuml' is a soft dependency and not included in the pycaret installation. Please run: `pip install cuml` to install.
2026-03-03 15:44:34,511:WARNING:
'cuml' is a soft dependency and not included in the pycaret installation. Please run: `pip install cuml` to install.
2026-03-03 15:44:34,512:WARNING:
'cuml' is a soft dependency and not included in the pycaret installation. Please run: `pip install cuml` to install.
2026-03-03 15:44:36,155:WARNING:c:\ProgramData\Anaconda3\lib\site-packages\pandas\io\sql.py:762: UserWarning: pandas only support SQLAlchemy connectable(engine/connection) ordatabase string URI or sqlite3 DBAPI2 connectionother DBAPI2 objects are not tested, please consider using SQLAlchemy
  warnings.warn(

2026-03-03 15:44:36,385:WARNING:c:\ProgramData\Anaconda3\lib\site-packages\pandas\io\sql.py:762: UserWarning: pandas only support SQLAlchemy connectable(engine/connection) ordatabase string URI or sqlite3 DBAPI2 connectionother DBAPI2 objects are not tested, please consider using SQLAlchemy
  warnings.warn(

2026-03-03 15:44:36,783:WARNING:c:\ProgramData\Anaconda3\lib\site-packages\pandas\io\sql.py:762: UserWarning: pandas only support SQLAlchemy connectable(engine/connection) ordatabase string URI or sqlite3 DBAPI2 connectionother DBAPI2 objects are not tested, please consider using SQLAlchemy
  warnings.warn(

2026-03-03 15:44:41,307:WARNING:c:\ProgramData\Anaconda3\lib\site-packages\pandas\io\sql.py:762: UserWarning: pandas only support SQLAlchemy connectable(engine/connection) ordatabase string URI or sqlite3 DBAPI2 connectionother DBAPI2 objects are not tested, please consider using SQLAlchemy
  warnings.warn(

2026-03-03 15:44:41,353:WARNING:c:\ProgramData\Anaconda3\lib\site-packages\pandas\io\sql.py:762: UserWarning: pandas only support SQLAlchemy connectable(engine/connection) ordatabase string URI or sqlite3 DBAPI2 connectionother DBAPI2 objects are not tested, please consider using SQLAlchemy
  warnings.warn(

2026-03-03 15:44:42,149:WARNING:C:\Users\savan\AppData\Local\Temp\ipykernel_11244\4086773308.py:1: FutureWarning: Treating datetime data as categorical rather than numeric in `.describe` is deprecated and will be removed in a future version of pandas. Specify `datetime_is_numeric=True` to silence this warning and adopt the future behavior now.
  loan_cashflow_df.describe()

2026-03-03 15:44:43,333:WARNING:c:\ProgramData\Anaconda3\lib\site-packages\pandas\io\sql.py:762: UserWarning: pandas only support SQLAlchemy connectable(engine/connection) ordatabase string URI or sqlite3 DBAPI2 connectionother DBAPI2 objects are not tested, please consider using SQLAlchemy
  warnings.warn(

2026-03-03 15:46:13,885:WARNING:
'cuml' is a soft dependency and not included in the pycaret installation. Please run: `pip install cuml` to install.
2026-03-03 15:46:13,885:WARNING:
'cuml' is a soft dependency and not included in the pycaret installation. Please run: `pip install cuml` to install.
2026-03-03 15:46:13,885:WARNING:
'cuml' is a soft dependency and not included in the pycaret installation. Please run: `pip install cuml` to install.
2026-03-03 15:46:13,886:WARNING:
'cuml' is a soft dependency and not included in the pycaret installation. Please run: `pip install cuml` to install.
2026-03-03 15:46:14,590:WARNING:c:\ProgramData\Anaconda3\lib\site-packages\pandas\io\sql.py:762: UserWarning: pandas only support SQLAlchemy connectable(engine/connection) ordatabase string URI or sqlite3 DBAPI2 connectionother DBAPI2 objects are not tested, please consider using SQLAlchemy
  warnings.warn(

2026-03-03 15:46:14,626:WARNING:c:\ProgramData\Anaconda3\lib\site-packages\pandas\io\sql.py:762: UserWarning: pandas only support SQLAlchemy connectable(engine/connection) ordatabase string URI or sqlite3 DBAPI2 connectionother DBAPI2 objects are not tested, please consider using SQLAlchemy
  warnings.warn(

2026-03-03 15:46:14,782:WARNING:c:\ProgramData\Anaconda3\lib\site-packages\pandas\io\sql.py:762: UserWarning: pandas only support SQLAlchemy connectable(engine/connection) ordatabase string URI or sqlite3 DBAPI2 connectionother DBAPI2 objects are not tested, please consider using SQLAlchemy
  warnings.warn(

2026-03-03 15:46:16,423:WARNING:c:\ProgramData\Anaconda3\lib\site-packages\pandas\io\sql.py:762: UserWarning: pandas only support SQLAlchemy connectable(engine/connection) ordatabase string URI or sqlite3 DBAPI2 connectionother DBAPI2 objects are not tested, please consider using SQLAlchemy
  warnings.warn(

2026-03-03 15:46:16,473:WARNING:c:\ProgramData\Anaconda3\lib\site-packages\pandas\io\sql.py:762: UserWarning: pandas only support SQLAlchemy connectable(engine/connection) ordatabase string URI or sqlite3 DBAPI2 connectionother DBAPI2 objects are not tested, please consider using SQLAlchemy
  warnings.warn(

2026-03-03 15:46:17,212:WARNING:C:\Users\savan\AppData\Local\Temp\ipykernel_35448\4086773308.py:1: FutureWarning: Treating datetime data as categorical rather than numeric in `.describe` is deprecated and will be removed in a future version of pandas. Specify `datetime_is_numeric=True` to silence this warning and adopt the future behavior now.
  loan_cashflow_df.describe()

2026-03-03 15:46:18,223:WARNING:c:\ProgramData\Anaconda3\lib\site-packages\pandas\io\sql.py:762: UserWarning: pandas only support SQLAlchemy connectable(engine/connection) ordatabase string URI or sqlite3 DBAPI2 connectionother DBAPI2 objects are not tested, please consider using SQLAlchemy
  warnings.warn(

2026-03-03 15:48:53,275:WARNING:C:\Users\savan\AppData\Roaming\Python\Python39\site-packages\sklearn\linear_model\_logistic.py:469: ConvergenceWarning: lbfgs failed to converge (status=1):
STOP: TOTAL NO. of ITERATIONS REACHED LIMIT.

Increase the number of iterations (max_iter) or scale the data as shown in:
    https://scikit-learn.org/stable/modules/preprocessing.html
Please also refer to the documentation for alternative solver options:
    https://scikit-learn.org/stable/modules/linear_model.html#logistic-regression
  n_iter_i = _check_optimize_result(

2026-03-03 15:49:11,702:WARNING:
'cuml' is a soft dependency and not included in the pycaret installation. Please run: `pip install cuml` to install.
2026-03-03 15:49:11,703:WARNING:
'cuml' is a soft dependency and not included in the pycaret installation. Please run: `pip install cuml` to install.
2026-03-03 15:49:11,703:WARNING:
'cuml' is a soft dependency and not included in the pycaret installation. Please run: `pip install cuml` to install.
2026-03-03 15:49:11,703:WARNING:
'cuml' is a soft dependency and not included in the pycaret installation. Please run: `pip install cuml` to install.
2026-03-03 15:49:12,395:WARNING:c:\ProgramData\Anaconda3\lib\site-packages\pandas\io\sql.py:762: UserWarning: pandas only support SQLAlchemy connectable(engine/connection) ordatabase string URI or sqlite3 DBAPI2 connectionother DBAPI2 objects are not tested, please consider using SQLAlchemy
  warnings.warn(

2026-03-03 15:49:12,427:WARNING:c:\ProgramData\Anaconda3\lib\site-packages\pandas\io\sql.py:762: UserWarning: pandas only support SQLAlchemy connectable(engine/connection) ordatabase string URI or sqlite3 DBAPI2 connectionother DBAPI2 objects are not tested, please consider using SQLAlchemy
  warnings.warn(

2026-03-03 15:49:12,582:WARNING:c:\ProgramData\Anaconda3\lib\site-packages\pandas\io\sql.py:762: UserWarning: pandas only support SQLAlchemy connectable(engine/connection) ordatabase string URI or sqlite3 DBAPI2 connectionother DBAPI2 objects are not tested, please consider using SQLAlchemy
  warnings.warn(

2026-03-03 15:49:14,264:WARNING:c:\ProgramData\Anaconda3\lib\site-packages\pandas\io\sql.py:762: UserWarning: pandas only support SQLAlchemy connectable(engine/connection) ordatabase string URI or sqlite3 DBAPI2 connectionother DBAPI2 objects are not tested, please consider using SQLAlchemy
  warnings.warn(

2026-03-03 15:49:14,314:WARNING:c:\ProgramData\Anaconda3\lib\site-packages\pandas\io\sql.py:762: UserWarning: pandas only support SQLAlchemy connectable(engine/connection) ordatabase string URI or sqlite3 DBAPI2 connectionother DBAPI2 objects are not tested, please consider using SQLAlchemy
  warnings.warn(

2026-03-03 15:49:15,027:WARNING:C:\Users\savan\AppData\Local\Temp\ipykernel_14288\4086773308.py:1: FutureWarning: Treating datetime data as categorical rather than numeric in `.describe` is deprecated and will be removed in a future version of pandas. Specify `datetime_is_numeric=True` to silence this warning and adopt the future behavior now.
  loan_cashflow_df.describe()

2026-03-03 15:49:16,137:WARNING:c:\ProgramData\Anaconda3\lib\site-packages\pandas\io\sql.py:762: UserWarning: pandas only support SQLAlchemy connectable(engine/connection) ordatabase string URI or sqlite3 DBAPI2 connectionother DBAPI2 objects are not tested, please consider using SQLAlchemy
  warnings.warn(

2026-03-03 15:49:19,593:WARNING:C:\Users\savan\AppData\Roaming\Python\Python39\site-packages\sklearn\linear_model\_logistic.py:469: ConvergenceWarning: lbfgs failed to converge (status=1):
STOP: TOTAL NO. of ITERATIONS REACHED LIMIT.

Increase the number of iterations (max_iter) or scale the data as shown in:
    https://scikit-learn.org/stable/modules/preprocessing.html
Please also refer to the documentation for alternative solver options:
    https://scikit-learn.org/stable/modules/linear_model.html#logistic-regression
  n_iter_i = _check_optimize_result(

2026-03-03 15:49:52,689:WARNING:c:\ProgramData\Anaconda3\lib\site-packages\pandas\io\sql.py:762: UserWarning: pandas only support SQLAlchemy connectable(engine/connection) ordatabase string URI or sqlite3 DBAPI2 connectionother DBAPI2 objects are not tested, please consider using SQLAlchemy
  warnings.warn(

2026-03-03 15:49:52,748:WARNING:c:\ProgramData\Anaconda3\lib\site-packages\pandas\io\sql.py:762: UserWarning: pandas only support SQLAlchemy connectable(engine/connection) ordatabase string URI or sqlite3 DBAPI2 connectionother DBAPI2 objects are not tested, please consider using SQLAlchemy
  warnings.warn(

2026-03-03 15:49:52,831:WARNING:c:\ProgramData\Anaconda3\lib\site-packages\pandas\io\sql.py:762: UserWarning: pandas only support SQLAlchemy connectable(engine/connection) ordatabase string URI or sqlite3 DBAPI2 connectionother DBAPI2 objects are not tested, please consider using SQLAlchemy
  warnings.warn(

2026-03-03 15:49:54,529:WARNING:c:\ProgramData\Anaconda3\lib\site-packages\pandas\io\sql.py:762: UserWarning: pandas only support SQLAlchemy connectable(engine/connection) ordatabase string URI or sqlite3 DBAPI2 connectionother DBAPI2 objects are not tested, please consider using SQLAlchemy
  warnings.warn(

2026-03-03 15:49:54,597:WARNING:c:\ProgramData\Anaconda3\lib\site-packages\pandas\io\sql.py:762: UserWarning: pandas only support SQLAlchemy connectable(engine/connection) ordatabase string URI or sqlite3 DBAPI2 connectionother DBAPI2 objects are not tested, please consider using SQLAlchemy
  warnings.warn(

2026-03-03 15:49:55,379:WARNING:C:\Users\savan\AppData\Local\Temp\ipykernel_14288\4086773308.py:1: FutureWarning: Treating datetime data as categorical rather than numeric in `.describe` is deprecated and will be removed in a future version of pandas. Specify `datetime_is_numeric=True` to silence this warning and adopt the future behavior now.
  loan_cashflow_df.describe()

2026-03-03 15:49:56,556:WARNING:c:\ProgramData\Anaconda3\lib\site-packages\pandas\io\sql.py:762: UserWarning: pandas only support SQLAlchemy connectable(engine/connection) ordatabase string URI or sqlite3 DBAPI2 connectionother DBAPI2 objects are not tested, please consider using SQLAlchemy
  warnings.warn(

2026-03-03 15:49:59,847:WARNING:C:\Users\savan\AppData\Roaming\Python\Python39\site-packages\sklearn\linear_model\_logistic.py:469: ConvergenceWarning: lbfgs failed to converge (status=1):
STOP: TOTAL NO. of ITERATIONS REACHED LIMIT.

Increase the number of iterations (max_iter) or scale the data as shown in:
    https://scikit-learn.org/stable/modules/preprocessing.html
Please also refer to the documentation for alternative solver options:
    https://scikit-learn.org/stable/modules/linear_model.html#logistic-regression
  n_iter_i = _check_optimize_result(

2026-03-03 15:50:14,049:WARNING:c:\ProgramData\Anaconda3\lib\site-packages\pandas\io\sql.py:762: UserWarning: pandas only support SQLAlchemy connectable(engine/connection) ordatabase string URI or sqlite3 DBAPI2 connectionother DBAPI2 objects are not tested, please consider using SQLAlchemy
  warnings.warn(

2026-03-03 15:50:14,081:WARNING:c:\ProgramData\Anaconda3\lib\site-packages\pandas\io\sql.py:762: UserWarning: pandas only support SQLAlchemy connectable(engine/connection) ordatabase string URI or sqlite3 DBAPI2 connectionother DBAPI2 objects are not tested, please consider using SQLAlchemy
  warnings.warn(

2026-03-03 15:50:14,182:WARNING:c:\ProgramData\Anaconda3\lib\site-packages\pandas\io\sql.py:762: UserWarning: pandas only support SQLAlchemy connectable(engine/connection) ordatabase string URI or sqlite3 DBAPI2 connectionother DBAPI2 objects are not tested, please consider using SQLAlchemy
  warnings.warn(

2026-03-03 15:50:15,814:WARNING:c:\ProgramData\Anaconda3\lib\site-packages\pandas\io\sql.py:762: UserWarning: pandas only support SQLAlchemy connectable(engine/connection) ordatabase string URI or sqlite3 DBAPI2 connectionother DBAPI2 objects are not tested, please consider using SQLAlchemy
  warnings.warn(

2026-03-03 15:50:15,846:WARNING:c:\ProgramData\Anaconda3\lib\site-packages\pandas\io\sql.py:762: UserWarning: pandas only support SQLAlchemy connectable(engine/connection) ordatabase string URI or sqlite3 DBAPI2 connectionother DBAPI2 objects are not tested, please consider using SQLAlchemy
  warnings.warn(

2026-03-03 15:50:16,523:WARNING:C:\Users\savan\AppData\Local\Temp\ipykernel_14288\4086773308.py:1: FutureWarning: Treating datetime data as categorical rather than numeric in `.describe` is deprecated and will be removed in a future version of pandas. Specify `datetime_is_numeric=True` to silence this warning and adopt the future behavior now.
  loan_cashflow_df.describe()

2026-03-03 15:50:17,619:WARNING:c:\ProgramData\Anaconda3\lib\site-packages\pandas\io\sql.py:762: UserWarning: pandas only support SQLAlchemy connectable(engine/connection) ordatabase string URI or sqlite3 DBAPI2 connectionother DBAPI2 objects are not tested, please consider using SQLAlchemy
  warnings.warn(

2026-03-03 15:50:21,148:WARNING:C:\Users\savan\AppData\Roaming\Python\Python39\site-packages\sklearn\linear_model\_logistic.py:469: ConvergenceWarning: lbfgs failed to converge (status=1):
STOP: TOTAL NO. of ITERATIONS REACHED LIMIT.

Increase the number of iterations (max_iter) or scale the data as shown in:
    https://scikit-learn.org/stable/modules/preprocessing.html
Please also refer to the documentation for alternative solver options:
    https://scikit-learn.org/stable/modules/linear_model.html#logistic-regression
  n_iter_i = _check_optimize_result(

2026-03-03 15:50:28,847:WARNING:C:\Users\savan\AppData\Roaming\Python\Python39\site-packages\xgboost\core.py:158: UserWarning: [15:50:28] WARNING: C:\buildkite-agent\builds\buildkite-windows-cpu-autoscaling-group-i-08cbc0333d8d4aae1-1\xgboost\xgboost-ci-windows\src\learner.cc:740: 
Parameters: { "use_label_encoder" } are not used.

  warnings.warn(smsg, UserWarning)

2026-03-03 15:50:29,289:WARNING:C:\Users\savan\AppData\Roaming\Python\Python39\site-packages\xgboost\core.py:158: UserWarning: [15:50:29] WARNING: C:\buildkite-agent\builds\buildkite-windows-cpu-autoscaling-group-i-08cbc0333d8d4aae1-1\xgboost\xgboost-ci-windows\src\learner.cc:740: 
Parameters: { "use_label_encoder" } are not used.

  warnings.warn(smsg, UserWarning)

2026-03-03 15:50:29,556:WARNING:C:\Users\savan\AppData\Roaming\Python\Python39\site-packages\xgboost\core.py:158: UserWarning: [15:50:29] WARNING: C:\buildkite-agent\builds\buildkite-windows-cpu-autoscaling-group-i-08cbc0333d8d4aae1-1\xgboost\xgboost-ci-windows\src\learner.cc:740: 
Parameters: { "use_label_encoder" } are not used.

  warnings.warn(smsg, UserWarning)

2026-03-03 15:50:29,881:WARNING:C:\Users\savan\AppData\Roaming\Python\Python39\site-packages\xgboost\core.py:158: UserWarning: [15:50:29] WARNING: C:\buildkite-agent\builds\buildkite-windows-cpu-autoscaling-group-i-08cbc0333d8d4aae1-1\xgboost\xgboost-ci-windows\src\learner.cc:740: 
Parameters: { "use_label_encoder" } are not used.

  warnings.warn(smsg, UserWarning)

2026-03-03 15:52:01,982:WARNING:
'cuml' is a soft dependency and not included in the pycaret installation. Please run: `pip install cuml` to install.
2026-03-03 15:52:01,982:WARNING:
'cuml' is a soft dependency and not included in the pycaret installation. Please run: `pip install cuml` to install.
2026-03-03 15:52:01,982:WARNING:
'cuml' is a soft dependency and not included in the pycaret installation. Please run: `pip install cuml` to install.
2026-03-03 15:52:01,982:WARNING:
'cuml' is a soft dependency and not included in the pycaret installation. Please run: `pip install cuml` to install.
2026-03-03 15:52:02,767:WARNING:c:\ProgramData\Anaconda3\lib\site-packages\pandas\io\sql.py:762: UserWarning: pandas only support SQLAlchemy connectable(engine/connection) ordatabase string URI or sqlite3 DBAPI2 connectionother DBAPI2 objects are not tested, please consider using SQLAlchemy
  warnings.warn(

2026-03-03 15:52:02,819:WARNING:c:\ProgramData\Anaconda3\lib\site-packages\pandas\io\sql.py:762: UserWarning: pandas only support SQLAlchemy connectable(engine/connection) ordatabase string URI or sqlite3 DBAPI2 connectionother DBAPI2 objects are not tested, please consider using SQLAlchemy
  warnings.warn(

2026-03-03 15:52:02,999:WARNING:c:\ProgramData\Anaconda3\lib\site-packages\pandas\io\sql.py:762: UserWarning: pandas only support SQLAlchemy connectable(engine/connection) ordatabase string URI or sqlite3 DBAPI2 connectionother DBAPI2 objects are not tested, please consider using SQLAlchemy
  warnings.warn(

2026-03-03 15:52:04,807:WARNING:c:\ProgramData\Anaconda3\lib\site-packages\pandas\io\sql.py:762: UserWarning: pandas only support SQLAlchemy connectable(engine/connection) ordatabase string URI or sqlite3 DBAPI2 connectionother DBAPI2 objects are not tested, please consider using SQLAlchemy
  warnings.warn(

2026-03-03 15:52:04,858:WARNING:c:\ProgramData\Anaconda3\lib\site-packages\pandas\io\sql.py:762: UserWarning: pandas only support SQLAlchemy connectable(engine/connection) ordatabase string URI or sqlite3 DBAPI2 connectionother DBAPI2 objects are not tested, please consider using SQLAlchemy
  warnings.warn(

2026-03-03 15:52:05,587:WARNING:C:\Users\savan\AppData\Local\Temp\ipykernel_22956\4086773308.py:1: FutureWarning: Treating datetime data as categorical rather than numeric in `.describe` is deprecated and will be removed in a future version of pandas. Specify `datetime_is_numeric=True` to silence this warning and adopt the future behavior now.
  loan_cashflow_df.describe()

2026-03-03 15:52:06,572:WARNING:c:\ProgramData\Anaconda3\lib\site-packages\pandas\io\sql.py:762: UserWarning: pandas only support SQLAlchemy connectable(engine/connection) ordatabase string URI or sqlite3 DBAPI2 connectionother DBAPI2 objects are not tested, please consider using SQLAlchemy
  warnings.warn(

2026-03-03 15:52:09,811:WARNING:C:\Users\savan\AppData\Roaming\Python\Python39\site-packages\sklearn\linear_model\_logistic.py:469: ConvergenceWarning: lbfgs failed to converge (status=1):
STOP: TOTAL NO. of ITERATIONS REACHED LIMIT.

Increase the number of iterations (max_iter) or scale the data as shown in:
    https://scikit-learn.org/stable/modules/preprocessing.html
Please also refer to the documentation for alternative solver options:
    https://scikit-learn.org/stable/modules/linear_model.html#logistic-regression
  n_iter_i = _check_optimize_result(

2026-03-03 15:52:16,994:WARNING:C:\Users\savan\AppData\Roaming\Python\Python39\site-packages\xgboost\core.py:158: UserWarning: [15:52:16] WARNING: C:\buildkite-agent\builds\buildkite-windows-cpu-autoscaling-group-i-08cbc0333d8d4aae1-1\xgboost\xgboost-ci-windows\src\learner.cc:740: 
Parameters: { "use_label_encoder" } are not used.

  warnings.warn(smsg, UserWarning)

2026-03-03 15:52:17,400:WARNING:C:\Users\savan\AppData\Roaming\Python\Python39\site-packages\xgboost\core.py:158: UserWarning: [15:52:17] WARNING: C:\buildkite-agent\builds\buildkite-windows-cpu-autoscaling-group-i-08cbc0333d8d4aae1-1\xgboost\xgboost-ci-windows\src\learner.cc:740: 
Parameters: { "use_label_encoder" } are not used.

  warnings.warn(smsg, UserWarning)

2026-03-03 15:52:17,626:WARNING:C:\Users\savan\AppData\Roaming\Python\Python39\site-packages\xgboost\core.py:158: UserWarning: [15:52:17] WARNING: C:\buildkite-agent\builds\buildkite-windows-cpu-autoscaling-group-i-08cbc0333d8d4aae1-1\xgboost\xgboost-ci-windows\src\learner.cc:740: 
Parameters: { "use_label_encoder" } are not used.

  warnings.warn(smsg, UserWarning)

2026-03-03 15:52:17,913:WARNING:C:\Users\savan\AppData\Roaming\Python\Python39\site-packages\xgboost\core.py:158: UserWarning: [15:52:17] WARNING: C:\buildkite-agent\builds\buildkite-windows-cpu-autoscaling-group-i-08cbc0333d8d4aae1-1\xgboost\xgboost-ci-windows\src\learner.cc:740: 
Parameters: { "use_label_encoder" } are not used.

  warnings.warn(smsg, UserWarning)

2026-03-03 16:08:08,316:WARNING:
'cuml' is a soft dependency and not included in the pycaret installation. Please run: `pip install cuml` to install.
2026-03-03 16:08:08,316:WARNING:
'cuml' is a soft dependency and not included in the pycaret installation. Please run: `pip install cuml` to install.
2026-03-03 16:08:08,316:WARNING:
'cuml' is a soft dependency and not included in the pycaret installation. Please run: `pip install cuml` to install.
2026-03-03 16:08:08,316:WARNING:
'cuml' is a soft dependency and not included in the pycaret installation. Please run: `pip install cuml` to install.
2026-03-03 16:08:09,090:WARNING:c:\ProgramData\Anaconda3\lib\site-packages\pandas\io\sql.py:762: UserWarning: pandas only support SQLAlchemy connectable(engine/connection) ordatabase string URI or sqlite3 DBAPI2 connectionother DBAPI2 objects are not tested, please consider using SQLAlchemy
  warnings.warn(

2026-03-03 16:08:09,129:WARNING:c:\ProgramData\Anaconda3\lib\site-packages\pandas\io\sql.py:762: UserWarning: pandas only support SQLAlchemy connectable(engine/connection) ordatabase string URI or sqlite3 DBAPI2 connectionother DBAPI2 objects are not tested, please consider using SQLAlchemy
  warnings.warn(

2026-03-03 16:08:09,288:WARNING:c:\ProgramData\Anaconda3\lib\site-packages\pandas\io\sql.py:762: UserWarning: pandas only support SQLAlchemy connectable(engine/connection) ordatabase string URI or sqlite3 DBAPI2 connectionother DBAPI2 objects are not tested, please consider using SQLAlchemy
  warnings.warn(

2026-03-03 16:08:10,876:WARNING:c:\ProgramData\Anaconda3\lib\site-packages\pandas\io\sql.py:762: UserWarning: pandas only support SQLAlchemy connectable(engine/connection) ordatabase string URI or sqlite3 DBAPI2 connectionother DBAPI2 objects are not tested, please consider using SQLAlchemy
  warnings.warn(

2026-03-03 16:08:10,939:WARNING:c:\ProgramData\Anaconda3\lib\site-packages\pandas\io\sql.py:762: UserWarning: pandas only support SQLAlchemy connectable(engine/connection) ordatabase string URI or sqlite3 DBAPI2 connectionother DBAPI2 objects are not tested, please consider using SQLAlchemy
  warnings.warn(

2026-03-03 16:08:11,676:WARNING:C:\Users\savan\AppData\Local\Temp\ipykernel_7404\4086773308.py:1: FutureWarning: Treating datetime data as categorical rather than numeric in `.describe` is deprecated and will be removed in a future version of pandas. Specify `datetime_is_numeric=True` to silence this warning and adopt the future behavior now.
  loan_cashflow_df.describe()

2026-03-03 16:08:12,787:WARNING:c:\ProgramData\Anaconda3\lib\site-packages\pandas\io\sql.py:762: UserWarning: pandas only support SQLAlchemy connectable(engine/connection) ordatabase string URI or sqlite3 DBAPI2 connectionother DBAPI2 objects are not tested, please consider using SQLAlchemy
  warnings.warn(

2026-03-03 16:08:16,418:WARNING:C:\Users\savan\AppData\Roaming\Python\Python39\site-packages\sklearn\linear_model\_logistic.py:469: ConvergenceWarning: lbfgs failed to converge (status=1):
STOP: TOTAL NO. of ITERATIONS REACHED LIMIT.

Increase the number of iterations (max_iter) or scale the data as shown in:
    https://scikit-learn.org/stable/modules/preprocessing.html
Please also refer to the documentation for alternative solver options:
    https://scikit-learn.org/stable/modules/linear_model.html#logistic-regression
  n_iter_i = _check_optimize_result(

2026-03-03 16:08:24,676:WARNING:C:\Users\savan\AppData\Roaming\Python\Python39\site-packages\xgboost\core.py:158: UserWarning: [16:08:24] WARNING: C:\buildkite-agent\builds\buildkite-windows-cpu-autoscaling-group-i-08cbc0333d8d4aae1-1\xgboost\xgboost-ci-windows\src\learner.cc:740: 
Parameters: { "use_label_encoder" } are not used.

  warnings.warn(smsg, UserWarning)

2026-03-03 16:08:25,045:WARNING:C:\Users\savan\AppData\Roaming\Python\Python39\site-packages\xgboost\core.py:158: UserWarning: [16:08:25] WARNING: C:\buildkite-agent\builds\buildkite-windows-cpu-autoscaling-group-i-08cbc0333d8d4aae1-1\xgboost\xgboost-ci-windows\src\learner.cc:740: 
Parameters: { "use_label_encoder" } are not used.

  warnings.warn(smsg, UserWarning)

2026-03-03 16:08:25,270:WARNING:C:\Users\savan\AppData\Roaming\Python\Python39\site-packages\xgboost\core.py:158: UserWarning: [16:08:25] WARNING: C:\buildkite-agent\builds\buildkite-windows-cpu-autoscaling-group-i-08cbc0333d8d4aae1-1\xgboost\xgboost-ci-windows\src\learner.cc:740: 
Parameters: { "use_label_encoder" } are not used.

  warnings.warn(smsg, UserWarning)

2026-03-03 16:08:25,535:WARNING:C:\Users\savan\AppData\Roaming\Python\Python39\site-packages\xgboost\core.py:158: UserWarning: [16:08:25] WARNING: C:\buildkite-agent\builds\buildkite-windows-cpu-autoscaling-group-i-08cbc0333d8d4aae1-1\xgboost\xgboost-ci-windows\src\learner.cc:740: 
Parameters: { "use_label_encoder" } are not used.

  warnings.warn(smsg, UserWarning)

2026-03-03 16:08:28,139:WARNING:C:\Users\savan\AppData\Roaming\Python\Python39\site-packages\xgboost\core.py:158: UserWarning: [16:08:28] WARNING: C:\buildkite-agent\builds\buildkite-windows-cpu-autoscaling-group-i-08cbc0333d8d4aae1-1\xgboost\xgboost-ci-windows\src\learner.cc:740: 
Parameters: { "use_label_encoder" } are not used.

  warnings.warn(smsg, UserWarning)

2026-03-05 21:17:56,125:WARNING:
'cuml' is a soft dependency and not included in the pycaret installation. Please run: `pip install cuml` to install.
2026-03-05 21:17:56,125:WARNING:
'cuml' is a soft dependency and not included in the pycaret installation. Please run: `pip install cuml` to install.
2026-03-05 21:17:56,125:WARNING:
'cuml' is a soft dependency and not included in the pycaret installation. Please run: `pip install cuml` to install.
2026-03-05 21:17:56,125:WARNING:
'cuml' is a soft dependency and not included in the pycaret installation. Please run: `pip install cuml` to install.
2026-03-05 21:18:06,822:WARNING:c:\ProgramData\Anaconda3\lib\site-packages\pandas\io\sql.py:762: UserWarning: pandas only support SQLAlchemy connectable(engine/connection) ordatabase string URI or sqlite3 DBAPI2 connectionother DBAPI2 objects are not tested, please consider using SQLAlchemy
  warnings.warn(

2026-03-05 21:18:07,850:WARNING:c:\ProgramData\Anaconda3\lib\site-packages\pandas\io\sql.py:762: UserWarning: pandas only support SQLAlchemy connectable(engine/connection) ordatabase string URI or sqlite3 DBAPI2 connectionother DBAPI2 objects are not tested, please consider using SQLAlchemy
  warnings.warn(

2026-03-05 21:18:09,174:WARNING:c:\ProgramData\Anaconda3\lib\site-packages\pandas\io\sql.py:762: UserWarning: pandas only support SQLAlchemy connectable(engine/connection) ordatabase string URI or sqlite3 DBAPI2 connectionother DBAPI2 objects are not tested, please consider using SQLAlchemy
  warnings.warn(

2026-03-05 21:18:16,772:WARNING:c:\ProgramData\Anaconda3\lib\site-packages\pandas\io\sql.py:762: UserWarning: pandas only support SQLAlchemy connectable(engine/connection) ordatabase string URI or sqlite3 DBAPI2 connectionother DBAPI2 objects are not tested, please consider using SQLAlchemy
  warnings.warn(

2026-03-05 21:18:16,946:WARNING:c:\ProgramData\Anaconda3\lib\site-packages\pandas\io\sql.py:762: UserWarning: pandas only support SQLAlchemy connectable(engine/connection) ordatabase string URI or sqlite3 DBAPI2 connectionother DBAPI2 objects are not tested, please consider using SQLAlchemy
  warnings.warn(

2026-03-05 21:18:17,923:WARNING:C:\Users\savan\AppData\Local\Temp\ipykernel_20664\4086773308.py:1: FutureWarning: Treating datetime data as categorical rather than numeric in `.describe` is deprecated and will be removed in a future version of pandas. Specify `datetime_is_numeric=True` to silence this warning and adopt the future behavior now.
  loan_cashflow_df.describe()

2026-03-05 21:18:27,343:WARNING:c:\ProgramData\Anaconda3\lib\site-packages\pandas\io\sql.py:762: UserWarning: pandas only support SQLAlchemy connectable(engine/connection) ordatabase string URI or sqlite3 DBAPI2 connectionother DBAPI2 objects are not tested, please consider using SQLAlchemy
  warnings.warn(

2026-03-05 21:18:42,151:WARNING:C:\Users\savan\AppData\Roaming\Python\Python39\site-packages\sklearn\linear_model\_logistic.py:469: ConvergenceWarning: lbfgs failed to converge (status=1):
STOP: TOTAL NO. of ITERATIONS REACHED LIMIT.

Increase the number of iterations (max_iter) or scale the data as shown in:
    https://scikit-learn.org/stable/modules/preprocessing.html
Please also refer to the documentation for alternative solver options:
    https://scikit-learn.org/stable/modules/linear_model.html#logistic-regression
  n_iter_i = _check_optimize_result(

2026-03-05 21:18:59,163:WARNING:C:\Users\savan\AppData\Roaming\Python\Python39\site-packages\xgboost\core.py:158: UserWarning: [21:18:59] WARNING: C:\buildkite-agent\builds\buildkite-windows-cpu-autoscaling-group-i-08cbc0333d8d4aae1-1\xgboost\xgboost-ci-windows\src\learner.cc:740: 
Parameters: { "use_label_encoder" } are not used.

  warnings.warn(smsg, UserWarning)

2026-03-05 21:18:59,980:WARNING:C:\Users\savan\AppData\Roaming\Python\Python39\site-packages\xgboost\core.py:158: UserWarning: [21:18:59] WARNING: C:\buildkite-agent\builds\buildkite-windows-cpu-autoscaling-group-i-08cbc0333d8d4aae1-1\xgboost\xgboost-ci-windows\src\learner.cc:740: 
Parameters: { "use_label_encoder" } are not used.

  warnings.warn(smsg, UserWarning)

2026-03-05 21:19:00,455:WARNING:C:\Users\savan\AppData\Roaming\Python\Python39\site-packages\xgboost\core.py:158: UserWarning: [21:19:00] WARNING: C:\buildkite-agent\builds\buildkite-windows-cpu-autoscaling-group-i-08cbc0333d8d4aae1-1\xgboost\xgboost-ci-windows\src\learner.cc:740: 
Parameters: { "use_label_encoder" } are not used.

  warnings.warn(smsg, UserWarning)

2026-03-05 21:19:01,075:WARNING:C:\Users\savan\AppData\Roaming\Python\Python39\site-packages\xgboost\core.py:158: UserWarning: [21:19:01] WARNING: C:\buildkite-agent\builds\buildkite-windows-cpu-autoscaling-group-i-08cbc0333d8d4aae1-1\xgboost\xgboost-ci-windows\src\learner.cc:740: 
Parameters: { "use_label_encoder" } are not used.

  warnings.warn(smsg, UserWarning)

2026-03-05 21:19:05,444:WARNING:C:\Users\savan\AppData\Roaming\Python\Python39\site-packages\xgboost\core.py:158: UserWarning: [21:19:05] WARNING: C:\buildkite-agent\builds\buildkite-windows-cpu-autoscaling-group-i-08cbc0333d8d4aae1-1\xgboost\xgboost-ci-windows\src\learner.cc:740: 
Parameters: { "use_label_encoder" } are not used.

  warnings.warn(smsg, UserWarning)

2026-03-05 22:52:28,210:WARNING:
'cuml' is a soft dependency and not included in the pycaret installation. Please run: `pip install cuml` to install.
2026-03-05 22:52:28,210:WARNING:
'cuml' is a soft dependency and not included in the pycaret installation. Please run: `pip install cuml` to install.
2026-03-05 22:52:28,211:WARNING:
'cuml' is a soft dependency and not included in the pycaret installation. Please run: `pip install cuml` to install.
2026-03-05 22:52:28,211:WARNING:
'cuml' is a soft dependency and not included in the pycaret installation. Please run: `pip install cuml` to install.
2026-03-05 22:52:32,198:WARNING:c:\ProgramData\Anaconda3\lib\site-packages\pandas\io\sql.py:762: UserWarning: pandas only support SQLAlchemy connectable(engine/connection) ordatabase string URI or sqlite3 DBAPI2 connectionother DBAPI2 objects are not tested, please consider using SQLAlchemy
  warnings.warn(

2026-03-05 22:52:32,268:WARNING:c:\ProgramData\Anaconda3\lib\site-packages\pandas\io\sql.py:762: UserWarning: pandas only support SQLAlchemy connectable(engine/connection) ordatabase string URI or sqlite3 DBAPI2 connectionother DBAPI2 objects are not tested, please consider using SQLAlchemy
  warnings.warn(

2026-03-05 22:52:32,485:WARNING:c:\ProgramData\Anaconda3\lib\site-packages\pandas\io\sql.py:762: UserWarning: pandas only support SQLAlchemy connectable(engine/connection) ordatabase string URI or sqlite3 DBAPI2 connectionother DBAPI2 objects are not tested, please consider using SQLAlchemy
  warnings.warn(

2026-03-05 22:52:34,803:WARNING:c:\ProgramData\Anaconda3\lib\site-packages\pandas\io\sql.py:762: UserWarning: pandas only support SQLAlchemy connectable(engine/connection) ordatabase string URI or sqlite3 DBAPI2 connectionother DBAPI2 objects are not tested, please consider using SQLAlchemy
  warnings.warn(

2026-03-05 22:52:34,863:WARNING:c:\ProgramData\Anaconda3\lib\site-packages\pandas\io\sql.py:762: UserWarning: pandas only support SQLAlchemy connectable(engine/connection) ordatabase string URI or sqlite3 DBAPI2 connectionother DBAPI2 objects are not tested, please consider using SQLAlchemy
  warnings.warn(

2026-03-05 22:52:35,750:WARNING:C:\Users\savan\AppData\Local\Temp\ipykernel_34880\4086773308.py:1: FutureWarning: Treating datetime data as categorical rather than numeric in `.describe` is deprecated and will be removed in a future version of pandas. Specify `datetime_is_numeric=True` to silence this warning and adopt the future behavior now.
  loan_cashflow_df.describe()

2026-03-05 22:52:37,491:WARNING:c:\ProgramData\Anaconda3\lib\site-packages\pandas\io\sql.py:762: UserWarning: pandas only support SQLAlchemy connectable(engine/connection) ordatabase string URI or sqlite3 DBAPI2 connectionother DBAPI2 objects are not tested, please consider using SQLAlchemy
  warnings.warn(

2026-03-05 22:52:42,632:WARNING:C:\Users\savan\AppData\Roaming\Python\Python39\site-packages\sklearn\linear_model\_logistic.py:469: ConvergenceWarning: lbfgs failed to converge (status=1):
STOP: TOTAL NO. of ITERATIONS REACHED LIMIT.

Increase the number of iterations (max_iter) or scale the data as shown in:
    https://scikit-learn.org/stable/modules/preprocessing.html
Please also refer to the documentation for alternative solver options:
    https://scikit-learn.org/stable/modules/linear_model.html#logistic-regression
  n_iter_i = _check_optimize_result(

2026-03-05 22:52:54,396:WARNING:C:\Users\savan\AppData\Roaming\Python\Python39\site-packages\xgboost\core.py:158: UserWarning: [22:52:54] WARNING: C:\buildkite-agent\builds\buildkite-windows-cpu-autoscaling-group-i-08cbc0333d8d4aae1-1\xgboost\xgboost-ci-windows\src\learner.cc:740: 
Parameters: { "use_label_encoder" } are not used.

  warnings.warn(smsg, UserWarning)

2026-03-05 22:52:54,861:WARNING:C:\Users\savan\AppData\Roaming\Python\Python39\site-packages\xgboost\core.py:158: UserWarning: [22:52:54] WARNING: C:\buildkite-agent\builds\buildkite-windows-cpu-autoscaling-group-i-08cbc0333d8d4aae1-1\xgboost\xgboost-ci-windows\src\learner.cc:740: 
Parameters: { "use_label_encoder" } are not used.

  warnings.warn(smsg, UserWarning)

2026-03-05 22:52:55,134:WARNING:C:\Users\savan\AppData\Roaming\Python\Python39\site-packages\xgboost\core.py:158: UserWarning: [22:52:55] WARNING: C:\buildkite-agent\builds\buildkite-windows-cpu-autoscaling-group-i-08cbc0333d8d4aae1-1\xgboost\xgboost-ci-windows\src\learner.cc:740: 
Parameters: { "use_label_encoder" } are not used.

  warnings.warn(smsg, UserWarning)

2026-03-05 22:52:55,478:WARNING:C:\Users\savan\AppData\Roaming\Python\Python39\site-packages\xgboost\core.py:158: UserWarning: [22:52:55] WARNING: C:\buildkite-agent\builds\buildkite-windows-cpu-autoscaling-group-i-08cbc0333d8d4aae1-1\xgboost\xgboost-ci-windows\src\learner.cc:740: 
Parameters: { "use_label_encoder" } are not used.

  warnings.warn(smsg, UserWarning)

2026-03-05 22:52:59,378:WARNING:C:\Users\savan\AppData\Roaming\Python\Python39\site-packages\xgboost\core.py:158: UserWarning: [22:52:59] WARNING: C:\buildkite-agent\builds\buildkite-windows-cpu-autoscaling-group-i-08cbc0333d8d4aae1-1\xgboost\xgboost-ci-windows\src\learner.cc:740: 
Parameters: { "use_label_encoder" } are not used.

  warnings.warn(smsg, UserWarning)

2026-03-05 23:18:46,757:WARNING:C:\Users\savan\AppData\Roaming\Python\Python39\site-packages\xgboost\core.py:158: UserWarning: [23:18:46] WARNING: C:\buildkite-agent\builds\buildkite-windows-cpu-autoscaling-group-i-08cbc0333d8d4aae1-1\xgboost\xgboost-ci-windows\src\learner.cc:740: 
Parameters: { "use_label_encoder" } are not used.

  warnings.warn(smsg, UserWarning)

2026-03-05 23:34:33,620:WARNING:
'cuml' is a soft dependency and not included in the pycaret installation. Please run: `pip install cuml` to install.
2026-03-05 23:34:33,620:WARNING:
'cuml' is a soft dependency and not included in the pycaret installation. Please run: `pip install cuml` to install.
2026-03-05 23:34:33,620:WARNING:
'cuml' is a soft dependency and not included in the pycaret installation. Please run: `pip install cuml` to install.
2026-03-05 23:34:33,620:WARNING:
'cuml' is a soft dependency and not included in the pycaret installation. Please run: `pip install cuml` to install.
2026-03-05 23:34:34,584:WARNING:c:\ProgramData\Anaconda3\lib\site-packages\pandas\io\sql.py:762: UserWarning: pandas only support SQLAlchemy connectable(engine/connection) ordatabase string URI or sqlite3 DBAPI2 connectionother DBAPI2 objects are not tested, please consider using SQLAlchemy
  warnings.warn(

2026-03-05 23:34:34,642:WARNING:c:\ProgramData\Anaconda3\lib\site-packages\pandas\io\sql.py:762: UserWarning: pandas only support SQLAlchemy connectable(engine/connection) ordatabase string URI or sqlite3 DBAPI2 connectionother DBAPI2 objects are not tested, please consider using SQLAlchemy
  warnings.warn(

2026-03-05 23:34:34,888:WARNING:c:\ProgramData\Anaconda3\lib\site-packages\pandas\io\sql.py:762: UserWarning: pandas only support SQLAlchemy connectable(engine/connection) ordatabase string URI or sqlite3 DBAPI2 connectionother DBAPI2 objects are not tested, please consider using SQLAlchemy
  warnings.warn(

2026-03-05 23:34:36,863:WARNING:c:\ProgramData\Anaconda3\lib\site-packages\pandas\io\sql.py:762: UserWarning: pandas only support SQLAlchemy connectable(engine/connection) ordatabase string URI or sqlite3 DBAPI2 connectionother DBAPI2 objects are not tested, please consider using SQLAlchemy
  warnings.warn(

2026-03-05 23:34:36,920:WARNING:c:\ProgramData\Anaconda3\lib\site-packages\pandas\io\sql.py:762: UserWarning: pandas only support SQLAlchemy connectable(engine/connection) ordatabase string URI or sqlite3 DBAPI2 connectionother DBAPI2 objects are not tested, please consider using SQLAlchemy
  warnings.warn(

2026-03-05 23:34:38,062:WARNING:C:\Users\savan\AppData\Local\Temp\ipykernel_2576\4086773308.py:1: FutureWarning: Treating datetime data as categorical rather than numeric in `.describe` is deprecated and will be removed in a future version of pandas. Specify `datetime_is_numeric=True` to silence this warning and adopt the future behavior now.
  loan_cashflow_df.describe()

2026-03-05 23:34:39,481:WARNING:c:\ProgramData\Anaconda3\lib\site-packages\pandas\io\sql.py:762: UserWarning: pandas only support SQLAlchemy connectable(engine/connection) ordatabase string URI or sqlite3 DBAPI2 connectionother DBAPI2 objects are not tested, please consider using SQLAlchemy
  warnings.warn(

2026-03-05 23:34:43,963:WARNING:C:\Users\savan\AppData\Roaming\Python\Python39\site-packages\sklearn\linear_model\_logistic.py:469: ConvergenceWarning: lbfgs failed to converge (status=1):
STOP: TOTAL NO. of ITERATIONS REACHED LIMIT.

Increase the number of iterations (max_iter) or scale the data as shown in:
    https://scikit-learn.org/stable/modules/preprocessing.html
Please also refer to the documentation for alternative solver options:
    https://scikit-learn.org/stable/modules/linear_model.html#logistic-regression
  n_iter_i = _check_optimize_result(

2026-03-05 23:34:55,060:WARNING:C:\Users\savan\AppData\Roaming\Python\Python39\site-packages\xgboost\core.py:158: UserWarning: [23:34:55] WARNING: C:\buildkite-agent\builds\buildkite-windows-cpu-autoscaling-group-i-08cbc0333d8d4aae1-1\xgboost\xgboost-ci-windows\src\learner.cc:740: 
Parameters: { "use_label_encoder" } are not used.

  warnings.warn(smsg, UserWarning)

2026-03-05 23:34:55,512:WARNING:C:\Users\savan\AppData\Roaming\Python\Python39\site-packages\xgboost\core.py:158: UserWarning: [23:34:55] WARNING: C:\buildkite-agent\builds\buildkite-windows-cpu-autoscaling-group-i-08cbc0333d8d4aae1-1\xgboost\xgboost-ci-windows\src\learner.cc:740: 
Parameters: { "use_label_encoder" } are not used.

  warnings.warn(smsg, UserWarning)

2026-03-05 23:34:55,833:WARNING:C:\Users\savan\AppData\Roaming\Python\Python39\site-packages\xgboost\core.py:158: UserWarning: [23:34:55] WARNING: C:\buildkite-agent\builds\buildkite-windows-cpu-autoscaling-group-i-08cbc0333d8d4aae1-1\xgboost\xgboost-ci-windows\src\learner.cc:740: 
Parameters: { "use_label_encoder" } are not used.

  warnings.warn(smsg, UserWarning)

2026-03-05 23:34:56,147:WARNING:C:\Users\savan\AppData\Roaming\Python\Python39\site-packages\xgboost\core.py:158: UserWarning: [23:34:56] WARNING: C:\buildkite-agent\builds\buildkite-windows-cpu-autoscaling-group-i-08cbc0333d8d4aae1-1\xgboost\xgboost-ci-windows\src\learner.cc:740: 
Parameters: { "use_label_encoder" } are not used.

  warnings.warn(smsg, UserWarning)

2026-03-05 23:56:26,729:WARNING:C:\Users\savan\AppData\Roaming\Python\Python39\site-packages\xgboost\core.py:158: UserWarning: [23:56:26] WARNING: C:\buildkite-agent\builds\buildkite-windows-cpu-autoscaling-group-i-08cbc0333d8d4aae1-1\xgboost\xgboost-ci-windows\src\learner.cc:740: 
Parameters: { "use_label_encoder" } are not used.

  warnings.warn(smsg, UserWarning)

2026-03-05 23:58:19,617:WARNING:C:\Users\savan\AppData\Roaming\Python\Python39\site-packages\xgboost\core.py:158: UserWarning: [23:58:19] WARNING: C:\buildkite-agent\builds\buildkite-windows-cpu-autoscaling-group-i-08cbc0333d8d4aae1-1\xgboost\xgboost-ci-windows\src\learner.cc:740: 
Parameters: { "use_label_encoder" } are not used.

  warnings.warn(smsg, UserWarning)

2026-03-05 23:59:49,301:WARNING:C:\Users\savan\AppData\Roaming\Python\Python39\site-packages\xgboost\core.py:158: UserWarning: [23:59:49] WARNING: C:\buildkite-agent\builds\buildkite-windows-cpu-autoscaling-group-i-08cbc0333d8d4aae1-1\xgboost\xgboost-ci-windows\src\learner.cc:740: 
Parameters: { "use_label_encoder" } are not used.

  warnings.warn(smsg, UserWarning)

2026-03-06 00:01:03,952:WARNING:
'cuml' is a soft dependency and not included in the pycaret installation. Please run: `pip install cuml` to install.
2026-03-06 00:01:03,953:WARNING:
'cuml' is a soft dependency and not included in the pycaret installation. Please run: `pip install cuml` to install.
2026-03-06 00:01:03,953:WARNING:
'cuml' is a soft dependency and not included in the pycaret installation. Please run: `pip install cuml` to install.
2026-03-06 00:01:03,953:WARNING:
'cuml' is a soft dependency and not included in the pycaret installation. Please run: `pip install cuml` to install.
2026-03-06 00:01:04,794:WARNING:c:\ProgramData\Anaconda3\lib\site-packages\pandas\io\sql.py:762: UserWarning: pandas only support SQLAlchemy connectable(engine/connection) ordatabase string URI or sqlite3 DBAPI2 connectionother DBAPI2 objects are not tested, please consider using SQLAlchemy
  warnings.warn(

2026-03-06 00:01:04,841:WARNING:c:\ProgramData\Anaconda3\lib\site-packages\pandas\io\sql.py:762: UserWarning: pandas only support SQLAlchemy connectable(engine/connection) ordatabase string URI or sqlite3 DBAPI2 connectionother DBAPI2 objects are not tested, please consider using SQLAlchemy
  warnings.warn(

2026-03-06 00:01:05,017:WARNING:c:\ProgramData\Anaconda3\lib\site-packages\pandas\io\sql.py:762: UserWarning: pandas only support SQLAlchemy connectable(engine/connection) ordatabase string URI or sqlite3 DBAPI2 connectionother DBAPI2 objects are not tested, please consider using SQLAlchemy
  warnings.warn(

2026-03-06 00:01:06,860:WARNING:c:\ProgramData\Anaconda3\lib\site-packages\pandas\io\sql.py:762: UserWarning: pandas only support SQLAlchemy connectable(engine/connection) ordatabase string URI or sqlite3 DBAPI2 connectionother DBAPI2 objects are not tested, please consider using SQLAlchemy
  warnings.warn(

2026-03-06 00:01:06,926:WARNING:c:\ProgramData\Anaconda3\lib\site-packages\pandas\io\sql.py:762: UserWarning: pandas only support SQLAlchemy connectable(engine/connection) ordatabase string URI or sqlite3 DBAPI2 connectionother DBAPI2 objects are not tested, please consider using SQLAlchemy
  warnings.warn(

2026-03-06 00:01:07,684:WARNING:C:\Users\savan\AppData\Local\Temp\ipykernel_25124\4086773308.py:1: FutureWarning: Treating datetime data as categorical rather than numeric in `.describe` is deprecated and will be removed in a future version of pandas. Specify `datetime_is_numeric=True` to silence this warning and adopt the future behavior now.
  loan_cashflow_df.describe()

2026-03-06 00:01:08,897:WARNING:c:\ProgramData\Anaconda3\lib\site-packages\pandas\io\sql.py:762: UserWarning: pandas only support SQLAlchemy connectable(engine/connection) ordatabase string URI or sqlite3 DBAPI2 connectionother DBAPI2 objects are not tested, please consider using SQLAlchemy
  warnings.warn(

2026-03-06 00:01:12,346:WARNING:C:\Users\savan\AppData\Roaming\Python\Python39\site-packages\sklearn\linear_model\_logistic.py:469: ConvergenceWarning: lbfgs failed to converge (status=1):
STOP: TOTAL NO. of ITERATIONS REACHED LIMIT.

Increase the number of iterations (max_iter) or scale the data as shown in:
    https://scikit-learn.org/stable/modules/preprocessing.html
Please also refer to the documentation for alternative solver options:
    https://scikit-learn.org/stable/modules/linear_model.html#logistic-regression
  n_iter_i = _check_optimize_result(

2026-03-06 00:01:20,424:WARNING:C:\Users\savan\AppData\Roaming\Python\Python39\site-packages\xgboost\core.py:158: UserWarning: [00:01:20] WARNING: C:\buildkite-agent\builds\buildkite-windows-cpu-autoscaling-group-i-08cbc0333d8d4aae1-1\xgboost\xgboost-ci-windows\src\learner.cc:740: 
Parameters: { "use_label_encoder" } are not used.

  warnings.warn(smsg, UserWarning)

2026-03-06 00:01:20,954:WARNING:C:\Users\savan\AppData\Roaming\Python\Python39\site-packages\xgboost\core.py:158: UserWarning: [00:01:20] WARNING: C:\buildkite-agent\builds\buildkite-windows-cpu-autoscaling-group-i-08cbc0333d8d4aae1-1\xgboost\xgboost-ci-windows\src\learner.cc:740: 
Parameters: { "use_label_encoder" } are not used.

  warnings.warn(smsg, UserWarning)

2026-03-06 00:01:21,590:WARNING:C:\Users\savan\AppData\Roaming\Python\Python39\site-packages\xgboost\core.py:158: UserWarning: [00:01:21] WARNING: C:\buildkite-agent\builds\buildkite-windows-cpu-autoscaling-group-i-08cbc0333d8d4aae1-1\xgboost\xgboost-ci-windows\src\learner.cc:740: 
Parameters: { "use_label_encoder" } are not used.

  warnings.warn(smsg, UserWarning)

2026-03-06 00:01:22,222:WARNING:C:\Users\savan\AppData\Roaming\Python\Python39\site-packages\xgboost\core.py:158: UserWarning: [00:01:22] WARNING: C:\buildkite-agent\builds\buildkite-windows-cpu-autoscaling-group-i-08cbc0333d8d4aae1-1\xgboost\xgboost-ci-windows\src\learner.cc:740: 
Parameters: { "use_label_encoder" } are not used.

  warnings.warn(smsg, UserWarning)

2026-03-06 00:11:07,456:WARNING:c:\ProgramData\Anaconda3\lib\site-packages\pandas\io\sql.py:762: UserWarning: pandas only support SQLAlchemy connectable(engine/connection) ordatabase string URI or sqlite3 DBAPI2 connectionother DBAPI2 objects are not tested, please consider using SQLAlchemy
  warnings.warn(

2026-03-06 00:11:07,531:WARNING:c:\ProgramData\Anaconda3\lib\site-packages\pandas\io\sql.py:762: UserWarning: pandas only support SQLAlchemy connectable(engine/connection) ordatabase string URI or sqlite3 DBAPI2 connectionother DBAPI2 objects are not tested, please consider using SQLAlchemy
  warnings.warn(

2026-03-06 00:11:07,614:WARNING:c:\ProgramData\Anaconda3\lib\site-packages\pandas\io\sql.py:762: UserWarning: pandas only support SQLAlchemy connectable(engine/connection) ordatabase string URI or sqlite3 DBAPI2 connectionother DBAPI2 objects are not tested, please consider using SQLAlchemy
  warnings.warn(

2026-03-06 00:11:26,772:WARNING:
'cuml' is a soft dependency and not included in the pycaret installation. Please run: `pip install cuml` to install.
2026-03-06 00:11:26,772:WARNING:
'cuml' is a soft dependency and not included in the pycaret installation. Please run: `pip install cuml` to install.
2026-03-06 00:11:26,772:WARNING:
'cuml' is a soft dependency and not included in the pycaret installation. Please run: `pip install cuml` to install.
2026-03-06 00:11:26,772:WARNING:
'cuml' is a soft dependency and not included in the pycaret installation. Please run: `pip install cuml` to install.
2026-03-06 00:11:28,374:WARNING:c:\ProgramData\Anaconda3\lib\site-packages\pandas\io\sql.py:762: UserWarning: pandas only support SQLAlchemy connectable(engine/connection) ordatabase string URI or sqlite3 DBAPI2 connectionother DBAPI2 objects are not tested, please consider using SQLAlchemy
  warnings.warn(

2026-03-06 00:11:28,428:WARNING:c:\ProgramData\Anaconda3\lib\site-packages\pandas\io\sql.py:762: UserWarning: pandas only support SQLAlchemy connectable(engine/connection) ordatabase string URI or sqlite3 DBAPI2 connectionother DBAPI2 objects are not tested, please consider using SQLAlchemy
  warnings.warn(

2026-03-06 00:11:28,619:WARNING:c:\ProgramData\Anaconda3\lib\site-packages\pandas\io\sql.py:762: UserWarning: pandas only support SQLAlchemy connectable(engine/connection) ordatabase string URI or sqlite3 DBAPI2 connectionother DBAPI2 objects are not tested, please consider using SQLAlchemy
  warnings.warn(

2026-03-06 00:11:30,403:WARNING:c:\ProgramData\Anaconda3\lib\site-packages\pandas\io\sql.py:762: UserWarning: pandas only support SQLAlchemy connectable(engine/connection) ordatabase string URI or sqlite3 DBAPI2 connectionother DBAPI2 objects are not tested, please consider using SQLAlchemy
  warnings.warn(

2026-03-06 00:11:30,455:WARNING:c:\ProgramData\Anaconda3\lib\site-packages\pandas\io\sql.py:762: UserWarning: pandas only support SQLAlchemy connectable(engine/connection) ordatabase string URI or sqlite3 DBAPI2 connectionother DBAPI2 objects are not tested, please consider using SQLAlchemy
  warnings.warn(

2026-03-06 00:11:31,133:WARNING:C:\Users\savan\AppData\Local\Temp\ipykernel_15416\4086773308.py:1: FutureWarning: Treating datetime data as categorical rather than numeric in `.describe` is deprecated and will be removed in a future version of pandas. Specify `datetime_is_numeric=True` to silence this warning and adopt the future behavior now.
  loan_cashflow_df.describe()

2026-03-06 00:11:32,324:WARNING:c:\ProgramData\Anaconda3\lib\site-packages\pandas\io\sql.py:762: UserWarning: pandas only support SQLAlchemy connectable(engine/connection) ordatabase string URI or sqlite3 DBAPI2 connectionother DBAPI2 objects are not tested, please consider using SQLAlchemy
  warnings.warn(

2026-03-06 00:11:35,894:WARNING:C:\Users\savan\AppData\Roaming\Python\Python39\site-packages\sklearn\linear_model\_logistic.py:469: ConvergenceWarning: lbfgs failed to converge (status=1):
STOP: TOTAL NO. of ITERATIONS REACHED LIMIT.

Increase the number of iterations (max_iter) or scale the data as shown in:
    https://scikit-learn.org/stable/modules/preprocessing.html
Please also refer to the documentation for alternative solver options:
    https://scikit-learn.org/stable/modules/linear_model.html#logistic-regression
  n_iter_i = _check_optimize_result(

2026-03-06 00:11:44,132:WARNING:C:\Users\savan\AppData\Roaming\Python\Python39\site-packages\xgboost\core.py:158: UserWarning: [00:11:44] WARNING: C:\buildkite-agent\builds\buildkite-windows-cpu-autoscaling-group-i-08cbc0333d8d4aae1-1\xgboost\xgboost-ci-windows\src\learner.cc:740: 
Parameters: { "use_label_encoder" } are not used.

  warnings.warn(smsg, UserWarning)

2026-03-06 00:11:44,729:WARNING:C:\Users\savan\AppData\Roaming\Python\Python39\site-packages\xgboost\core.py:158: UserWarning: [00:11:44] WARNING: C:\buildkite-agent\builds\buildkite-windows-cpu-autoscaling-group-i-08cbc0333d8d4aae1-1\xgboost\xgboost-ci-windows\src\learner.cc:740: 
Parameters: { "use_label_encoder" } are not used.

  warnings.warn(smsg, UserWarning)

2026-03-06 00:11:45,377:WARNING:C:\Users\savan\AppData\Roaming\Python\Python39\site-packages\xgboost\core.py:158: UserWarning: [00:11:45] WARNING: C:\buildkite-agent\builds\buildkite-windows-cpu-autoscaling-group-i-08cbc0333d8d4aae1-1\xgboost\xgboost-ci-windows\src\learner.cc:740: 
Parameters: { "use_label_encoder" } are not used.

  warnings.warn(smsg, UserWarning)

2026-03-06 00:11:46,066:WARNING:C:\Users\savan\AppData\Roaming\Python\Python39\site-packages\xgboost\core.py:158: UserWarning: [00:11:46] WARNING: C:\buildkite-agent\builds\buildkite-windows-cpu-autoscaling-group-i-08cbc0333d8d4aae1-1\xgboost\xgboost-ci-windows\src\learner.cc:740: 
Parameters: { "use_label_encoder" } are not used.

  warnings.warn(smsg, UserWarning)

2026-03-06 00:16:53,735:WARNING:C:\Users\savan\AppData\Roaming\Python\Python39\site-packages\xgboost\core.py:158: UserWarning: [00:16:53] WARNING: C:\buildkite-agent\builds\buildkite-windows-cpu-autoscaling-group-i-08cbc0333d8d4aae1-1\xgboost\xgboost-ci-windows\src\learner.cc:740: 
Parameters: { "use_label_encoder" } are not used.

  warnings.warn(smsg, UserWarning)

2026-03-06 00:33:59,511:WARNING:
'cuml' is a soft dependency and not included in the pycaret installation. Please run: `pip install cuml` to install.
2026-03-06 00:33:59,511:WARNING:
'cuml' is a soft dependency and not included in the pycaret installation. Please run: `pip install cuml` to install.
2026-03-06 00:33:59,511:WARNING:
'cuml' is a soft dependency and not included in the pycaret installation. Please run: `pip install cuml` to install.
2026-03-06 00:33:59,511:WARNING:
'cuml' is a soft dependency and not included in the pycaret installation. Please run: `pip install cuml` to install.
2026-03-06 00:34:02,787:WARNING:c:\ProgramData\Anaconda3\lib\site-packages\pandas\io\sql.py:762: UserWarning: pandas only support SQLAlchemy connectable(engine/connection) ordatabase string URI or sqlite3 DBAPI2 connectionother DBAPI2 objects are not tested, please consider using SQLAlchemy
  warnings.warn(

2026-03-06 00:34:02,845:WARNING:c:\ProgramData\Anaconda3\lib\site-packages\pandas\io\sql.py:762: UserWarning: pandas only support SQLAlchemy connectable(engine/connection) ordatabase string URI or sqlite3 DBAPI2 connectionother DBAPI2 objects are not tested, please consider using SQLAlchemy
  warnings.warn(

2026-03-06 00:34:03,051:WARNING:c:\ProgramData\Anaconda3\lib\site-packages\pandas\io\sql.py:762: UserWarning: pandas only support SQLAlchemy connectable(engine/connection) ordatabase string URI or sqlite3 DBAPI2 connectionother DBAPI2 objects are not tested, please consider using SQLAlchemy
  warnings.warn(

2026-03-06 00:34:04,812:WARNING:c:\ProgramData\Anaconda3\lib\site-packages\pandas\io\sql.py:762: UserWarning: pandas only support SQLAlchemy connectable(engine/connection) ordatabase string URI or sqlite3 DBAPI2 connectionother DBAPI2 objects are not tested, please consider using SQLAlchemy
  warnings.warn(

2026-03-06 00:34:04,858:WARNING:c:\ProgramData\Anaconda3\lib\site-packages\pandas\io\sql.py:762: UserWarning: pandas only support SQLAlchemy connectable(engine/connection) ordatabase string URI or sqlite3 DBAPI2 connectionother DBAPI2 objects are not tested, please consider using SQLAlchemy
  warnings.warn(

2026-03-06 00:34:06,161:WARNING:C:\Users\savan\AppData\Local\Temp\ipykernel_25228\4086773308.py:1: FutureWarning: Treating datetime data as categorical rather than numeric in `.describe` is deprecated and will be removed in a future version of pandas. Specify `datetime_is_numeric=True` to silence this warning and adopt the future behavior now.
  loan_cashflow_df.describe()

2026-03-06 00:34:08,046:WARNING:c:\ProgramData\Anaconda3\lib\site-packages\pandas\io\sql.py:762: UserWarning: pandas only support SQLAlchemy connectable(engine/connection) ordatabase string URI or sqlite3 DBAPI2 connectionother DBAPI2 objects are not tested, please consider using SQLAlchemy
  warnings.warn(

2026-03-06 00:34:11,774:WARNING:C:\Users\savan\AppData\Roaming\Python\Python39\site-packages\sklearn\linear_model\_logistic.py:469: ConvergenceWarning: lbfgs failed to converge (status=1):
STOP: TOTAL NO. of ITERATIONS REACHED LIMIT.

Increase the number of iterations (max_iter) or scale the data as shown in:
    https://scikit-learn.org/stable/modules/preprocessing.html
Please also refer to the documentation for alternative solver options:
    https://scikit-learn.org/stable/modules/linear_model.html#logistic-regression
  n_iter_i = _check_optimize_result(

2026-03-06 00:34:21,870:WARNING:C:\Users\savan\AppData\Roaming\Python\Python39\site-packages\xgboost\core.py:158: UserWarning: [00:34:21] WARNING: C:\buildkite-agent\builds\buildkite-windows-cpu-autoscaling-group-i-08cbc0333d8d4aae1-1\xgboost\xgboost-ci-windows\src\learner.cc:740: 
Parameters: { "use_label_encoder" } are not used.

  warnings.warn(smsg, UserWarning)

2026-03-06 00:34:22,444:WARNING:C:\Users\savan\AppData\Roaming\Python\Python39\site-packages\xgboost\core.py:158: UserWarning: [00:34:22] WARNING: C:\buildkite-agent\builds\buildkite-windows-cpu-autoscaling-group-i-08cbc0333d8d4aae1-1\xgboost\xgboost-ci-windows\src\learner.cc:740: 
Parameters: { "use_label_encoder" } are not used.

  warnings.warn(smsg, UserWarning)

2026-03-06 00:34:23,086:WARNING:C:\Users\savan\AppData\Roaming\Python\Python39\site-packages\xgboost\core.py:158: UserWarning: [00:34:23] WARNING: C:\buildkite-agent\builds\buildkite-windows-cpu-autoscaling-group-i-08cbc0333d8d4aae1-1\xgboost\xgboost-ci-windows\src\learner.cc:740: 
Parameters: { "use_label_encoder" } are not used.

  warnings.warn(smsg, UserWarning)

2026-03-06 00:34:23,731:WARNING:C:\Users\savan\AppData\Roaming\Python\Python39\site-packages\xgboost\core.py:158: UserWarning: [00:34:23] WARNING: C:\buildkite-agent\builds\buildkite-windows-cpu-autoscaling-group-i-08cbc0333d8d4aae1-1\xgboost\xgboost-ci-windows\src\learner.cc:740: 
Parameters: { "use_label_encoder" } are not used.

  warnings.warn(smsg, UserWarning)

2026-03-06 00:34:26,750:WARNING:C:\Users\savan\AppData\Roaming\Python\Python39\site-packages\xgboost\core.py:158: UserWarning: [00:34:26] WARNING: C:\buildkite-agent\builds\buildkite-windows-cpu-autoscaling-group-i-08cbc0333d8d4aae1-1\xgboost\xgboost-ci-windows\src\learner.cc:740: 
Parameters: { "use_label_encoder" } are not used.

  warnings.warn(smsg, UserWarning)

2026-03-06 00:43:13,242:WARNING:C:\Users\savan\AppData\Roaming\Python\Python39\site-packages\xgboost\core.py:158: UserWarning: [00:43:13] WARNING: C:\buildkite-agent\builds\buildkite-windows-cpu-autoscaling-group-i-08cbc0333d8d4aae1-1\xgboost\xgboost-ci-windows\src\learner.cc:740: 
Parameters: { "use_label_encoder" } are not used.

  warnings.warn(smsg, UserWarning)

2026-03-06 00:43:13,425:WARNING:C:\Users\savan\AppData\Roaming\Python\Python39\site-packages\xgboost\core.py:158: UserWarning: [00:43:13] WARNING: C:\buildkite-agent\builds\buildkite-windows-cpu-autoscaling-group-i-08cbc0333d8d4aae1-1\xgboost\xgboost-ci-windows\src\learner.cc:740: 
Parameters: { "use_label_encoder" } are not used.

  warnings.warn(smsg, UserWarning)

2026-03-06 00:43:13,561:WARNING:C:\Users\savan\AppData\Roaming\Python\Python39\site-packages\xgboost\core.py:158: UserWarning: [00:43:13] WARNING: C:\buildkite-agent\builds\buildkite-windows-cpu-autoscaling-group-i-08cbc0333d8d4aae1-1\xgboost\xgboost-ci-windows\src\learner.cc:740: 
Parameters: { "use_label_encoder" } are not used.

  warnings.warn(smsg, UserWarning)

2026-03-06 00:43:13,708:WARNING:C:\Users\savan\AppData\Roaming\Python\Python39\site-packages\xgboost\core.py:158: UserWarning: [00:43:13] WARNING: C:\buildkite-agent\builds\buildkite-windows-cpu-autoscaling-group-i-08cbc0333d8d4aae1-1\xgboost\xgboost-ci-windows\src\learner.cc:740: 
Parameters: { "use_label_encoder" } are not used.

  warnings.warn(smsg, UserWarning)

2026-03-06 00:43:13,855:WARNING:C:\Users\savan\AppData\Roaming\Python\Python39\site-packages\xgboost\core.py:158: UserWarning: [00:43:13] WARNING: C:\buildkite-agent\builds\buildkite-windows-cpu-autoscaling-group-i-08cbc0333d8d4aae1-1\xgboost\xgboost-ci-windows\src\learner.cc:740: 
Parameters: { "use_label_encoder" } are not used.

  warnings.warn(smsg, UserWarning)

2026-03-06 00:43:56,029:WARNING:C:\Users\savan\AppData\Roaming\Python\Python39\site-packages\xgboost\core.py:158: UserWarning: [00:43:56] WARNING: C:\buildkite-agent\builds\buildkite-windows-cpu-autoscaling-group-i-08cbc0333d8d4aae1-1\xgboost\xgboost-ci-windows\src\learner.cc:740: 
Parameters: { "use_label_encoder" } are not used.

  warnings.warn(smsg, UserWarning)

2026-03-06 00:53:01,455:WARNING:
'cuml' is a soft dependency and not included in the pycaret installation. Please run: `pip install cuml` to install.
2026-03-06 00:53:01,455:WARNING:
'cuml' is a soft dependency and not included in the pycaret installation. Please run: `pip install cuml` to install.
2026-03-06 00:53:01,455:WARNING:
'cuml' is a soft dependency and not included in the pycaret installation. Please run: `pip install cuml` to install.
2026-03-06 00:53:01,455:WARNING:
'cuml' is a soft dependency and not included in the pycaret installation. Please run: `pip install cuml` to install.
2026-03-06 00:53:02,372:WARNING:c:\ProgramData\Anaconda3\lib\site-packages\pandas\io\sql.py:762: UserWarning: pandas only support SQLAlchemy connectable(engine/connection) ordatabase string URI or sqlite3 DBAPI2 connectionother DBAPI2 objects are not tested, please consider using SQLAlchemy
  warnings.warn(

2026-03-06 00:53:02,417:WARNING:c:\ProgramData\Anaconda3\lib\site-packages\pandas\io\sql.py:762: UserWarning: pandas only support SQLAlchemy connectable(engine/connection) ordatabase string URI or sqlite3 DBAPI2 connectionother DBAPI2 objects are not tested, please consider using SQLAlchemy
  warnings.warn(

2026-03-06 00:53:02,620:WARNING:c:\ProgramData\Anaconda3\lib\site-packages\pandas\io\sql.py:762: UserWarning: pandas only support SQLAlchemy connectable(engine/connection) ordatabase string URI or sqlite3 DBAPI2 connectionother DBAPI2 objects are not tested, please consider using SQLAlchemy
  warnings.warn(

2026-03-06 00:53:04,407:WARNING:c:\ProgramData\Anaconda3\lib\site-packages\pandas\io\sql.py:762: UserWarning: pandas only support SQLAlchemy connectable(engine/connection) ordatabase string URI or sqlite3 DBAPI2 connectionother DBAPI2 objects are not tested, please consider using SQLAlchemy
  warnings.warn(

2026-03-06 00:53:04,506:WARNING:c:\ProgramData\Anaconda3\lib\site-packages\pandas\io\sql.py:762: UserWarning: pandas only support SQLAlchemy connectable(engine/connection) ordatabase string URI or sqlite3 DBAPI2 connectionother DBAPI2 objects are not tested, please consider using SQLAlchemy
  warnings.warn(

2026-03-06 00:53:05,227:WARNING:C:\Users\savan\AppData\Local\Temp\ipykernel_5580\4086773308.py:1: FutureWarning: Treating datetime data as categorical rather than numeric in `.describe` is deprecated and will be removed in a future version of pandas. Specify `datetime_is_numeric=True` to silence this warning and adopt the future behavior now.
  loan_cashflow_df.describe()

2026-03-06 00:53:06,282:WARNING:c:\ProgramData\Anaconda3\lib\site-packages\pandas\io\sql.py:762: UserWarning: pandas only support SQLAlchemy connectable(engine/connection) ordatabase string URI or sqlite3 DBAPI2 connectionother DBAPI2 objects are not tested, please consider using SQLAlchemy
  warnings.warn(

2026-03-06 01:02:53,419:WARNING:
'cuml' is a soft dependency and not included in the pycaret installation. Please run: `pip install cuml` to install.
2026-03-06 01:02:53,419:WARNING:
'cuml' is a soft dependency and not included in the pycaret installation. Please run: `pip install cuml` to install.
2026-03-06 01:02:53,420:WARNING:
'cuml' is a soft dependency and not included in the pycaret installation. Please run: `pip install cuml` to install.
2026-03-06 01:02:53,420:WARNING:
'cuml' is a soft dependency and not included in the pycaret installation. Please run: `pip install cuml` to install.
2026-03-06 01:02:54,637:WARNING:c:\ProgramData\Anaconda3\lib\site-packages\pandas\io\sql.py:762: UserWarning: pandas only support SQLAlchemy connectable(engine/connection) ordatabase string URI or sqlite3 DBAPI2 connectionother DBAPI2 objects are not tested, please consider using SQLAlchemy
  warnings.warn(

2026-03-06 01:02:54,682:WARNING:c:\ProgramData\Anaconda3\lib\site-packages\pandas\io\sql.py:762: UserWarning: pandas only support SQLAlchemy connectable(engine/connection) ordatabase string URI or sqlite3 DBAPI2 connectionother DBAPI2 objects are not tested, please consider using SQLAlchemy
  warnings.warn(

2026-03-06 01:02:54,864:WARNING:c:\ProgramData\Anaconda3\lib\site-packages\pandas\io\sql.py:762: UserWarning: pandas only support SQLAlchemy connectable(engine/connection) ordatabase string URI or sqlite3 DBAPI2 connectionother DBAPI2 objects are not tested, please consider using SQLAlchemy
  warnings.warn(

2026-03-06 01:02:56,739:WARNING:c:\ProgramData\Anaconda3\lib\site-packages\pandas\io\sql.py:762: UserWarning: pandas only support SQLAlchemy connectable(engine/connection) ordatabase string URI or sqlite3 DBAPI2 connectionother DBAPI2 objects are not tested, please consider using SQLAlchemy
  warnings.warn(

2026-03-06 01:02:56,792:WARNING:c:\ProgramData\Anaconda3\lib\site-packages\pandas\io\sql.py:762: UserWarning: pandas only support SQLAlchemy connectable(engine/connection) ordatabase string URI or sqlite3 DBAPI2 connectionother DBAPI2 objects are not tested, please consider using SQLAlchemy
  warnings.warn(

2026-03-06 01:02:57,581:WARNING:C:\Users\savan\AppData\Local\Temp\ipykernel_36356\4086773308.py:1: FutureWarning: Treating datetime data as categorical rather than numeric in `.describe` is deprecated and will be removed in a future version of pandas. Specify `datetime_is_numeric=True` to silence this warning and adopt the future behavior now.
  loan_cashflow_df.describe()

2026-03-06 01:02:58,723:WARNING:c:\ProgramData\Anaconda3\lib\site-packages\pandas\io\sql.py:762: UserWarning: pandas only support SQLAlchemy connectable(engine/connection) ordatabase string URI or sqlite3 DBAPI2 connectionother DBAPI2 objects are not tested, please consider using SQLAlchemy
  warnings.warn(

2026-03-09 15:21:38,936:WARNING:
'cuml' is a soft dependency and not included in the pycaret installation. Please run: `pip install cuml` to install.
2026-03-09 15:21:38,937:WARNING:
'cuml' is a soft dependency and not included in the pycaret installation. Please run: `pip install cuml` to install.
2026-03-09 15:21:38,937:WARNING:
'cuml' is a soft dependency and not included in the pycaret installation. Please run: `pip install cuml` to install.
2026-03-09 15:21:38,937:WARNING:
'cuml' is a soft dependency and not included in the pycaret installation. Please run: `pip install cuml` to install.
2026-03-09 15:21:43,198:WARNING:c:\ProgramData\Anaconda3\lib\site-packages\pandas\io\sql.py:762: UserWarning: pandas only support SQLAlchemy connectable(engine/connection) ordatabase string URI or sqlite3 DBAPI2 connectionother DBAPI2 objects are not tested, please consider using SQLAlchemy
  warnings.warn(

2026-03-09 15:21:43,342:WARNING:c:\ProgramData\Anaconda3\lib\site-packages\pandas\io\sql.py:762: UserWarning: pandas only support SQLAlchemy connectable(engine/connection) ordatabase string URI or sqlite3 DBAPI2 connectionother DBAPI2 objects are not tested, please consider using SQLAlchemy
  warnings.warn(

2026-03-09 15:21:43,418:WARNING:c:\ProgramData\Anaconda3\lib\site-packages\pandas\io\sql.py:762: UserWarning: pandas only support SQLAlchemy connectable(engine/connection) ordatabase string URI or sqlite3 DBAPI2 connectionother DBAPI2 objects are not tested, please consider using SQLAlchemy
  warnings.warn(

2026-03-09 15:21:45,320:WARNING:c:\ProgramData\Anaconda3\lib\site-packages\pandas\io\sql.py:762: UserWarning: pandas only support SQLAlchemy connectable(engine/connection) ordatabase string URI or sqlite3 DBAPI2 connectionother DBAPI2 objects are not tested, please consider using SQLAlchemy
  warnings.warn(

2026-03-09 15:21:45,436:WARNING:c:\ProgramData\Anaconda3\lib\site-packages\pandas\io\sql.py:762: UserWarning: pandas only support SQLAlchemy connectable(engine/connection) ordatabase string URI or sqlite3 DBAPI2 connectionother DBAPI2 objects are not tested, please consider using SQLAlchemy
  warnings.warn(

2026-03-09 15:21:46,204:WARNING:C:\Users\savan\AppData\Local\Temp\ipykernel_11040\4086773308.py:1: FutureWarning: Treating datetime data as categorical rather than numeric in `.describe` is deprecated and will be removed in a future version of pandas. Specify `datetime_is_numeric=True` to silence this warning and adopt the future behavior now.
  loan_cashflow_df.describe()

2026-03-09 15:21:47,822:WARNING:c:\ProgramData\Anaconda3\lib\site-packages\pandas\io\sql.py:762: UserWarning: pandas only support SQLAlchemy connectable(engine/connection) ordatabase string URI or sqlite3 DBAPI2 connectionother DBAPI2 objects are not tested, please consider using SQLAlchemy
  warnings.warn(

2026-03-09 15:28:56,845:WARNING:c:\ProgramData\Anaconda3\lib\site-packages\pandas\io\sql.py:762: UserWarning: pandas only support SQLAlchemy connectable(engine/connection) ordatabase string URI or sqlite3 DBAPI2 connectionother DBAPI2 objects are not tested, please consider using SQLAlchemy
  warnings.warn(

2026-03-09 15:28:56,890:WARNING:c:\ProgramData\Anaconda3\lib\site-packages\pandas\io\sql.py:762: UserWarning: pandas only support SQLAlchemy connectable(engine/connection) ordatabase string URI or sqlite3 DBAPI2 connectionother DBAPI2 objects are not tested, please consider using SQLAlchemy
  warnings.warn(

2026-03-09 15:28:56,969:WARNING:c:\ProgramData\Anaconda3\lib\site-packages\pandas\io\sql.py:762: UserWarning: pandas only support SQLAlchemy connectable(engine/connection) ordatabase string URI or sqlite3 DBAPI2 connectionother DBAPI2 objects are not tested, please consider using SQLAlchemy
  warnings.warn(

2026-03-09 15:28:58,630:WARNING:c:\ProgramData\Anaconda3\lib\site-packages\pandas\io\sql.py:762: UserWarning: pandas only support SQLAlchemy connectable(engine/connection) ordatabase string URI or sqlite3 DBAPI2 connectionother DBAPI2 objects are not tested, please consider using SQLAlchemy
  warnings.warn(

2026-03-09 15:28:58,688:WARNING:c:\ProgramData\Anaconda3\lib\site-packages\pandas\io\sql.py:762: UserWarning: pandas only support SQLAlchemy connectable(engine/connection) ordatabase string URI or sqlite3 DBAPI2 connectionother DBAPI2 objects are not tested, please consider using SQLAlchemy
  warnings.warn(

2026-03-09 15:28:59,486:WARNING:C:\Users\savan\AppData\Local\Temp\ipykernel_11040\4086773308.py:1: FutureWarning: Treating datetime data as categorical rather than numeric in `.describe` is deprecated and will be removed in a future version of pandas. Specify `datetime_is_numeric=True` to silence this warning and adopt the future behavior now.
  loan_cashflow_df.describe()

2026-03-09 15:29:00,509:WARNING:c:\ProgramData\Anaconda3\lib\site-packages\pandas\io\sql.py:762: UserWarning: pandas only support SQLAlchemy connectable(engine/connection) ordatabase string URI or sqlite3 DBAPI2 connectionother DBAPI2 objects are not tested, please consider using SQLAlchemy
  warnings.warn(

2026-03-09 15:29:39,120:WARNING:
'cuml' is a soft dependency and not included in the pycaret installation. Please run: `pip install cuml` to install.
2026-03-09 15:29:39,120:WARNING:
'cuml' is a soft dependency and not included in the pycaret installation. Please run: `pip install cuml` to install.
2026-03-09 15:29:39,120:WARNING:
'cuml' is a soft dependency and not included in the pycaret installation. Please run: `pip install cuml` to install.
2026-03-09 15:29:39,120:WARNING:
'cuml' is a soft dependency and not included in the pycaret installation. Please run: `pip install cuml` to install.
2026-03-09 15:29:39,937:WARNING:c:\ProgramData\Anaconda3\lib\site-packages\pandas\io\sql.py:762: UserWarning: pandas only support SQLAlchemy connectable(engine/connection) ordatabase string URI or sqlite3 DBAPI2 connectionother DBAPI2 objects are not tested, please consider using SQLAlchemy
  warnings.warn(

2026-03-09 15:29:39,977:WARNING:c:\ProgramData\Anaconda3\lib\site-packages\pandas\io\sql.py:762: UserWarning: pandas only support SQLAlchemy connectable(engine/connection) ordatabase string URI or sqlite3 DBAPI2 connectionother DBAPI2 objects are not tested, please consider using SQLAlchemy
  warnings.warn(

2026-03-09 15:29:40,140:WARNING:c:\ProgramData\Anaconda3\lib\site-packages\pandas\io\sql.py:762: UserWarning: pandas only support SQLAlchemy connectable(engine/connection) ordatabase string URI or sqlite3 DBAPI2 connectionother DBAPI2 objects are not tested, please consider using SQLAlchemy
  warnings.warn(

2026-03-09 15:29:41,853:WARNING:c:\ProgramData\Anaconda3\lib\site-packages\pandas\io\sql.py:762: UserWarning: pandas only support SQLAlchemy connectable(engine/connection) ordatabase string URI or sqlite3 DBAPI2 connectionother DBAPI2 objects are not tested, please consider using SQLAlchemy
  warnings.warn(

2026-03-09 15:29:41,899:WARNING:c:\ProgramData\Anaconda3\lib\site-packages\pandas\io\sql.py:762: UserWarning: pandas only support SQLAlchemy connectable(engine/connection) ordatabase string URI or sqlite3 DBAPI2 connectionother DBAPI2 objects are not tested, please consider using SQLAlchemy
  warnings.warn(

2026-03-09 15:29:42,559:WARNING:C:\Users\savan\AppData\Local\Temp\ipykernel_21772\4086773308.py:1: FutureWarning: Treating datetime data as categorical rather than numeric in `.describe` is deprecated and will be removed in a future version of pandas. Specify `datetime_is_numeric=True` to silence this warning and adopt the future behavior now.
  loan_cashflow_df.describe()

2026-03-09 15:29:43,594:WARNING:c:\ProgramData\Anaconda3\lib\site-packages\pandas\io\sql.py:762: UserWarning: pandas only support SQLAlchemy connectable(engine/connection) ordatabase string URI or sqlite3 DBAPI2 connectionother DBAPI2 objects are not tested, please consider using SQLAlchemy
  warnings.warn(

2026-03-09 15:31:07,682:WARNING:c:\ProgramData\Anaconda3\lib\site-packages\pandas\io\sql.py:762: UserWarning: pandas only support SQLAlchemy connectable(engine/connection) ordatabase string URI or sqlite3 DBAPI2 connectionother DBAPI2 objects are not tested, please consider using SQLAlchemy
  warnings.warn(

2026-03-09 15:31:07,722:WARNING:c:\ProgramData\Anaconda3\lib\site-packages\pandas\io\sql.py:762: UserWarning: pandas only support SQLAlchemy connectable(engine/connection) ordatabase string URI or sqlite3 DBAPI2 connectionother DBAPI2 objects are not tested, please consider using SQLAlchemy
  warnings.warn(

2026-03-09 15:31:07,792:WARNING:c:\ProgramData\Anaconda3\lib\site-packages\pandas\io\sql.py:762: UserWarning: pandas only support SQLAlchemy connectable(engine/connection) ordatabase string URI or sqlite3 DBAPI2 connectionother DBAPI2 objects are not tested, please consider using SQLAlchemy
  warnings.warn(

2026-03-09 15:31:09,403:WARNING:c:\ProgramData\Anaconda3\lib\site-packages\pandas\io\sql.py:762: UserWarning: pandas only support SQLAlchemy connectable(engine/connection) ordatabase string URI or sqlite3 DBAPI2 connectionother DBAPI2 objects are not tested, please consider using SQLAlchemy
  warnings.warn(

2026-03-09 15:31:09,431:WARNING:c:\ProgramData\Anaconda3\lib\site-packages\pandas\io\sql.py:762: UserWarning: pandas only support SQLAlchemy connectable(engine/connection) ordatabase string URI or sqlite3 DBAPI2 connectionother DBAPI2 objects are not tested, please consider using SQLAlchemy
  warnings.warn(

2026-03-09 15:31:10,158:WARNING:C:\Users\savan\AppData\Local\Temp\ipykernel_21772\4086773308.py:1: FutureWarning: Treating datetime data as categorical rather than numeric in `.describe` is deprecated and will be removed in a future version of pandas. Specify `datetime_is_numeric=True` to silence this warning and adopt the future behavior now.
  loan_cashflow_df.describe()

2026-03-09 15:31:11,090:WARNING:c:\ProgramData\Anaconda3\lib\site-packages\pandas\io\sql.py:762: UserWarning: pandas only support SQLAlchemy connectable(engine/connection) ordatabase string URI or sqlite3 DBAPI2 connectionother DBAPI2 objects are not tested, please consider using SQLAlchemy
  warnings.warn(

2026-03-09 15:37:17,446:WARNING:
'cuml' is a soft dependency and not included in the pycaret installation. Please run: `pip install cuml` to install.
2026-03-09 15:37:17,446:WARNING:
'cuml' is a soft dependency and not included in the pycaret installation. Please run: `pip install cuml` to install.
2026-03-09 15:37:17,446:WARNING:
'cuml' is a soft dependency and not included in the pycaret installation. Please run: `pip install cuml` to install.
2026-03-09 15:37:17,446:WARNING:
'cuml' is a soft dependency and not included in the pycaret installation. Please run: `pip install cuml` to install.
2026-03-09 15:37:19,179:WARNING:c:\ProgramData\Anaconda3\lib\site-packages\pandas\io\sql.py:762: UserWarning: pandas only support SQLAlchemy connectable(engine/connection) ordatabase string URI or sqlite3 DBAPI2 connectionother DBAPI2 objects are not tested, please consider using SQLAlchemy
  warnings.warn(

2026-03-09 15:37:19,290:WARNING:c:\ProgramData\Anaconda3\lib\site-packages\pandas\io\sql.py:762: UserWarning: pandas only support SQLAlchemy connectable(engine/connection) ordatabase string URI or sqlite3 DBAPI2 connectionother DBAPI2 objects are not tested, please consider using SQLAlchemy
  warnings.warn(

2026-03-09 15:37:19,585:WARNING:c:\ProgramData\Anaconda3\lib\site-packages\pandas\io\sql.py:762: UserWarning: pandas only support SQLAlchemy connectable(engine/connection) ordatabase string URI or sqlite3 DBAPI2 connectionother DBAPI2 objects are not tested, please consider using SQLAlchemy
  warnings.warn(

2026-03-09 15:37:23,089:WARNING:c:\ProgramData\Anaconda3\lib\site-packages\pandas\io\sql.py:762: UserWarning: pandas only support SQLAlchemy connectable(engine/connection) ordatabase string URI or sqlite3 DBAPI2 connectionother DBAPI2 objects are not tested, please consider using SQLAlchemy
  warnings.warn(

2026-03-09 15:37:23,155:WARNING:c:\ProgramData\Anaconda3\lib\site-packages\pandas\io\sql.py:762: UserWarning: pandas only support SQLAlchemy connectable(engine/connection) ordatabase string URI or sqlite3 DBAPI2 connectionother DBAPI2 objects are not tested, please consider using SQLAlchemy
  warnings.warn(

2026-03-09 15:37:23,889:WARNING:C:\Users\savan\AppData\Local\Temp\ipykernel_22352\4086773308.py:1: FutureWarning: Treating datetime data as categorical rather than numeric in `.describe` is deprecated and will be removed in a future version of pandas. Specify `datetime_is_numeric=True` to silence this warning and adopt the future behavior now.
  loan_cashflow_df.describe()

2026-03-09 15:37:24,920:WARNING:c:\ProgramData\Anaconda3\lib\site-packages\pandas\io\sql.py:762: UserWarning: pandas only support SQLAlchemy connectable(engine/connection) ordatabase string URI or sqlite3 DBAPI2 connectionother DBAPI2 objects are not tested, please consider using SQLAlchemy
  warnings.warn(

2026-03-09 15:41:50,532:WARNING:
'cuml' is a soft dependency and not included in the pycaret installation. Please run: `pip install cuml` to install.
2026-03-09 15:41:50,532:WARNING:
'cuml' is a soft dependency and not included in the pycaret installation. Please run: `pip install cuml` to install.
2026-03-09 15:41:50,532:WARNING:
'cuml' is a soft dependency and not included in the pycaret installation. Please run: `pip install cuml` to install.
2026-03-09 15:41:50,532:WARNING:
'cuml' is a soft dependency and not included in the pycaret installation. Please run: `pip install cuml` to install.
2026-03-09 15:41:51,316:WARNING:c:\ProgramData\Anaconda3\lib\site-packages\pandas\io\sql.py:762: UserWarning: pandas only support SQLAlchemy connectable(engine/connection) ordatabase string URI or sqlite3 DBAPI2 connectionother DBAPI2 objects are not tested, please consider using SQLAlchemy
  warnings.warn(

2026-03-09 15:41:51,367:WARNING:c:\ProgramData\Anaconda3\lib\site-packages\pandas\io\sql.py:762: UserWarning: pandas only support SQLAlchemy connectable(engine/connection) ordatabase string URI or sqlite3 DBAPI2 connectionother DBAPI2 objects are not tested, please consider using SQLAlchemy
  warnings.warn(

2026-03-09 15:41:51,547:WARNING:c:\ProgramData\Anaconda3\lib\site-packages\pandas\io\sql.py:762: UserWarning: pandas only support SQLAlchemy connectable(engine/connection) ordatabase string URI or sqlite3 DBAPI2 connectionother DBAPI2 objects are not tested, please consider using SQLAlchemy
  warnings.warn(

2026-03-09 15:41:53,258:WARNING:c:\ProgramData\Anaconda3\lib\site-packages\pandas\io\sql.py:762: UserWarning: pandas only support SQLAlchemy connectable(engine/connection) ordatabase string URI or sqlite3 DBAPI2 connectionother DBAPI2 objects are not tested, please consider using SQLAlchemy
  warnings.warn(

2026-03-09 15:41:53,290:WARNING:c:\ProgramData\Anaconda3\lib\site-packages\pandas\io\sql.py:762: UserWarning: pandas only support SQLAlchemy connectable(engine/connection) ordatabase string URI or sqlite3 DBAPI2 connectionother DBAPI2 objects are not tested, please consider using SQLAlchemy
  warnings.warn(

2026-03-09 15:41:53,950:WARNING:C:\Users\savan\AppData\Local\Temp\ipykernel_35332\4086773308.py:1: FutureWarning: Treating datetime data as categorical rather than numeric in `.describe` is deprecated and will be removed in a future version of pandas. Specify `datetime_is_numeric=True` to silence this warning and adopt the future behavior now.
  loan_cashflow_df.describe()

2026-03-09 15:41:54,878:WARNING:c:\ProgramData\Anaconda3\lib\site-packages\pandas\io\sql.py:762: UserWarning: pandas only support SQLAlchemy connectable(engine/connection) ordatabase string URI or sqlite3 DBAPI2 connectionother DBAPI2 objects are not tested, please consider using SQLAlchemy
  warnings.warn(

2026-03-09 16:00:09,815:WARNING:
'cuml' is a soft dependency and not included in the pycaret installation. Please run: `pip install cuml` to install.
2026-03-09 16:00:09,815:WARNING:
'cuml' is a soft dependency and not included in the pycaret installation. Please run: `pip install cuml` to install.
2026-03-09 16:00:09,815:WARNING:
'cuml' is a soft dependency and not included in the pycaret installation. Please run: `pip install cuml` to install.
2026-03-09 16:00:09,815:WARNING:
'cuml' is a soft dependency and not included in the pycaret installation. Please run: `pip install cuml` to install.
2026-03-09 16:00:10,584:WARNING:c:\ProgramData\Anaconda3\lib\site-packages\pandas\io\sql.py:762: UserWarning: pandas only support SQLAlchemy connectable(engine/connection) ordatabase string URI or sqlite3 DBAPI2 connectionother DBAPI2 objects are not tested, please consider using SQLAlchemy
  warnings.warn(

2026-03-09 16:00:10,653:WARNING:c:\ProgramData\Anaconda3\lib\site-packages\pandas\io\sql.py:762: UserWarning: pandas only support SQLAlchemy connectable(engine/connection) ordatabase string URI or sqlite3 DBAPI2 connectionother DBAPI2 objects are not tested, please consider using SQLAlchemy
  warnings.warn(

2026-03-09 16:00:10,832:WARNING:c:\ProgramData\Anaconda3\lib\site-packages\pandas\io\sql.py:762: UserWarning: pandas only support SQLAlchemy connectable(engine/connection) ordatabase string URI or sqlite3 DBAPI2 connectionother DBAPI2 objects are not tested, please consider using SQLAlchemy
  warnings.warn(

2026-03-09 16:00:12,551:WARNING:c:\ProgramData\Anaconda3\lib\site-packages\pandas\io\sql.py:762: UserWarning: pandas only support SQLAlchemy connectable(engine/connection) ordatabase string URI or sqlite3 DBAPI2 connectionother DBAPI2 objects are not tested, please consider using SQLAlchemy
  warnings.warn(

2026-03-09 16:00:12,609:WARNING:c:\ProgramData\Anaconda3\lib\site-packages\pandas\io\sql.py:762: UserWarning: pandas only support SQLAlchemy connectable(engine/connection) ordatabase string URI or sqlite3 DBAPI2 connectionother DBAPI2 objects are not tested, please consider using SQLAlchemy
  warnings.warn(

2026-03-09 16:00:13,325:WARNING:C:\Users\savan\AppData\Local\Temp\ipykernel_35076\4086773308.py:1: FutureWarning: Treating datetime data as categorical rather than numeric in `.describe` is deprecated and will be removed in a future version of pandas. Specify `datetime_is_numeric=True` to silence this warning and adopt the future behavior now.
  loan_cashflow_df.describe()

2026-03-09 16:00:14,402:WARNING:c:\ProgramData\Anaconda3\lib\site-packages\pandas\io\sql.py:762: UserWarning: pandas only support SQLAlchemy connectable(engine/connection) ordatabase string URI or sqlite3 DBAPI2 connectionother DBAPI2 objects are not tested, please consider using SQLAlchemy
  warnings.warn(

2026-03-09 16:00:50,956:WARNING:C:\Users\savan\AppData\Roaming\Python\Python39\site-packages\xgboost\core.py:158: UserWarning: [16:00:50] WARNING: C:\buildkite-agent\builds\buildkite-windows-cpu-autoscaling-group-i-08cbc0333d8d4aae1-1\xgboost\xgboost-ci-windows\src\learner.cc:740: 
Parameters: { "use_label_encoder" } are not used.

  warnings.warn(smsg, UserWarning)

2026-03-09 16:05:53,364:WARNING:
'cuml' is a soft dependency and not included in the pycaret installation. Please run: `pip install cuml` to install.
2026-03-09 16:05:53,364:WARNING:
'cuml' is a soft dependency and not included in the pycaret installation. Please run: `pip install cuml` to install.
2026-03-09 16:05:53,364:WARNING:
'cuml' is a soft dependency and not included in the pycaret installation. Please run: `pip install cuml` to install.
2026-03-09 16:05:53,364:WARNING:
'cuml' is a soft dependency and not included in the pycaret installation. Please run: `pip install cuml` to install.
2026-03-09 16:05:54,145:WARNING:c:\ProgramData\Anaconda3\lib\site-packages\pandas\io\sql.py:762: UserWarning: pandas only support SQLAlchemy connectable(engine/connection) ordatabase string URI or sqlite3 DBAPI2 connectionother DBAPI2 objects are not tested, please consider using SQLAlchemy
  warnings.warn(

2026-03-09 16:05:54,203:WARNING:c:\ProgramData\Anaconda3\lib\site-packages\pandas\io\sql.py:762: UserWarning: pandas only support SQLAlchemy connectable(engine/connection) ordatabase string URI or sqlite3 DBAPI2 connectionother DBAPI2 objects are not tested, please consider using SQLAlchemy
  warnings.warn(

2026-03-09 16:05:54,404:WARNING:c:\ProgramData\Anaconda3\lib\site-packages\pandas\io\sql.py:762: UserWarning: pandas only support SQLAlchemy connectable(engine/connection) ordatabase string URI or sqlite3 DBAPI2 connectionother DBAPI2 objects are not tested, please consider using SQLAlchemy
  warnings.warn(

2026-03-09 16:05:56,238:WARNING:c:\ProgramData\Anaconda3\lib\site-packages\pandas\io\sql.py:762: UserWarning: pandas only support SQLAlchemy connectable(engine/connection) ordatabase string URI or sqlite3 DBAPI2 connectionother DBAPI2 objects are not tested, please consider using SQLAlchemy
  warnings.warn(

2026-03-09 16:05:56,308:WARNING:c:\ProgramData\Anaconda3\lib\site-packages\pandas\io\sql.py:762: UserWarning: pandas only support SQLAlchemy connectable(engine/connection) ordatabase string URI or sqlite3 DBAPI2 connectionother DBAPI2 objects are not tested, please consider using SQLAlchemy
  warnings.warn(

2026-03-09 16:05:57,001:WARNING:C:\Users\savan\AppData\Local\Temp\ipykernel_13100\4086773308.py:1: FutureWarning: Treating datetime data as categorical rather than numeric in `.describe` is deprecated and will be removed in a future version of pandas. Specify `datetime_is_numeric=True` to silence this warning and adopt the future behavior now.
  loan_cashflow_df.describe()

2026-03-09 16:05:58,073:WARNING:c:\ProgramData\Anaconda3\lib\site-packages\pandas\io\sql.py:762: UserWarning: pandas only support SQLAlchemy connectable(engine/connection) ordatabase string URI or sqlite3 DBAPI2 connectionother DBAPI2 objects are not tested, please consider using SQLAlchemy
  warnings.warn(

2026-03-09 16:06:33,131:WARNING:C:\Users\savan\AppData\Roaming\Python\Python39\site-packages\xgboost\core.py:158: UserWarning: [16:06:33] WARNING: C:\buildkite-agent\builds\buildkite-windows-cpu-autoscaling-group-i-08cbc0333d8d4aae1-1\xgboost\xgboost-ci-windows\src\learner.cc:740: 
Parameters: { "use_label_encoder" } are not used.

  warnings.warn(smsg, UserWarning)

2026-03-09 16:06:33,811:WARNING:C:\Users\savan\AppData\Roaming\Python\Python39\site-packages\xgboost\core.py:158: UserWarning: [16:06:33] WARNING: C:\buildkite-agent\builds\buildkite-windows-cpu-autoscaling-group-i-08cbc0333d8d4aae1-1\xgboost\xgboost-ci-windows\src\learner.cc:740: 
Parameters: { "use_label_encoder" } are not used.

  warnings.warn(smsg, UserWarning)

2026-03-09 16:06:34,435:WARNING:C:\Users\savan\AppData\Roaming\Python\Python39\site-packages\xgboost\core.py:158: UserWarning: [16:06:34] WARNING: C:\buildkite-agent\builds\buildkite-windows-cpu-autoscaling-group-i-08cbc0333d8d4aae1-1\xgboost\xgboost-ci-windows\src\learner.cc:740: 
Parameters: { "use_label_encoder" } are not used.

  warnings.warn(smsg, UserWarning)

2026-03-09 16:06:37,397:WARNING:C:\Users\savan\AppData\Roaming\Python\Python39\site-packages\xgboost\core.py:158: UserWarning: [16:06:37] WARNING: C:\buildkite-agent\builds\buildkite-windows-cpu-autoscaling-group-i-08cbc0333d8d4aae1-1\xgboost\xgboost-ci-windows\src\learner.cc:740: 
Parameters: { "use_label_encoder" } are not used.

  warnings.warn(smsg, UserWarning)

2026-03-09 16:06:37,516:WARNING:C:\Users\savan\AppData\Roaming\Python\Python39\site-packages\xgboost\core.py:158: UserWarning: [16:06:37] WARNING: C:\buildkite-agent\builds\buildkite-windows-cpu-autoscaling-group-i-08cbc0333d8d4aae1-1\xgboost\xgboost-ci-windows\src\learner.cc:740: 
Parameters: { "use_label_encoder" } are not used.

  warnings.warn(smsg, UserWarning)

2026-03-09 16:06:37,616:WARNING:C:\Users\savan\AppData\Roaming\Python\Python39\site-packages\xgboost\core.py:158: UserWarning: [16:06:37] WARNING: C:\buildkite-agent\builds\buildkite-windows-cpu-autoscaling-group-i-08cbc0333d8d4aae1-1\xgboost\xgboost-ci-windows\src\learner.cc:740: 
Parameters: { "use_label_encoder" } are not used.

  warnings.warn(smsg, UserWarning)

2026-03-09 16:06:37,727:WARNING:C:\Users\savan\AppData\Roaming\Python\Python39\site-packages\xgboost\core.py:158: UserWarning: [16:06:37] WARNING: C:\buildkite-agent\builds\buildkite-windows-cpu-autoscaling-group-i-08cbc0333d8d4aae1-1\xgboost\xgboost-ci-windows\src\learner.cc:740: 
Parameters: { "use_label_encoder" } are not used.

  warnings.warn(smsg, UserWarning)

2026-03-09 16:06:37,843:WARNING:C:\Users\savan\AppData\Roaming\Python\Python39\site-packages\xgboost\core.py:158: UserWarning: [16:06:37] WARNING: C:\buildkite-agent\builds\buildkite-windows-cpu-autoscaling-group-i-08cbc0333d8d4aae1-1\xgboost\xgboost-ci-windows\src\learner.cc:740: 
Parameters: { "use_label_encoder" } are not used.

  warnings.warn(smsg, UserWarning)

2026-03-09 16:06:37,974:WARNING:C:\Users\savan\AppData\Roaming\Python\Python39\site-packages\xgboost\core.py:158: UserWarning: [16:06:37] WARNING: C:\buildkite-agent\builds\buildkite-windows-cpu-autoscaling-group-i-08cbc0333d8d4aae1-1\xgboost\xgboost-ci-windows\src\learner.cc:740: 
Parameters: { "use_label_encoder" } are not used.

  warnings.warn(smsg, UserWarning)

2026-03-09 16:09:24,246:WARNING:
'cuml' is a soft dependency and not included in the pycaret installation. Please run: `pip install cuml` to install.
2026-03-09 16:09:24,246:WARNING:
'cuml' is a soft dependency and not included in the pycaret installation. Please run: `pip install cuml` to install.
2026-03-09 16:09:24,246:WARNING:
'cuml' is a soft dependency and not included in the pycaret installation. Please run: `pip install cuml` to install.
2026-03-09 16:09:24,246:WARNING:
'cuml' is a soft dependency and not included in the pycaret installation. Please run: `pip install cuml` to install.
2026-03-09 16:09:25,045:WARNING:c:\ProgramData\Anaconda3\lib\site-packages\pandas\io\sql.py:762: UserWarning: pandas only support SQLAlchemy connectable(engine/connection) ordatabase string URI or sqlite3 DBAPI2 connectionother DBAPI2 objects are not tested, please consider using SQLAlchemy
  warnings.warn(

2026-03-09 16:09:25,120:WARNING:c:\ProgramData\Anaconda3\lib\site-packages\pandas\io\sql.py:762: UserWarning: pandas only support SQLAlchemy connectable(engine/connection) ordatabase string URI or sqlite3 DBAPI2 connectionother DBAPI2 objects are not tested, please consider using SQLAlchemy
  warnings.warn(

2026-03-09 16:09:25,297:WARNING:c:\ProgramData\Anaconda3\lib\site-packages\pandas\io\sql.py:762: UserWarning: pandas only support SQLAlchemy connectable(engine/connection) ordatabase string URI or sqlite3 DBAPI2 connectionother DBAPI2 objects are not tested, please consider using SQLAlchemy
  warnings.warn(

2026-03-09 16:09:26,906:WARNING:c:\ProgramData\Anaconda3\lib\site-packages\pandas\io\sql.py:762: UserWarning: pandas only support SQLAlchemy connectable(engine/connection) ordatabase string URI or sqlite3 DBAPI2 connectionother DBAPI2 objects are not tested, please consider using SQLAlchemy
  warnings.warn(

2026-03-09 16:09:26,967:WARNING:c:\ProgramData\Anaconda3\lib\site-packages\pandas\io\sql.py:762: UserWarning: pandas only support SQLAlchemy connectable(engine/connection) ordatabase string URI or sqlite3 DBAPI2 connectionother DBAPI2 objects are not tested, please consider using SQLAlchemy
  warnings.warn(

2026-03-09 16:09:27,714:WARNING:C:\Users\savan\AppData\Local\Temp\ipykernel_32932\4086773308.py:1: FutureWarning: Treating datetime data as categorical rather than numeric in `.describe` is deprecated and will be removed in a future version of pandas. Specify `datetime_is_numeric=True` to silence this warning and adopt the future behavior now.
  loan_cashflow_df.describe()

2026-03-09 16:09:28,751:WARNING:c:\ProgramData\Anaconda3\lib\site-packages\pandas\io\sql.py:762: UserWarning: pandas only support SQLAlchemy connectable(engine/connection) ordatabase string URI or sqlite3 DBAPI2 connectionother DBAPI2 objects are not tested, please consider using SQLAlchemy
  warnings.warn(

2026-03-09 16:10:04,091:WARNING:C:\Users\savan\AppData\Roaming\Python\Python39\site-packages\xgboost\core.py:158: UserWarning: [16:10:04] WARNING: C:\buildkite-agent\builds\buildkite-windows-cpu-autoscaling-group-i-08cbc0333d8d4aae1-1\xgboost\xgboost-ci-windows\src\learner.cc:740: 
Parameters: { "use_label_encoder" } are not used.

  warnings.warn(smsg, UserWarning)

2026-03-09 16:10:04,697:WARNING:C:\Users\savan\AppData\Roaming\Python\Python39\site-packages\xgboost\core.py:158: UserWarning: [16:10:04] WARNING: C:\buildkite-agent\builds\buildkite-windows-cpu-autoscaling-group-i-08cbc0333d8d4aae1-1\xgboost\xgboost-ci-windows\src\learner.cc:740: 
Parameters: { "use_label_encoder" } are not used.

  warnings.warn(smsg, UserWarning)

2026-03-09 16:10:05,323:WARNING:C:\Users\savan\AppData\Roaming\Python\Python39\site-packages\xgboost\core.py:158: UserWarning: [16:10:05] WARNING: C:\buildkite-agent\builds\buildkite-windows-cpu-autoscaling-group-i-08cbc0333d8d4aae1-1\xgboost\xgboost-ci-windows\src\learner.cc:740: 
Parameters: { "use_label_encoder" } are not used.

  warnings.warn(smsg, UserWarning)

2026-03-09 16:10:08,206:WARNING:C:\Users\savan\AppData\Roaming\Python\Python39\site-packages\xgboost\core.py:158: UserWarning: [16:10:08] WARNING: C:\buildkite-agent\builds\buildkite-windows-cpu-autoscaling-group-i-08cbc0333d8d4aae1-1\xgboost\xgboost-ci-windows\src\learner.cc:740: 
Parameters: { "use_label_encoder" } are not used.

  warnings.warn(smsg, UserWarning)

2026-03-09 16:10:08,323:WARNING:C:\Users\savan\AppData\Roaming\Python\Python39\site-packages\xgboost\core.py:158: UserWarning: [16:10:08] WARNING: C:\buildkite-agent\builds\buildkite-windows-cpu-autoscaling-group-i-08cbc0333d8d4aae1-1\xgboost\xgboost-ci-windows\src\learner.cc:740: 
Parameters: { "use_label_encoder" } are not used.

  warnings.warn(smsg, UserWarning)

2026-03-09 16:10:08,432:WARNING:C:\Users\savan\AppData\Roaming\Python\Python39\site-packages\xgboost\core.py:158: UserWarning: [16:10:08] WARNING: C:\buildkite-agent\builds\buildkite-windows-cpu-autoscaling-group-i-08cbc0333d8d4aae1-1\xgboost\xgboost-ci-windows\src\learner.cc:740: 
Parameters: { "use_label_encoder" } are not used.

  warnings.warn(smsg, UserWarning)

2026-03-09 16:10:08,545:WARNING:C:\Users\savan\AppData\Roaming\Python\Python39\site-packages\xgboost\core.py:158: UserWarning: [16:10:08] WARNING: C:\buildkite-agent\builds\buildkite-windows-cpu-autoscaling-group-i-08cbc0333d8d4aae1-1\xgboost\xgboost-ci-windows\src\learner.cc:740: 
Parameters: { "use_label_encoder" } are not used.

  warnings.warn(smsg, UserWarning)

2026-03-09 16:10:08,643:WARNING:C:\Users\savan\AppData\Roaming\Python\Python39\site-packages\xgboost\core.py:158: UserWarning: [16:10:08] WARNING: C:\buildkite-agent\builds\buildkite-windows-cpu-autoscaling-group-i-08cbc0333d8d4aae1-1\xgboost\xgboost-ci-windows\src\learner.cc:740: 
Parameters: { "use_label_encoder" } are not used.

  warnings.warn(smsg, UserWarning)

2026-03-09 16:10:08,773:WARNING:C:\Users\savan\AppData\Roaming\Python\Python39\site-packages\xgboost\core.py:158: UserWarning: [16:10:08] WARNING: C:\buildkite-agent\builds\buildkite-windows-cpu-autoscaling-group-i-08cbc0333d8d4aae1-1\xgboost\xgboost-ci-windows\src\learner.cc:740: 
Parameters: { "use_label_encoder" } are not used.

  warnings.warn(smsg, UserWarning)

2026-03-09 16:14:05,575:WARNING:
'cuml' is a soft dependency and not included in the pycaret installation. Please run: `pip install cuml` to install.
2026-03-09 16:14:05,575:WARNING:
'cuml' is a soft dependency and not included in the pycaret installation. Please run: `pip install cuml` to install.
2026-03-09 16:14:05,575:WARNING:
'cuml' is a soft dependency and not included in the pycaret installation. Please run: `pip install cuml` to install.
2026-03-09 16:14:05,575:WARNING:
'cuml' is a soft dependency and not included in the pycaret installation. Please run: `pip install cuml` to install.
2026-03-09 16:14:06,365:WARNING:c:\ProgramData\Anaconda3\lib\site-packages\pandas\io\sql.py:762: UserWarning: pandas only support SQLAlchemy connectable(engine/connection) ordatabase string URI or sqlite3 DBAPI2 connectionother DBAPI2 objects are not tested, please consider using SQLAlchemy
  warnings.warn(

2026-03-09 16:14:06,417:WARNING:c:\ProgramData\Anaconda3\lib\site-packages\pandas\io\sql.py:762: UserWarning: pandas only support SQLAlchemy connectable(engine/connection) ordatabase string URI or sqlite3 DBAPI2 connectionother DBAPI2 objects are not tested, please consider using SQLAlchemy
  warnings.warn(

2026-03-09 16:14:06,615:WARNING:c:\ProgramData\Anaconda3\lib\site-packages\pandas\io\sql.py:762: UserWarning: pandas only support SQLAlchemy connectable(engine/connection) ordatabase string URI or sqlite3 DBAPI2 connectionother DBAPI2 objects are not tested, please consider using SQLAlchemy
  warnings.warn(

2026-03-09 16:14:08,271:WARNING:c:\ProgramData\Anaconda3\lib\site-packages\pandas\io\sql.py:762: UserWarning: pandas only support SQLAlchemy connectable(engine/connection) ordatabase string URI or sqlite3 DBAPI2 connectionother DBAPI2 objects are not tested, please consider using SQLAlchemy
  warnings.warn(

2026-03-09 16:14:08,316:WARNING:c:\ProgramData\Anaconda3\lib\site-packages\pandas\io\sql.py:762: UserWarning: pandas only support SQLAlchemy connectable(engine/connection) ordatabase string URI or sqlite3 DBAPI2 connectionother DBAPI2 objects are not tested, please consider using SQLAlchemy
  warnings.warn(

2026-03-09 16:14:08,956:WARNING:C:\Users\savan\AppData\Local\Temp\ipykernel_10396\4086773308.py:1: FutureWarning: Treating datetime data as categorical rather than numeric in `.describe` is deprecated and will be removed in a future version of pandas. Specify `datetime_is_numeric=True` to silence this warning and adopt the future behavior now.
  loan_cashflow_df.describe()

2026-03-09 16:14:09,938:WARNING:c:\ProgramData\Anaconda3\lib\site-packages\pandas\io\sql.py:762: UserWarning: pandas only support SQLAlchemy connectable(engine/connection) ordatabase string URI or sqlite3 DBAPI2 connectionother DBAPI2 objects are not tested, please consider using SQLAlchemy
  warnings.warn(

2026-03-09 16:14:45,969:WARNING:C:\Users\savan\AppData\Roaming\Python\Python39\site-packages\xgboost\core.py:158: UserWarning: [16:14:45] WARNING: C:\buildkite-agent\builds\buildkite-windows-cpu-autoscaling-group-i-08cbc0333d8d4aae1-1\xgboost\xgboost-ci-windows\src\learner.cc:740: 
Parameters: { "use_label_encoder" } are not used.

  warnings.warn(smsg, UserWarning)

2026-03-09 16:14:46,663:WARNING:C:\Users\savan\AppData\Roaming\Python\Python39\site-packages\xgboost\core.py:158: UserWarning: [16:14:46] WARNING: C:\buildkite-agent\builds\buildkite-windows-cpu-autoscaling-group-i-08cbc0333d8d4aae1-1\xgboost\xgboost-ci-windows\src\learner.cc:740: 
Parameters: { "use_label_encoder" } are not used.

  warnings.warn(smsg, UserWarning)

2026-03-09 16:14:47,343:WARNING:C:\Users\savan\AppData\Roaming\Python\Python39\site-packages\xgboost\core.py:158: UserWarning: [16:14:47] WARNING: C:\buildkite-agent\builds\buildkite-windows-cpu-autoscaling-group-i-08cbc0333d8d4aae1-1\xgboost\xgboost-ci-windows\src\learner.cc:740: 
Parameters: { "use_label_encoder" } are not used.

  warnings.warn(smsg, UserWarning)

2026-03-09 16:14:50,139:WARNING:C:\Users\savan\AppData\Roaming\Python\Python39\site-packages\xgboost\core.py:158: UserWarning: [16:14:50] WARNING: C:\buildkite-agent\builds\buildkite-windows-cpu-autoscaling-group-i-08cbc0333d8d4aae1-1\xgboost\xgboost-ci-windows\src\learner.cc:740: 
Parameters: { "use_label_encoder" } are not used.

  warnings.warn(smsg, UserWarning)

2026-03-09 16:14:50,254:WARNING:C:\Users\savan\AppData\Roaming\Python\Python39\site-packages\xgboost\core.py:158: UserWarning: [16:14:50] WARNING: C:\buildkite-agent\builds\buildkite-windows-cpu-autoscaling-group-i-08cbc0333d8d4aae1-1\xgboost\xgboost-ci-windows\src\learner.cc:740: 
Parameters: { "use_label_encoder" } are not used.

  warnings.warn(smsg, UserWarning)

2026-03-09 16:14:50,357:WARNING:C:\Users\savan\AppData\Roaming\Python\Python39\site-packages\xgboost\core.py:158: UserWarning: [16:14:50] WARNING: C:\buildkite-agent\builds\buildkite-windows-cpu-autoscaling-group-i-08cbc0333d8d4aae1-1\xgboost\xgboost-ci-windows\src\learner.cc:740: 
Parameters: { "use_label_encoder" } are not used.

  warnings.warn(smsg, UserWarning)

2026-03-09 16:14:50,464:WARNING:C:\Users\savan\AppData\Roaming\Python\Python39\site-packages\xgboost\core.py:158: UserWarning: [16:14:50] WARNING: C:\buildkite-agent\builds\buildkite-windows-cpu-autoscaling-group-i-08cbc0333d8d4aae1-1\xgboost\xgboost-ci-windows\src\learner.cc:740: 
Parameters: { "use_label_encoder" } are not used.

  warnings.warn(smsg, UserWarning)

2026-03-09 16:14:50,581:WARNING:C:\Users\savan\AppData\Roaming\Python\Python39\site-packages\xgboost\core.py:158: UserWarning: [16:14:50] WARNING: C:\buildkite-agent\builds\buildkite-windows-cpu-autoscaling-group-i-08cbc0333d8d4aae1-1\xgboost\xgboost-ci-windows\src\learner.cc:740: 
Parameters: { "use_label_encoder" } are not used.

  warnings.warn(smsg, UserWarning)

2026-03-09 16:14:50,710:WARNING:C:\Users\savan\AppData\Roaming\Python\Python39\site-packages\xgboost\core.py:158: UserWarning: [16:14:50] WARNING: C:\buildkite-agent\builds\buildkite-windows-cpu-autoscaling-group-i-08cbc0333d8d4aae1-1\xgboost\xgboost-ci-windows\src\learner.cc:740: 
Parameters: { "use_label_encoder" } are not used.

  warnings.warn(smsg, UserWarning)

2026-03-09 16:16:21,146:WARNING:
'cuml' is a soft dependency and not included in the pycaret installation. Please run: `pip install cuml` to install.
2026-03-09 16:16:21,146:WARNING:
'cuml' is a soft dependency and not included in the pycaret installation. Please run: `pip install cuml` to install.
2026-03-09 16:16:21,146:WARNING:
'cuml' is a soft dependency and not included in the pycaret installation. Please run: `pip install cuml` to install.
2026-03-09 16:16:21,146:WARNING:
'cuml' is a soft dependency and not included in the pycaret installation. Please run: `pip install cuml` to install.
2026-03-09 16:16:21,945:WARNING:c:\ProgramData\Anaconda3\lib\site-packages\pandas\io\sql.py:762: UserWarning: pandas only support SQLAlchemy connectable(engine/connection) ordatabase string URI or sqlite3 DBAPI2 connectionother DBAPI2 objects are not tested, please consider using SQLAlchemy
  warnings.warn(

2026-03-09 16:16:22,008:WARNING:c:\ProgramData\Anaconda3\lib\site-packages\pandas\io\sql.py:762: UserWarning: pandas only support SQLAlchemy connectable(engine/connection) ordatabase string URI or sqlite3 DBAPI2 connectionother DBAPI2 objects are not tested, please consider using SQLAlchemy
  warnings.warn(

2026-03-09 16:16:22,174:WARNING:c:\ProgramData\Anaconda3\lib\site-packages\pandas\io\sql.py:762: UserWarning: pandas only support SQLAlchemy connectable(engine/connection) ordatabase string URI or sqlite3 DBAPI2 connectionother DBAPI2 objects are not tested, please consider using SQLAlchemy
  warnings.warn(

2026-03-09 16:16:23,765:WARNING:c:\ProgramData\Anaconda3\lib\site-packages\pandas\io\sql.py:762: UserWarning: pandas only support SQLAlchemy connectable(engine/connection) ordatabase string URI or sqlite3 DBAPI2 connectionother DBAPI2 objects are not tested, please consider using SQLAlchemy
  warnings.warn(

2026-03-09 16:16:23,813:WARNING:c:\ProgramData\Anaconda3\lib\site-packages\pandas\io\sql.py:762: UserWarning: pandas only support SQLAlchemy connectable(engine/connection) ordatabase string URI or sqlite3 DBAPI2 connectionother DBAPI2 objects are not tested, please consider using SQLAlchemy
  warnings.warn(

2026-03-09 16:16:24,482:WARNING:C:\Users\savan\AppData\Local\Temp\ipykernel_29816\4086773308.py:1: FutureWarning: Treating datetime data as categorical rather than numeric in `.describe` is deprecated and will be removed in a future version of pandas. Specify `datetime_is_numeric=True` to silence this warning and adopt the future behavior now.
  loan_cashflow_df.describe()

2026-03-09 16:16:25,464:WARNING:c:\ProgramData\Anaconda3\lib\site-packages\pandas\io\sql.py:762: UserWarning: pandas only support SQLAlchemy connectable(engine/connection) ordatabase string URI or sqlite3 DBAPI2 connectionother DBAPI2 objects are not tested, please consider using SQLAlchemy
  warnings.warn(

2026-03-09 16:17:00,987:WARNING:C:\Users\savan\AppData\Roaming\Python\Python39\site-packages\xgboost\core.py:158: UserWarning: [16:17:00] WARNING: C:\buildkite-agent\builds\buildkite-windows-cpu-autoscaling-group-i-08cbc0333d8d4aae1-1\xgboost\xgboost-ci-windows\src\learner.cc:740: 
Parameters: { "use_label_encoder" } are not used.

  warnings.warn(smsg, UserWarning)

2026-03-09 16:17:01,577:WARNING:C:\Users\savan\AppData\Roaming\Python\Python39\site-packages\xgboost\core.py:158: UserWarning: [16:17:01] WARNING: C:\buildkite-agent\builds\buildkite-windows-cpu-autoscaling-group-i-08cbc0333d8d4aae1-1\xgboost\xgboost-ci-windows\src\learner.cc:740: 
Parameters: { "use_label_encoder" } are not used.

  warnings.warn(smsg, UserWarning)

2026-03-09 16:17:02,204:WARNING:C:\Users\savan\AppData\Roaming\Python\Python39\site-packages\xgboost\core.py:158: UserWarning: [16:17:02] WARNING: C:\buildkite-agent\builds\buildkite-windows-cpu-autoscaling-group-i-08cbc0333d8d4aae1-1\xgboost\xgboost-ci-windows\src\learner.cc:740: 
Parameters: { "use_label_encoder" } are not used.

  warnings.warn(smsg, UserWarning)

2026-03-09 16:17:05,061:WARNING:C:\Users\savan\AppData\Roaming\Python\Python39\site-packages\xgboost\core.py:158: UserWarning: [16:17:05] WARNING: C:\buildkite-agent\builds\buildkite-windows-cpu-autoscaling-group-i-08cbc0333d8d4aae1-1\xgboost\xgboost-ci-windows\src\learner.cc:740: 
Parameters: { "use_label_encoder" } are not used.

  warnings.warn(smsg, UserWarning)

2026-03-09 16:17:05,188:WARNING:C:\Users\savan\AppData\Roaming\Python\Python39\site-packages\xgboost\core.py:158: UserWarning: [16:17:05] WARNING: C:\buildkite-agent\builds\buildkite-windows-cpu-autoscaling-group-i-08cbc0333d8d4aae1-1\xgboost\xgboost-ci-windows\src\learner.cc:740: 
Parameters: { "use_label_encoder" } are not used.

  warnings.warn(smsg, UserWarning)

2026-03-09 16:17:05,291:WARNING:C:\Users\savan\AppData\Roaming\Python\Python39\site-packages\xgboost\core.py:158: UserWarning: [16:17:05] WARNING: C:\buildkite-agent\builds\buildkite-windows-cpu-autoscaling-group-i-08cbc0333d8d4aae1-1\xgboost\xgboost-ci-windows\src\learner.cc:740: 
Parameters: { "use_label_encoder" } are not used.

  warnings.warn(smsg, UserWarning)

2026-03-09 16:17:05,403:WARNING:C:\Users\savan\AppData\Roaming\Python\Python39\site-packages\xgboost\core.py:158: UserWarning: [16:17:05] WARNING: C:\buildkite-agent\builds\buildkite-windows-cpu-autoscaling-group-i-08cbc0333d8d4aae1-1\xgboost\xgboost-ci-windows\src\learner.cc:740: 
Parameters: { "use_label_encoder" } are not used.

  warnings.warn(smsg, UserWarning)

2026-03-09 16:17:05,517:WARNING:C:\Users\savan\AppData\Roaming\Python\Python39\site-packages\xgboost\core.py:158: UserWarning: [16:17:05] WARNING: C:\buildkite-agent\builds\buildkite-windows-cpu-autoscaling-group-i-08cbc0333d8d4aae1-1\xgboost\xgboost-ci-windows\src\learner.cc:740: 
Parameters: { "use_label_encoder" } are not used.

  warnings.warn(smsg, UserWarning)

2026-03-09 16:17:05,654:WARNING:C:\Users\savan\AppData\Roaming\Python\Python39\site-packages\xgboost\core.py:158: UserWarning: [16:17:05] WARNING: C:\buildkite-agent\builds\buildkite-windows-cpu-autoscaling-group-i-08cbc0333d8d4aae1-1\xgboost\xgboost-ci-windows\src\learner.cc:740: 
Parameters: { "use_label_encoder" } are not used.

  warnings.warn(smsg, UserWarning)

2026-03-09 16:38:24,903:WARNING:
'cuml' is a soft dependency and not included in the pycaret installation. Please run: `pip install cuml` to install.
2026-03-09 16:38:24,903:WARNING:
'cuml' is a soft dependency and not included in the pycaret installation. Please run: `pip install cuml` to install.
2026-03-09 16:38:24,903:WARNING:
'cuml' is a soft dependency and not included in the pycaret installation. Please run: `pip install cuml` to install.
2026-03-09 16:38:24,903:WARNING:
'cuml' is a soft dependency and not included in the pycaret installation. Please run: `pip install cuml` to install.
2026-03-09 16:38:28,312:WARNING:c:\ProgramData\Anaconda3\lib\site-packages\pandas\io\sql.py:762: UserWarning: pandas only support SQLAlchemy connectable(engine/connection) ordatabase string URI or sqlite3 DBAPI2 connectionother DBAPI2 objects are not tested, please consider using SQLAlchemy
  warnings.warn(

2026-03-09 16:38:28,390:WARNING:c:\ProgramData\Anaconda3\lib\site-packages\pandas\io\sql.py:762: UserWarning: pandas only support SQLAlchemy connectable(engine/connection) ordatabase string URI or sqlite3 DBAPI2 connectionother DBAPI2 objects are not tested, please consider using SQLAlchemy
  warnings.warn(

2026-03-09 16:38:28,519:WARNING:c:\ProgramData\Anaconda3\lib\site-packages\pandas\io\sql.py:762: UserWarning: pandas only support SQLAlchemy connectable(engine/connection) ordatabase string URI or sqlite3 DBAPI2 connectionother DBAPI2 objects are not tested, please consider using SQLAlchemy
  warnings.warn(

2026-03-09 16:38:30,446:WARNING:c:\ProgramData\Anaconda3\lib\site-packages\pandas\io\sql.py:762: UserWarning: pandas only support SQLAlchemy connectable(engine/connection) ordatabase string URI or sqlite3 DBAPI2 connectionother DBAPI2 objects are not tested, please consider using SQLAlchemy
  warnings.warn(

2026-03-09 16:38:30,494:WARNING:c:\ProgramData\Anaconda3\lib\site-packages\pandas\io\sql.py:762: UserWarning: pandas only support SQLAlchemy connectable(engine/connection) ordatabase string URI or sqlite3 DBAPI2 connectionother DBAPI2 objects are not tested, please consider using SQLAlchemy
  warnings.warn(

2026-03-09 16:38:31,141:WARNING:C:\Users\savan\AppData\Local\Temp\ipykernel_35104\4086773308.py:1: FutureWarning: Treating datetime data as categorical rather than numeric in `.describe` is deprecated and will be removed in a future version of pandas. Specify `datetime_is_numeric=True` to silence this warning and adopt the future behavior now.
  loan_cashflow_df.describe()

2026-03-09 16:38:32,505:WARNING:c:\ProgramData\Anaconda3\lib\site-packages\pandas\io\sql.py:762: UserWarning: pandas only support SQLAlchemy connectable(engine/connection) ordatabase string URI or sqlite3 DBAPI2 connectionother DBAPI2 objects are not tested, please consider using SQLAlchemy
  warnings.warn(

2026-03-09 16:39:11,839:WARNING:C:\Users\savan\AppData\Roaming\Python\Python39\site-packages\xgboost\core.py:158: UserWarning: [16:39:11] WARNING: C:\buildkite-agent\builds\buildkite-windows-cpu-autoscaling-group-i-08cbc0333d8d4aae1-1\xgboost\xgboost-ci-windows\src\learner.cc:740: 
Parameters: { "use_label_encoder" } are not used.

  warnings.warn(smsg, UserWarning)

2026-03-09 16:39:12,440:WARNING:C:\Users\savan\AppData\Roaming\Python\Python39\site-packages\xgboost\core.py:158: UserWarning: [16:39:12] WARNING: C:\buildkite-agent\builds\buildkite-windows-cpu-autoscaling-group-i-08cbc0333d8d4aae1-1\xgboost\xgboost-ci-windows\src\learner.cc:740: 
Parameters: { "use_label_encoder" } are not used.

  warnings.warn(smsg, UserWarning)

2026-03-09 16:39:13,127:WARNING:C:\Users\savan\AppData\Roaming\Python\Python39\site-packages\xgboost\core.py:158: UserWarning: [16:39:13] WARNING: C:\buildkite-agent\builds\buildkite-windows-cpu-autoscaling-group-i-08cbc0333d8d4aae1-1\xgboost\xgboost-ci-windows\src\learner.cc:740: 
Parameters: { "use_label_encoder" } are not used.

  warnings.warn(smsg, UserWarning)

2026-03-09 16:39:16,468:WARNING:C:\Users\savan\AppData\Roaming\Python\Python39\site-packages\xgboost\core.py:158: UserWarning: [16:39:16] WARNING: C:\buildkite-agent\builds\buildkite-windows-cpu-autoscaling-group-i-08cbc0333d8d4aae1-1\xgboost\xgboost-ci-windows\src\learner.cc:740: 
Parameters: { "use_label_encoder" } are not used.

  warnings.warn(smsg, UserWarning)

2026-03-09 16:39:16,592:WARNING:C:\Users\savan\AppData\Roaming\Python\Python39\site-packages\xgboost\core.py:158: UserWarning: [16:39:16] WARNING: C:\buildkite-agent\builds\buildkite-windows-cpu-autoscaling-group-i-08cbc0333d8d4aae1-1\xgboost\xgboost-ci-windows\src\learner.cc:740: 
Parameters: { "use_label_encoder" } are not used.

  warnings.warn(smsg, UserWarning)

2026-03-09 16:39:16,723:WARNING:C:\Users\savan\AppData\Roaming\Python\Python39\site-packages\xgboost\core.py:158: UserWarning: [16:39:16] WARNING: C:\buildkite-agent\builds\buildkite-windows-cpu-autoscaling-group-i-08cbc0333d8d4aae1-1\xgboost\xgboost-ci-windows\src\learner.cc:740: 
Parameters: { "use_label_encoder" } are not used.

  warnings.warn(smsg, UserWarning)

2026-03-09 16:39:16,829:WARNING:C:\Users\savan\AppData\Roaming\Python\Python39\site-packages\xgboost\core.py:158: UserWarning: [16:39:16] WARNING: C:\buildkite-agent\builds\buildkite-windows-cpu-autoscaling-group-i-08cbc0333d8d4aae1-1\xgboost\xgboost-ci-windows\src\learner.cc:740: 
Parameters: { "use_label_encoder" } are not used.

  warnings.warn(smsg, UserWarning)

2026-03-09 16:39:16,938:WARNING:C:\Users\savan\AppData\Roaming\Python\Python39\site-packages\xgboost\core.py:158: UserWarning: [16:39:16] WARNING: C:\buildkite-agent\builds\buildkite-windows-cpu-autoscaling-group-i-08cbc0333d8d4aae1-1\xgboost\xgboost-ci-windows\src\learner.cc:740: 
Parameters: { "use_label_encoder" } are not used.

  warnings.warn(smsg, UserWarning)

2026-03-09 16:39:17,074:WARNING:C:\Users\savan\AppData\Roaming\Python\Python39\site-packages\xgboost\core.py:158: UserWarning: [16:39:17] WARNING: C:\buildkite-agent\builds\buildkite-windows-cpu-autoscaling-group-i-08cbc0333d8d4aae1-1\xgboost\xgboost-ci-windows\src\learner.cc:740: 
Parameters: { "use_label_encoder" } are not used.

  warnings.warn(smsg, UserWarning)

2026-03-09 16:43:20,390:WARNING:
'cuml' is a soft dependency and not included in the pycaret installation. Please run: `pip install cuml` to install.
2026-03-09 16:43:20,390:WARNING:
'cuml' is a soft dependency and not included in the pycaret installation. Please run: `pip install cuml` to install.
2026-03-09 16:43:20,390:WARNING:
'cuml' is a soft dependency and not included in the pycaret installation. Please run: `pip install cuml` to install.
2026-03-09 16:43:20,390:WARNING:
'cuml' is a soft dependency and not included in the pycaret installation. Please run: `pip install cuml` to install.
2026-03-09 16:43:21,152:WARNING:c:\ProgramData\Anaconda3\lib\site-packages\pandas\io\sql.py:762: UserWarning: pandas only support SQLAlchemy connectable(engine/connection) ordatabase string URI or sqlite3 DBAPI2 connectionother DBAPI2 objects are not tested, please consider using SQLAlchemy
  warnings.warn(

2026-03-09 16:43:21,203:WARNING:c:\ProgramData\Anaconda3\lib\site-packages\pandas\io\sql.py:762: UserWarning: pandas only support SQLAlchemy connectable(engine/connection) ordatabase string URI or sqlite3 DBAPI2 connectionother DBAPI2 objects are not tested, please consider using SQLAlchemy
  warnings.warn(

2026-03-09 16:43:21,392:WARNING:c:\ProgramData\Anaconda3\lib\site-packages\pandas\io\sql.py:762: UserWarning: pandas only support SQLAlchemy connectable(engine/connection) ordatabase string URI or sqlite3 DBAPI2 connectionother DBAPI2 objects are not tested, please consider using SQLAlchemy
  warnings.warn(

2026-03-09 16:43:23,036:WARNING:c:\ProgramData\Anaconda3\lib\site-packages\pandas\io\sql.py:762: UserWarning: pandas only support SQLAlchemy connectable(engine/connection) ordatabase string URI or sqlite3 DBAPI2 connectionother DBAPI2 objects are not tested, please consider using SQLAlchemy
  warnings.warn(

2026-03-09 16:43:23,083:WARNING:c:\ProgramData\Anaconda3\lib\site-packages\pandas\io\sql.py:762: UserWarning: pandas only support SQLAlchemy connectable(engine/connection) ordatabase string URI or sqlite3 DBAPI2 connectionother DBAPI2 objects are not tested, please consider using SQLAlchemy
  warnings.warn(

2026-03-09 16:43:23,795:WARNING:C:\Users\savan\AppData\Local\Temp\ipykernel_36812\4086773308.py:1: FutureWarning: Treating datetime data as categorical rather than numeric in `.describe` is deprecated and will be removed in a future version of pandas. Specify `datetime_is_numeric=True` to silence this warning and adopt the future behavior now.
  loan_cashflow_df.describe()

2026-03-09 16:43:24,828:WARNING:c:\ProgramData\Anaconda3\lib\site-packages\pandas\io\sql.py:762: UserWarning: pandas only support SQLAlchemy connectable(engine/connection) ordatabase string URI or sqlite3 DBAPI2 connectionother DBAPI2 objects are not tested, please consider using SQLAlchemy
  warnings.warn(

2026-03-09 16:44:00,062:WARNING:C:\Users\savan\AppData\Roaming\Python\Python39\site-packages\xgboost\core.py:158: UserWarning: [16:44:00] WARNING: C:\buildkite-agent\builds\buildkite-windows-cpu-autoscaling-group-i-08cbc0333d8d4aae1-1\xgboost\xgboost-ci-windows\src\learner.cc:740: 
Parameters: { "use_label_encoder" } are not used.

  warnings.warn(smsg, UserWarning)

2026-03-09 16:44:00,711:WARNING:C:\Users\savan\AppData\Roaming\Python\Python39\site-packages\xgboost\core.py:158: UserWarning: [16:44:00] WARNING: C:\buildkite-agent\builds\buildkite-windows-cpu-autoscaling-group-i-08cbc0333d8d4aae1-1\xgboost\xgboost-ci-windows\src\learner.cc:740: 
Parameters: { "use_label_encoder" } are not used.

  warnings.warn(smsg, UserWarning)

2026-03-09 16:44:01,325:WARNING:C:\Users\savan\AppData\Roaming\Python\Python39\site-packages\xgboost\core.py:158: UserWarning: [16:44:01] WARNING: C:\buildkite-agent\builds\buildkite-windows-cpu-autoscaling-group-i-08cbc0333d8d4aae1-1\xgboost\xgboost-ci-windows\src\learner.cc:740: 
Parameters: { "use_label_encoder" } are not used.

  warnings.warn(smsg, UserWarning)

2026-03-09 16:44:04,065:WARNING:C:\Users\savan\AppData\Roaming\Python\Python39\site-packages\xgboost\core.py:158: UserWarning: [16:44:04] WARNING: C:\buildkite-agent\builds\buildkite-windows-cpu-autoscaling-group-i-08cbc0333d8d4aae1-1\xgboost\xgboost-ci-windows\src\learner.cc:740: 
Parameters: { "use_label_encoder" } are not used.

  warnings.warn(smsg, UserWarning)

2026-03-09 16:44:04,188:WARNING:C:\Users\savan\AppData\Roaming\Python\Python39\site-packages\xgboost\core.py:158: UserWarning: [16:44:04] WARNING: C:\buildkite-agent\builds\buildkite-windows-cpu-autoscaling-group-i-08cbc0333d8d4aae1-1\xgboost\xgboost-ci-windows\src\learner.cc:740: 
Parameters: { "use_label_encoder" } are not used.

  warnings.warn(smsg, UserWarning)

2026-03-09 16:44:04,291:WARNING:C:\Users\savan\AppData\Roaming\Python\Python39\site-packages\xgboost\core.py:158: UserWarning: [16:44:04] WARNING: C:\buildkite-agent\builds\buildkite-windows-cpu-autoscaling-group-i-08cbc0333d8d4aae1-1\xgboost\xgboost-ci-windows\src\learner.cc:740: 
Parameters: { "use_label_encoder" } are not used.

  warnings.warn(smsg, UserWarning)

2026-03-09 16:44:04,403:WARNING:C:\Users\savan\AppData\Roaming\Python\Python39\site-packages\xgboost\core.py:158: UserWarning: [16:44:04] WARNING: C:\buildkite-agent\builds\buildkite-windows-cpu-autoscaling-group-i-08cbc0333d8d4aae1-1\xgboost\xgboost-ci-windows\src\learner.cc:740: 
Parameters: { "use_label_encoder" } are not used.

  warnings.warn(smsg, UserWarning)

2026-03-09 16:44:04,504:WARNING:C:\Users\savan\AppData\Roaming\Python\Python39\site-packages\xgboost\core.py:158: UserWarning: [16:44:04] WARNING: C:\buildkite-agent\builds\buildkite-windows-cpu-autoscaling-group-i-08cbc0333d8d4aae1-1\xgboost\xgboost-ci-windows\src\learner.cc:740: 
Parameters: { "use_label_encoder" } are not used.

  warnings.warn(smsg, UserWarning)

2026-03-09 16:44:04,638:WARNING:C:\Users\savan\AppData\Roaming\Python\Python39\site-packages\xgboost\core.py:158: UserWarning: [16:44:04] WARNING: C:\buildkite-agent\builds\buildkite-windows-cpu-autoscaling-group-i-08cbc0333d8d4aae1-1\xgboost\xgboost-ci-windows\src\learner.cc:740: 
Parameters: { "use_label_encoder" } are not used.

  warnings.warn(smsg, UserWarning)

2026-03-09 16:45:35,262:WARNING:
'cuml' is a soft dependency and not included in the pycaret installation. Please run: `pip install cuml` to install.
2026-03-09 16:45:35,262:WARNING:
'cuml' is a soft dependency and not included in the pycaret installation. Please run: `pip install cuml` to install.
2026-03-09 16:45:35,262:WARNING:
'cuml' is a soft dependency and not included in the pycaret installation. Please run: `pip install cuml` to install.
2026-03-09 16:45:35,262:WARNING:
'cuml' is a soft dependency and not included in the pycaret installation. Please run: `pip install cuml` to install.
2026-03-09 16:45:36,056:WARNING:c:\ProgramData\Anaconda3\lib\site-packages\pandas\io\sql.py:762: UserWarning: pandas only support SQLAlchemy connectable(engine/connection) ordatabase string URI or sqlite3 DBAPI2 connectionother DBAPI2 objects are not tested, please consider using SQLAlchemy
  warnings.warn(

2026-03-09 16:45:36,095:WARNING:c:\ProgramData\Anaconda3\lib\site-packages\pandas\io\sql.py:762: UserWarning: pandas only support SQLAlchemy connectable(engine/connection) ordatabase string URI or sqlite3 DBAPI2 connectionother DBAPI2 objects are not tested, please consider using SQLAlchemy
  warnings.warn(

2026-03-09 16:45:36,248:WARNING:c:\ProgramData\Anaconda3\lib\site-packages\pandas\io\sql.py:762: UserWarning: pandas only support SQLAlchemy connectable(engine/connection) ordatabase string URI or sqlite3 DBAPI2 connectionother DBAPI2 objects are not tested, please consider using SQLAlchemy
  warnings.warn(

2026-03-09 16:45:38,072:WARNING:c:\ProgramData\Anaconda3\lib\site-packages\pandas\io\sql.py:762: UserWarning: pandas only support SQLAlchemy connectable(engine/connection) ordatabase string URI or sqlite3 DBAPI2 connectionother DBAPI2 objects are not tested, please consider using SQLAlchemy
  warnings.warn(

2026-03-09 16:45:38,132:WARNING:c:\ProgramData\Anaconda3\lib\site-packages\pandas\io\sql.py:762: UserWarning: pandas only support SQLAlchemy connectable(engine/connection) ordatabase string URI or sqlite3 DBAPI2 connectionother DBAPI2 objects are not tested, please consider using SQLAlchemy
  warnings.warn(

2026-03-09 16:45:38,889:WARNING:C:\Users\savan\AppData\Local\Temp\ipykernel_37636\4086773308.py:1: FutureWarning: Treating datetime data as categorical rather than numeric in `.describe` is deprecated and will be removed in a future version of pandas. Specify `datetime_is_numeric=True` to silence this warning and adopt the future behavior now.
  loan_cashflow_df.describe()

2026-03-09 16:45:39,945:WARNING:c:\ProgramData\Anaconda3\lib\site-packages\pandas\io\sql.py:762: UserWarning: pandas only support SQLAlchemy connectable(engine/connection) ordatabase string URI or sqlite3 DBAPI2 connectionother DBAPI2 objects are not tested, please consider using SQLAlchemy
  warnings.warn(

2026-03-09 16:46:15,376:WARNING:C:\Users\savan\AppData\Roaming\Python\Python39\site-packages\xgboost\core.py:158: UserWarning: [16:46:15] WARNING: C:\buildkite-agent\builds\buildkite-windows-cpu-autoscaling-group-i-08cbc0333d8d4aae1-1\xgboost\xgboost-ci-windows\src\learner.cc:740: 
Parameters: { "use_label_encoder" } are not used.

  warnings.warn(smsg, UserWarning)

2026-03-09 16:46:15,992:WARNING:C:\Users\savan\AppData\Roaming\Python\Python39\site-packages\xgboost\core.py:158: UserWarning: [16:46:15] WARNING: C:\buildkite-agent\builds\buildkite-windows-cpu-autoscaling-group-i-08cbc0333d8d4aae1-1\xgboost\xgboost-ci-windows\src\learner.cc:740: 
Parameters: { "use_label_encoder" } are not used.

  warnings.warn(smsg, UserWarning)

2026-03-09 16:46:16,658:WARNING:C:\Users\savan\AppData\Roaming\Python\Python39\site-packages\xgboost\core.py:158: UserWarning: [16:46:16] WARNING: C:\buildkite-agent\builds\buildkite-windows-cpu-autoscaling-group-i-08cbc0333d8d4aae1-1\xgboost\xgboost-ci-windows\src\learner.cc:740: 
Parameters: { "use_label_encoder" } are not used.

  warnings.warn(smsg, UserWarning)

2026-03-09 16:46:19,386:WARNING:C:\Users\savan\AppData\Roaming\Python\Python39\site-packages\xgboost\core.py:158: UserWarning: [16:46:19] WARNING: C:\buildkite-agent\builds\buildkite-windows-cpu-autoscaling-group-i-08cbc0333d8d4aae1-1\xgboost\xgboost-ci-windows\src\learner.cc:740: 
Parameters: { "use_label_encoder" } are not used.

  warnings.warn(smsg, UserWarning)

2026-03-09 16:46:19,508:WARNING:C:\Users\savan\AppData\Roaming\Python\Python39\site-packages\xgboost\core.py:158: UserWarning: [16:46:19] WARNING: C:\buildkite-agent\builds\buildkite-windows-cpu-autoscaling-group-i-08cbc0333d8d4aae1-1\xgboost\xgboost-ci-windows\src\learner.cc:740: 
Parameters: { "use_label_encoder" } are not used.

  warnings.warn(smsg, UserWarning)

2026-03-09 16:46:19,615:WARNING:C:\Users\savan\AppData\Roaming\Python\Python39\site-packages\xgboost\core.py:158: UserWarning: [16:46:19] WARNING: C:\buildkite-agent\builds\buildkite-windows-cpu-autoscaling-group-i-08cbc0333d8d4aae1-1\xgboost\xgboost-ci-windows\src\learner.cc:740: 
Parameters: { "use_label_encoder" } are not used.

  warnings.warn(smsg, UserWarning)

2026-03-09 16:46:19,723:WARNING:C:\Users\savan\AppData\Roaming\Python\Python39\site-packages\xgboost\core.py:158: UserWarning: [16:46:19] WARNING: C:\buildkite-agent\builds\buildkite-windows-cpu-autoscaling-group-i-08cbc0333d8d4aae1-1\xgboost\xgboost-ci-windows\src\learner.cc:740: 
Parameters: { "use_label_encoder" } are not used.

  warnings.warn(smsg, UserWarning)

2026-03-09 16:46:19,837:WARNING:C:\Users\savan\AppData\Roaming\Python\Python39\site-packages\xgboost\core.py:158: UserWarning: [16:46:19] WARNING: C:\buildkite-agent\builds\buildkite-windows-cpu-autoscaling-group-i-08cbc0333d8d4aae1-1\xgboost\xgboost-ci-windows\src\learner.cc:740: 
Parameters: { "use_label_encoder" } are not used.

  warnings.warn(smsg, UserWarning)

2026-03-09 16:46:19,965:WARNING:C:\Users\savan\AppData\Roaming\Python\Python39\site-packages\xgboost\core.py:158: UserWarning: [16:46:19] WARNING: C:\buildkite-agent\builds\buildkite-windows-cpu-autoscaling-group-i-08cbc0333d8d4aae1-1\xgboost\xgboost-ci-windows\src\learner.cc:740: 
Parameters: { "use_label_encoder" } are not used.

  warnings.warn(smsg, UserWarning)

2026-03-09 16:51:18,532:WARNING:
'cuml' is a soft dependency and not included in the pycaret installation. Please run: `pip install cuml` to install.
2026-03-09 16:51:18,532:WARNING:
'cuml' is a soft dependency and not included in the pycaret installation. Please run: `pip install cuml` to install.
2026-03-09 16:51:18,532:WARNING:
'cuml' is a soft dependency and not included in the pycaret installation. Please run: `pip install cuml` to install.
2026-03-09 16:51:18,532:WARNING:
'cuml' is a soft dependency and not included in the pycaret installation. Please run: `pip install cuml` to install.
2026-03-09 16:51:19,351:WARNING:c:\ProgramData\Anaconda3\lib\site-packages\pandas\io\sql.py:762: UserWarning: pandas only support SQLAlchemy connectable(engine/connection) ordatabase string URI or sqlite3 DBAPI2 connectionother DBAPI2 objects are not tested, please consider using SQLAlchemy
  warnings.warn(

2026-03-09 16:51:19,428:WARNING:c:\ProgramData\Anaconda3\lib\site-packages\pandas\io\sql.py:762: UserWarning: pandas only support SQLAlchemy connectable(engine/connection) ordatabase string URI or sqlite3 DBAPI2 connectionother DBAPI2 objects are not tested, please consider using SQLAlchemy
  warnings.warn(

2026-03-09 16:51:19,608:WARNING:c:\ProgramData\Anaconda3\lib\site-packages\pandas\io\sql.py:762: UserWarning: pandas only support SQLAlchemy connectable(engine/connection) ordatabase string URI or sqlite3 DBAPI2 connectionother DBAPI2 objects are not tested, please consider using SQLAlchemy
  warnings.warn(

2026-03-09 16:51:21,218:WARNING:c:\ProgramData\Anaconda3\lib\site-packages\pandas\io\sql.py:762: UserWarning: pandas only support SQLAlchemy connectable(engine/connection) ordatabase string URI or sqlite3 DBAPI2 connectionother DBAPI2 objects are not tested, please consider using SQLAlchemy
  warnings.warn(

2026-03-09 16:51:21,266:WARNING:c:\ProgramData\Anaconda3\lib\site-packages\pandas\io\sql.py:762: UserWarning: pandas only support SQLAlchemy connectable(engine/connection) ordatabase string URI or sqlite3 DBAPI2 connectionother DBAPI2 objects are not tested, please consider using SQLAlchemy
  warnings.warn(

2026-03-09 16:51:21,953:WARNING:C:\Users\savan\AppData\Local\Temp\ipykernel_10704\4086773308.py:1: FutureWarning: Treating datetime data as categorical rather than numeric in `.describe` is deprecated and will be removed in a future version of pandas. Specify `datetime_is_numeric=True` to silence this warning and adopt the future behavior now.
  loan_cashflow_df.describe()

2026-03-09 16:51:22,970:WARNING:c:\ProgramData\Anaconda3\lib\site-packages\pandas\io\sql.py:762: UserWarning: pandas only support SQLAlchemy connectable(engine/connection) ordatabase string URI or sqlite3 DBAPI2 connectionother DBAPI2 objects are not tested, please consider using SQLAlchemy
  warnings.warn(

2026-03-09 16:52:00,186:WARNING:C:\Users\savan\AppData\Roaming\Python\Python39\site-packages\xgboost\core.py:158: UserWarning: [16:52:00] WARNING: C:\buildkite-agent\builds\buildkite-windows-cpu-autoscaling-group-i-08cbc0333d8d4aae1-1\xgboost\xgboost-ci-windows\src\learner.cc:740: 
Parameters: { "use_label_encoder" } are not used.

  warnings.warn(smsg, UserWarning)

2026-03-09 16:52:00,847:WARNING:C:\Users\savan\AppData\Roaming\Python\Python39\site-packages\xgboost\core.py:158: UserWarning: [16:52:00] WARNING: C:\buildkite-agent\builds\buildkite-windows-cpu-autoscaling-group-i-08cbc0333d8d4aae1-1\xgboost\xgboost-ci-windows\src\learner.cc:740: 
Parameters: { "use_label_encoder" } are not used.

  warnings.warn(smsg, UserWarning)

2026-03-09 16:52:01,978:WARNING:C:\Users\savan\AppData\Roaming\Python\Python39\site-packages\xgboost\core.py:158: UserWarning: [16:52:01] WARNING: C:\buildkite-agent\builds\buildkite-windows-cpu-autoscaling-group-i-08cbc0333d8d4aae1-1\xgboost\xgboost-ci-windows\src\learner.cc:740: 
Parameters: { "use_label_encoder" } are not used.

  warnings.warn(smsg, UserWarning)

2026-03-09 16:52:06,826:WARNING:C:\Users\savan\AppData\Roaming\Python\Python39\site-packages\xgboost\core.py:158: UserWarning: [16:52:06] WARNING: C:\buildkite-agent\builds\buildkite-windows-cpu-autoscaling-group-i-08cbc0333d8d4aae1-1\xgboost\xgboost-ci-windows\src\learner.cc:740: 
Parameters: { "use_label_encoder" } are not used.

  warnings.warn(smsg, UserWarning)

2026-03-09 16:52:07,126:WARNING:C:\Users\savan\AppData\Roaming\Python\Python39\site-packages\xgboost\core.py:158: UserWarning: [16:52:07] WARNING: C:\buildkite-agent\builds\buildkite-windows-cpu-autoscaling-group-i-08cbc0333d8d4aae1-1\xgboost\xgboost-ci-windows\src\learner.cc:740: 
Parameters: { "use_label_encoder" } are not used.

  warnings.warn(smsg, UserWarning)

2026-03-09 16:52:07,395:WARNING:C:\Users\savan\AppData\Roaming\Python\Python39\site-packages\xgboost\core.py:158: UserWarning: [16:52:07] WARNING: C:\buildkite-agent\builds\buildkite-windows-cpu-autoscaling-group-i-08cbc0333d8d4aae1-1\xgboost\xgboost-ci-windows\src\learner.cc:740: 
Parameters: { "use_label_encoder" } are not used.

  warnings.warn(smsg, UserWarning)

2026-03-09 16:52:07,685:WARNING:C:\Users\savan\AppData\Roaming\Python\Python39\site-packages\xgboost\core.py:158: UserWarning: [16:52:07] WARNING: C:\buildkite-agent\builds\buildkite-windows-cpu-autoscaling-group-i-08cbc0333d8d4aae1-1\xgboost\xgboost-ci-windows\src\learner.cc:740: 
Parameters: { "use_label_encoder" } are not used.

  warnings.warn(smsg, UserWarning)

2026-03-09 16:52:08,006:WARNING:C:\Users\savan\AppData\Roaming\Python\Python39\site-packages\xgboost\core.py:158: UserWarning: [16:52:08] WARNING: C:\buildkite-agent\builds\buildkite-windows-cpu-autoscaling-group-i-08cbc0333d8d4aae1-1\xgboost\xgboost-ci-windows\src\learner.cc:740: 
Parameters: { "use_label_encoder" } are not used.

  warnings.warn(smsg, UserWarning)

2026-03-09 16:52:08,473:WARNING:C:\Users\savan\AppData\Roaming\Python\Python39\site-packages\xgboost\core.py:158: UserWarning: [16:52:08] WARNING: C:\buildkite-agent\builds\buildkite-windows-cpu-autoscaling-group-i-08cbc0333d8d4aae1-1\xgboost\xgboost-ci-windows\src\learner.cc:740: 
Parameters: { "use_label_encoder" } are not used.

  warnings.warn(smsg, UserWarning)

2026-03-09 17:18:45,083:WARNING:
'cuml' is a soft dependency and not included in the pycaret installation. Please run: `pip install cuml` to install.
2026-03-09 17:18:45,083:WARNING:
'cuml' is a soft dependency and not included in the pycaret installation. Please run: `pip install cuml` to install.
2026-03-09 17:18:45,083:WARNING:
'cuml' is a soft dependency and not included in the pycaret installation. Please run: `pip install cuml` to install.
2026-03-09 17:18:45,083:WARNING:
'cuml' is a soft dependency and not included in the pycaret installation. Please run: `pip install cuml` to install.
2026-03-09 17:18:45,884:WARNING:c:\ProgramData\Anaconda3\lib\site-packages\pandas\io\sql.py:762: UserWarning: pandas only support SQLAlchemy connectable(engine/connection) ordatabase string URI or sqlite3 DBAPI2 connectionother DBAPI2 objects are not tested, please consider using SQLAlchemy
  warnings.warn(

2026-03-09 17:18:45,950:WARNING:c:\ProgramData\Anaconda3\lib\site-packages\pandas\io\sql.py:762: UserWarning: pandas only support SQLAlchemy connectable(engine/connection) ordatabase string URI or sqlite3 DBAPI2 connectionother DBAPI2 objects are not tested, please consider using SQLAlchemy
  warnings.warn(

2026-03-09 17:18:46,124:WARNING:c:\ProgramData\Anaconda3\lib\site-packages\pandas\io\sql.py:762: UserWarning: pandas only support SQLAlchemy connectable(engine/connection) ordatabase string URI or sqlite3 DBAPI2 connectionother DBAPI2 objects are not tested, please consider using SQLAlchemy
  warnings.warn(

2026-03-09 17:18:47,916:WARNING:c:\ProgramData\Anaconda3\lib\site-packages\pandas\io\sql.py:762: UserWarning: pandas only support SQLAlchemy connectable(engine/connection) ordatabase string URI or sqlite3 DBAPI2 connectionother DBAPI2 objects are not tested, please consider using SQLAlchemy
  warnings.warn(

2026-03-09 17:18:47,966:WARNING:c:\ProgramData\Anaconda3\lib\site-packages\pandas\io\sql.py:762: UserWarning: pandas only support SQLAlchemy connectable(engine/connection) ordatabase string URI or sqlite3 DBAPI2 connectionother DBAPI2 objects are not tested, please consider using SQLAlchemy
  warnings.warn(

2026-03-09 17:18:48,624:WARNING:C:\Users\savan\AppData\Local\Temp\ipykernel_18188\4086773308.py:1: FutureWarning: Treating datetime data as categorical rather than numeric in `.describe` is deprecated and will be removed in a future version of pandas. Specify `datetime_is_numeric=True` to silence this warning and adopt the future behavior now.
  loan_cashflow_df.describe()

2026-03-09 17:18:49,681:WARNING:c:\ProgramData\Anaconda3\lib\site-packages\pandas\io\sql.py:762: UserWarning: pandas only support SQLAlchemy connectable(engine/connection) ordatabase string URI or sqlite3 DBAPI2 connectionother DBAPI2 objects are not tested, please consider using SQLAlchemy
  warnings.warn(

2026-03-09 17:19:26,188:WARNING:C:\Users\savan\AppData\Roaming\Python\Python39\site-packages\xgboost\core.py:158: UserWarning: [17:19:26] WARNING: C:\buildkite-agent\builds\buildkite-windows-cpu-autoscaling-group-i-08cbc0333d8d4aae1-1\xgboost\xgboost-ci-windows\src\learner.cc:740: 
Parameters: { "use_label_encoder" } are not used.

  warnings.warn(smsg, UserWarning)

2026-03-09 17:19:26,856:WARNING:C:\Users\savan\AppData\Roaming\Python\Python39\site-packages\xgboost\core.py:158: UserWarning: [17:19:26] WARNING: C:\buildkite-agent\builds\buildkite-windows-cpu-autoscaling-group-i-08cbc0333d8d4aae1-1\xgboost\xgboost-ci-windows\src\learner.cc:740: 
Parameters: { "use_label_encoder" } are not used.

  warnings.warn(smsg, UserWarning)

2026-03-09 17:19:27,454:WARNING:C:\Users\savan\AppData\Roaming\Python\Python39\site-packages\xgboost\core.py:158: UserWarning: [17:19:27] WARNING: C:\buildkite-agent\builds\buildkite-windows-cpu-autoscaling-group-i-08cbc0333d8d4aae1-1\xgboost\xgboost-ci-windows\src\learner.cc:740: 
Parameters: { "use_label_encoder" } are not used.

  warnings.warn(smsg, UserWarning)

2026-03-09 17:19:30,352:WARNING:C:\Users\savan\AppData\Roaming\Python\Python39\site-packages\xgboost\core.py:158: UserWarning: [17:19:30] WARNING: C:\buildkite-agent\builds\buildkite-windows-cpu-autoscaling-group-i-08cbc0333d8d4aae1-1\xgboost\xgboost-ci-windows\src\learner.cc:740: 
Parameters: { "use_label_encoder" } are not used.

  warnings.warn(smsg, UserWarning)

2026-03-09 17:19:30,466:WARNING:C:\Users\savan\AppData\Roaming\Python\Python39\site-packages\xgboost\core.py:158: UserWarning: [17:19:30] WARNING: C:\buildkite-agent\builds\buildkite-windows-cpu-autoscaling-group-i-08cbc0333d8d4aae1-1\xgboost\xgboost-ci-windows\src\learner.cc:740: 
Parameters: { "use_label_encoder" } are not used.

  warnings.warn(smsg, UserWarning)

2026-03-09 17:19:30,572:WARNING:C:\Users\savan\AppData\Roaming\Python\Python39\site-packages\xgboost\core.py:158: UserWarning: [17:19:30] WARNING: C:\buildkite-agent\builds\buildkite-windows-cpu-autoscaling-group-i-08cbc0333d8d4aae1-1\xgboost\xgboost-ci-windows\src\learner.cc:740: 
Parameters: { "use_label_encoder" } are not used.

  warnings.warn(smsg, UserWarning)

2026-03-09 17:19:30,679:WARNING:C:\Users\savan\AppData\Roaming\Python\Python39\site-packages\xgboost\core.py:158: UserWarning: [17:19:30] WARNING: C:\buildkite-agent\builds\buildkite-windows-cpu-autoscaling-group-i-08cbc0333d8d4aae1-1\xgboost\xgboost-ci-windows\src\learner.cc:740: 
Parameters: { "use_label_encoder" } are not used.

  warnings.warn(smsg, UserWarning)

2026-03-09 17:19:30,798:WARNING:C:\Users\savan\AppData\Roaming\Python\Python39\site-packages\xgboost\core.py:158: UserWarning: [17:19:30] WARNING: C:\buildkite-agent\builds\buildkite-windows-cpu-autoscaling-group-i-08cbc0333d8d4aae1-1\xgboost\xgboost-ci-windows\src\learner.cc:740: 
Parameters: { "use_label_encoder" } are not used.

  warnings.warn(smsg, UserWarning)

2026-03-09 17:19:30,933:WARNING:C:\Users\savan\AppData\Roaming\Python\Python39\site-packages\xgboost\core.py:158: UserWarning: [17:19:30] WARNING: C:\buildkite-agent\builds\buildkite-windows-cpu-autoscaling-group-i-08cbc0333d8d4aae1-1\xgboost\xgboost-ci-windows\src\learner.cc:740: 
Parameters: { "use_label_encoder" } are not used.

  warnings.warn(smsg, UserWarning)

2026-03-09 17:24:00,243:WARNING:c:\ProgramData\Anaconda3\lib\site-packages\pandas\io\sql.py:762: UserWarning: pandas only support SQLAlchemy connectable(engine/connection) ordatabase string URI or sqlite3 DBAPI2 connectionother DBAPI2 objects are not tested, please consider using SQLAlchemy
  warnings.warn(

2026-03-09 17:24:00,287:WARNING:c:\ProgramData\Anaconda3\lib\site-packages\pandas\io\sql.py:762: UserWarning: pandas only support SQLAlchemy connectable(engine/connection) ordatabase string URI or sqlite3 DBAPI2 connectionother DBAPI2 objects are not tested, please consider using SQLAlchemy
  warnings.warn(

2026-03-09 17:24:00,369:WARNING:c:\ProgramData\Anaconda3\lib\site-packages\pandas\io\sql.py:762: UserWarning: pandas only support SQLAlchemy connectable(engine/connection) ordatabase string URI or sqlite3 DBAPI2 connectionother DBAPI2 objects are not tested, please consider using SQLAlchemy
  warnings.warn(

2026-03-09 17:24:01,959:WARNING:c:\ProgramData\Anaconda3\lib\site-packages\pandas\io\sql.py:762: UserWarning: pandas only support SQLAlchemy connectable(engine/connection) ordatabase string URI or sqlite3 DBAPI2 connectionother DBAPI2 objects are not tested, please consider using SQLAlchemy
  warnings.warn(

2026-03-09 17:24:02,007:WARNING:c:\ProgramData\Anaconda3\lib\site-packages\pandas\io\sql.py:762: UserWarning: pandas only support SQLAlchemy connectable(engine/connection) ordatabase string URI or sqlite3 DBAPI2 connectionother DBAPI2 objects are not tested, please consider using SQLAlchemy
  warnings.warn(

2026-03-09 17:24:02,755:WARNING:C:\Users\savan\AppData\Local\Temp\ipykernel_18188\4086773308.py:1: FutureWarning: Treating datetime data as categorical rather than numeric in `.describe` is deprecated and will be removed in a future version of pandas. Specify `datetime_is_numeric=True` to silence this warning and adopt the future behavior now.
  loan_cashflow_df.describe()

2026-03-09 17:24:03,760:WARNING:c:\ProgramData\Anaconda3\lib\site-packages\pandas\io\sql.py:762: UserWarning: pandas only support SQLAlchemy connectable(engine/connection) ordatabase string URI or sqlite3 DBAPI2 connectionother DBAPI2 objects are not tested, please consider using SQLAlchemy
  warnings.warn(

2026-03-09 17:24:38,326:WARNING:C:\Users\savan\AppData\Roaming\Python\Python39\site-packages\xgboost\core.py:158: UserWarning: [17:24:38] WARNING: C:\buildkite-agent\builds\buildkite-windows-cpu-autoscaling-group-i-08cbc0333d8d4aae1-1\xgboost\xgboost-ci-windows\src\learner.cc:740: 
Parameters: { "use_label_encoder" } are not used.

  warnings.warn(smsg, UserWarning)

2026-03-09 17:24:38,951:WARNING:C:\Users\savan\AppData\Roaming\Python\Python39\site-packages\xgboost\core.py:158: UserWarning: [17:24:38] WARNING: C:\buildkite-agent\builds\buildkite-windows-cpu-autoscaling-group-i-08cbc0333d8d4aae1-1\xgboost\xgboost-ci-windows\src\learner.cc:740: 
Parameters: { "use_label_encoder" } are not used.

  warnings.warn(smsg, UserWarning)

2026-03-09 17:24:39,570:WARNING:C:\Users\savan\AppData\Roaming\Python\Python39\site-packages\xgboost\core.py:158: UserWarning: [17:24:39] WARNING: C:\buildkite-agent\builds\buildkite-windows-cpu-autoscaling-group-i-08cbc0333d8d4aae1-1\xgboost\xgboost-ci-windows\src\learner.cc:740: 
Parameters: { "use_label_encoder" } are not used.

  warnings.warn(smsg, UserWarning)

2026-03-09 17:24:42,469:WARNING:C:\Users\savan\AppData\Roaming\Python\Python39\site-packages\xgboost\core.py:158: UserWarning: [17:24:42] WARNING: C:\buildkite-agent\builds\buildkite-windows-cpu-autoscaling-group-i-08cbc0333d8d4aae1-1\xgboost\xgboost-ci-windows\src\learner.cc:740: 
Parameters: { "use_label_encoder" } are not used.

  warnings.warn(smsg, UserWarning)

2026-03-09 17:24:42,586:WARNING:C:\Users\savan\AppData\Roaming\Python\Python39\site-packages\xgboost\core.py:158: UserWarning: [17:24:42] WARNING: C:\buildkite-agent\builds\buildkite-windows-cpu-autoscaling-group-i-08cbc0333d8d4aae1-1\xgboost\xgboost-ci-windows\src\learner.cc:740: 
Parameters: { "use_label_encoder" } are not used.

  warnings.warn(smsg, UserWarning)

2026-03-09 17:24:42,695:WARNING:C:\Users\savan\AppData\Roaming\Python\Python39\site-packages\xgboost\core.py:158: UserWarning: [17:24:42] WARNING: C:\buildkite-agent\builds\buildkite-windows-cpu-autoscaling-group-i-08cbc0333d8d4aae1-1\xgboost\xgboost-ci-windows\src\learner.cc:740: 
Parameters: { "use_label_encoder" } are not used.

  warnings.warn(smsg, UserWarning)

2026-03-09 17:24:42,807:WARNING:C:\Users\savan\AppData\Roaming\Python\Python39\site-packages\xgboost\core.py:158: UserWarning: [17:24:42] WARNING: C:\buildkite-agent\builds\buildkite-windows-cpu-autoscaling-group-i-08cbc0333d8d4aae1-1\xgboost\xgboost-ci-windows\src\learner.cc:740: 
Parameters: { "use_label_encoder" } are not used.

  warnings.warn(smsg, UserWarning)

2026-03-09 17:24:42,919:WARNING:C:\Users\savan\AppData\Roaming\Python\Python39\site-packages\xgboost\core.py:158: UserWarning: [17:24:42] WARNING: C:\buildkite-agent\builds\buildkite-windows-cpu-autoscaling-group-i-08cbc0333d8d4aae1-1\xgboost\xgboost-ci-windows\src\learner.cc:740: 
Parameters: { "use_label_encoder" } are not used.

  warnings.warn(smsg, UserWarning)

2026-03-09 17:24:43,050:WARNING:C:\Users\savan\AppData\Roaming\Python\Python39\site-packages\xgboost\core.py:158: UserWarning: [17:24:43] WARNING: C:\buildkite-agent\builds\buildkite-windows-cpu-autoscaling-group-i-08cbc0333d8d4aae1-1\xgboost\xgboost-ci-windows\src\learner.cc:740: 
Parameters: { "use_label_encoder" } are not used.

  warnings.warn(smsg, UserWarning)

2026-03-09 17:29:07,154:WARNING:c:\ProgramData\Anaconda3\lib\site-packages\pandas\io\sql.py:762: UserWarning: pandas only support SQLAlchemy connectable(engine/connection) ordatabase string URI or sqlite3 DBAPI2 connectionother DBAPI2 objects are not tested, please consider using SQLAlchemy
  warnings.warn(

2026-03-09 17:29:07,192:WARNING:c:\ProgramData\Anaconda3\lib\site-packages\pandas\io\sql.py:762: UserWarning: pandas only support SQLAlchemy connectable(engine/connection) ordatabase string URI or sqlite3 DBAPI2 connectionother DBAPI2 objects are not tested, please consider using SQLAlchemy
  warnings.warn(

2026-03-09 17:29:07,269:WARNING:c:\ProgramData\Anaconda3\lib\site-packages\pandas\io\sql.py:762: UserWarning: pandas only support SQLAlchemy connectable(engine/connection) ordatabase string URI or sqlite3 DBAPI2 connectionother DBAPI2 objects are not tested, please consider using SQLAlchemy
  warnings.warn(

2026-03-09 17:29:10,127:WARNING:c:\ProgramData\Anaconda3\lib\site-packages\pandas\io\sql.py:762: UserWarning: pandas only support SQLAlchemy connectable(engine/connection) ordatabase string URI or sqlite3 DBAPI2 connectionother DBAPI2 objects are not tested, please consider using SQLAlchemy
  warnings.warn(

2026-03-09 17:29:10,316:WARNING:c:\ProgramData\Anaconda3\lib\site-packages\pandas\io\sql.py:762: UserWarning: pandas only support SQLAlchemy connectable(engine/connection) ordatabase string URI or sqlite3 DBAPI2 connectionother DBAPI2 objects are not tested, please consider using SQLAlchemy
  warnings.warn(

2026-03-09 17:29:11,043:WARNING:C:\Users\savan\AppData\Local\Temp\ipykernel_18188\4086773308.py:1: FutureWarning: Treating datetime data as categorical rather than numeric in `.describe` is deprecated and will be removed in a future version of pandas. Specify `datetime_is_numeric=True` to silence this warning and adopt the future behavior now.
  loan_cashflow_df.describe()

2026-03-09 17:29:11,933:WARNING:c:\ProgramData\Anaconda3\lib\site-packages\pandas\io\sql.py:762: UserWarning: pandas only support SQLAlchemy connectable(engine/connection) ordatabase string URI or sqlite3 DBAPI2 connectionother DBAPI2 objects are not tested, please consider using SQLAlchemy
  warnings.warn(

2026-03-09 17:29:47,265:WARNING:C:\Users\savan\AppData\Roaming\Python\Python39\site-packages\xgboost\core.py:158: UserWarning: [17:29:47] WARNING: C:\buildkite-agent\builds\buildkite-windows-cpu-autoscaling-group-i-08cbc0333d8d4aae1-1\xgboost\xgboost-ci-windows\src\learner.cc:740: 
Parameters: { "use_label_encoder" } are not used.

  warnings.warn(smsg, UserWarning)

2026-03-09 17:29:47,812:WARNING:C:\Users\savan\AppData\Roaming\Python\Python39\site-packages\xgboost\core.py:158: UserWarning: [17:29:47] WARNING: C:\buildkite-agent\builds\buildkite-windows-cpu-autoscaling-group-i-08cbc0333d8d4aae1-1\xgboost\xgboost-ci-windows\src\learner.cc:740: 
Parameters: { "use_label_encoder" } are not used.

  warnings.warn(smsg, UserWarning)

2026-03-09 17:29:48,398:WARNING:C:\Users\savan\AppData\Roaming\Python\Python39\site-packages\xgboost\core.py:158: UserWarning: [17:29:48] WARNING: C:\buildkite-agent\builds\buildkite-windows-cpu-autoscaling-group-i-08cbc0333d8d4aae1-1\xgboost\xgboost-ci-windows\src\learner.cc:740: 
Parameters: { "use_label_encoder" } are not used.

  warnings.warn(smsg, UserWarning)

2026-03-09 17:29:51,207:WARNING:C:\Users\savan\AppData\Roaming\Python\Python39\site-packages\xgboost\core.py:158: UserWarning: [17:29:51] WARNING: C:\buildkite-agent\builds\buildkite-windows-cpu-autoscaling-group-i-08cbc0333d8d4aae1-1\xgboost\xgboost-ci-windows\src\learner.cc:740: 
Parameters: { "use_label_encoder" } are not used.

  warnings.warn(smsg, UserWarning)

2026-03-09 17:29:51,324:WARNING:C:\Users\savan\AppData\Roaming\Python\Python39\site-packages\xgboost\core.py:158: UserWarning: [17:29:51] WARNING: C:\buildkite-agent\builds\buildkite-windows-cpu-autoscaling-group-i-08cbc0333d8d4aae1-1\xgboost\xgboost-ci-windows\src\learner.cc:740: 
Parameters: { "use_label_encoder" } are not used.

  warnings.warn(smsg, UserWarning)

2026-03-09 17:29:51,436:WARNING:C:\Users\savan\AppData\Roaming\Python\Python39\site-packages\xgboost\core.py:158: UserWarning: [17:29:51] WARNING: C:\buildkite-agent\builds\buildkite-windows-cpu-autoscaling-group-i-08cbc0333d8d4aae1-1\xgboost\xgboost-ci-windows\src\learner.cc:740: 
Parameters: { "use_label_encoder" } are not used.

  warnings.warn(smsg, UserWarning)

2026-03-09 17:29:51,544:WARNING:C:\Users\savan\AppData\Roaming\Python\Python39\site-packages\xgboost\core.py:158: UserWarning: [17:29:51] WARNING: C:\buildkite-agent\builds\buildkite-windows-cpu-autoscaling-group-i-08cbc0333d8d4aae1-1\xgboost\xgboost-ci-windows\src\learner.cc:740: 
Parameters: { "use_label_encoder" } are not used.

  warnings.warn(smsg, UserWarning)

2026-03-09 17:29:51,659:WARNING:C:\Users\savan\AppData\Roaming\Python\Python39\site-packages\xgboost\core.py:158: UserWarning: [17:29:51] WARNING: C:\buildkite-agent\builds\buildkite-windows-cpu-autoscaling-group-i-08cbc0333d8d4aae1-1\xgboost\xgboost-ci-windows\src\learner.cc:740: 
Parameters: { "use_label_encoder" } are not used.

  warnings.warn(smsg, UserWarning)

2026-03-09 17:29:51,804:WARNING:C:\Users\savan\AppData\Roaming\Python\Python39\site-packages\xgboost\core.py:158: UserWarning: [17:29:51] WARNING: C:\buildkite-agent\builds\buildkite-windows-cpu-autoscaling-group-i-08cbc0333d8d4aae1-1\xgboost\xgboost-ci-windows\src\learner.cc:740: 
Parameters: { "use_label_encoder" } are not used.

  warnings.warn(smsg, UserWarning)

2026-03-09 17:31:00,862:WARNING:
'cuml' is a soft dependency and not included in the pycaret installation. Please run: `pip install cuml` to install.
2026-03-09 17:31:00,862:WARNING:
'cuml' is a soft dependency and not included in the pycaret installation. Please run: `pip install cuml` to install.
2026-03-09 17:31:00,862:WARNING:
'cuml' is a soft dependency and not included in the pycaret installation. Please run: `pip install cuml` to install.
2026-03-09 17:31:00,862:WARNING:
'cuml' is a soft dependency and not included in the pycaret installation. Please run: `pip install cuml` to install.
2026-03-09 17:31:01,650:WARNING:c:\ProgramData\Anaconda3\lib\site-packages\pandas\io\sql.py:762: UserWarning: pandas only support SQLAlchemy connectable(engine/connection) ordatabase string URI or sqlite3 DBAPI2 connectionother DBAPI2 objects are not tested, please consider using SQLAlchemy
  warnings.warn(

2026-03-09 17:31:01,688:WARNING:c:\ProgramData\Anaconda3\lib\site-packages\pandas\io\sql.py:762: UserWarning: pandas only support SQLAlchemy connectable(engine/connection) ordatabase string URI or sqlite3 DBAPI2 connectionother DBAPI2 objects are not tested, please consider using SQLAlchemy
  warnings.warn(

2026-03-09 17:31:01,848:WARNING:c:\ProgramData\Anaconda3\lib\site-packages\pandas\io\sql.py:762: UserWarning: pandas only support SQLAlchemy connectable(engine/connection) ordatabase string URI or sqlite3 DBAPI2 connectionother DBAPI2 objects are not tested, please consider using SQLAlchemy
  warnings.warn(

2026-03-09 17:31:03,556:WARNING:c:\ProgramData\Anaconda3\lib\site-packages\pandas\io\sql.py:762: UserWarning: pandas only support SQLAlchemy connectable(engine/connection) ordatabase string URI or sqlite3 DBAPI2 connectionother DBAPI2 objects are not tested, please consider using SQLAlchemy
  warnings.warn(

2026-03-09 17:31:03,615:WARNING:c:\ProgramData\Anaconda3\lib\site-packages\pandas\io\sql.py:762: UserWarning: pandas only support SQLAlchemy connectable(engine/connection) ordatabase string URI or sqlite3 DBAPI2 connectionother DBAPI2 objects are not tested, please consider using SQLAlchemy
  warnings.warn(

2026-03-09 17:31:04,316:WARNING:C:\Users\savan\AppData\Local\Temp\ipykernel_13872\4086773308.py:1: FutureWarning: Treating datetime data as categorical rather than numeric in `.describe` is deprecated and will be removed in a future version of pandas. Specify `datetime_is_numeric=True` to silence this warning and adopt the future behavior now.
  loan_cashflow_df.describe()

2026-03-09 17:31:05,369:WARNING:c:\ProgramData\Anaconda3\lib\site-packages\pandas\io\sql.py:762: UserWarning: pandas only support SQLAlchemy connectable(engine/connection) ordatabase string URI or sqlite3 DBAPI2 connectionother DBAPI2 objects are not tested, please consider using SQLAlchemy
  warnings.warn(

2026-03-09 17:31:41,384:WARNING:C:\Users\savan\AppData\Roaming\Python\Python39\site-packages\xgboost\core.py:158: UserWarning: [17:31:41] WARNING: C:\buildkite-agent\builds\buildkite-windows-cpu-autoscaling-group-i-08cbc0333d8d4aae1-1\xgboost\xgboost-ci-windows\src\learner.cc:740: 
Parameters: { "use_label_encoder" } are not used.

  warnings.warn(smsg, UserWarning)

2026-03-09 17:31:41,983:WARNING:C:\Users\savan\AppData\Roaming\Python\Python39\site-packages\xgboost\core.py:158: UserWarning: [17:31:41] WARNING: C:\buildkite-agent\builds\buildkite-windows-cpu-autoscaling-group-i-08cbc0333d8d4aae1-1\xgboost\xgboost-ci-windows\src\learner.cc:740: 
Parameters: { "use_label_encoder" } are not used.

  warnings.warn(smsg, UserWarning)

2026-03-09 17:31:42,597:WARNING:C:\Users\savan\AppData\Roaming\Python\Python39\site-packages\xgboost\core.py:158: UserWarning: [17:31:42] WARNING: C:\buildkite-agent\builds\buildkite-windows-cpu-autoscaling-group-i-08cbc0333d8d4aae1-1\xgboost\xgboost-ci-windows\src\learner.cc:740: 
Parameters: { "use_label_encoder" } are not used.

  warnings.warn(smsg, UserWarning)

2026-03-09 17:31:45,391:WARNING:C:\Users\savan\AppData\Roaming\Python\Python39\site-packages\xgboost\core.py:158: UserWarning: [17:31:45] WARNING: C:\buildkite-agent\builds\buildkite-windows-cpu-autoscaling-group-i-08cbc0333d8d4aae1-1\xgboost\xgboost-ci-windows\src\learner.cc:740: 
Parameters: { "use_label_encoder" } are not used.

  warnings.warn(smsg, UserWarning)

2026-03-09 17:31:45,511:WARNING:C:\Users\savan\AppData\Roaming\Python\Python39\site-packages\xgboost\core.py:158: UserWarning: [17:31:45] WARNING: C:\buildkite-agent\builds\buildkite-windows-cpu-autoscaling-group-i-08cbc0333d8d4aae1-1\xgboost\xgboost-ci-windows\src\learner.cc:740: 
Parameters: { "use_label_encoder" } are not used.

  warnings.warn(smsg, UserWarning)

2026-03-09 17:31:45,617:WARNING:C:\Users\savan\AppData\Roaming\Python\Python39\site-packages\xgboost\core.py:158: UserWarning: [17:31:45] WARNING: C:\buildkite-agent\builds\buildkite-windows-cpu-autoscaling-group-i-08cbc0333d8d4aae1-1\xgboost\xgboost-ci-windows\src\learner.cc:740: 
Parameters: { "use_label_encoder" } are not used.

  warnings.warn(smsg, UserWarning)

2026-03-09 17:31:45,722:WARNING:C:\Users\savan\AppData\Roaming\Python\Python39\site-packages\xgboost\core.py:158: UserWarning: [17:31:45] WARNING: C:\buildkite-agent\builds\buildkite-windows-cpu-autoscaling-group-i-08cbc0333d8d4aae1-1\xgboost\xgboost-ci-windows\src\learner.cc:740: 
Parameters: { "use_label_encoder" } are not used.

  warnings.warn(smsg, UserWarning)

2026-03-09 17:31:45,825:WARNING:C:\Users\savan\AppData\Roaming\Python\Python39\site-packages\xgboost\core.py:158: UserWarning: [17:31:45] WARNING: C:\buildkite-agent\builds\buildkite-windows-cpu-autoscaling-group-i-08cbc0333d8d4aae1-1\xgboost\xgboost-ci-windows\src\learner.cc:740: 
Parameters: { "use_label_encoder" } are not used.

  warnings.warn(smsg, UserWarning)

2026-03-09 17:31:45,955:WARNING:C:\Users\savan\AppData\Roaming\Python\Python39\site-packages\xgboost\core.py:158: UserWarning: [17:31:45] WARNING: C:\buildkite-agent\builds\buildkite-windows-cpu-autoscaling-group-i-08cbc0333d8d4aae1-1\xgboost\xgboost-ci-windows\src\learner.cc:740: 
Parameters: { "use_label_encoder" } are not used.

  warnings.warn(smsg, UserWarning)

2026-03-09 17:34:04,631:WARNING:C:\Users\savan\AppData\Local\Temp\ipykernel_13872\912277280.py:7: ClusterWarning: scipy.cluster: The symmetric non-negative hollow observation matrix looks suspiciously like an uncondensed distance matrix
  Z = linkage(gower_sample, method='average')

2026-03-09 17:40:40,205:WARNING:c:\ProgramData\Anaconda3\lib\site-packages\pandas\io\sql.py:762: UserWarning: pandas only support SQLAlchemy connectable(engine/connection) ordatabase string URI or sqlite3 DBAPI2 connectionother DBAPI2 objects are not tested, please consider using SQLAlchemy
  warnings.warn(

2026-03-09 17:40:40,262:WARNING:c:\ProgramData\Anaconda3\lib\site-packages\pandas\io\sql.py:762: UserWarning: pandas only support SQLAlchemy connectable(engine/connection) ordatabase string URI or sqlite3 DBAPI2 connectionother DBAPI2 objects are not tested, please consider using SQLAlchemy
  warnings.warn(

2026-03-09 17:40:40,354:WARNING:c:\ProgramData\Anaconda3\lib\site-packages\pandas\io\sql.py:762: UserWarning: pandas only support SQLAlchemy connectable(engine/connection) ordatabase string URI or sqlite3 DBAPI2 connectionother DBAPI2 objects are not tested, please consider using SQLAlchemy
  warnings.warn(

2026-03-09 17:40:42,045:WARNING:c:\ProgramData\Anaconda3\lib\site-packages\pandas\io\sql.py:762: UserWarning: pandas only support SQLAlchemy connectable(engine/connection) ordatabase string URI or sqlite3 DBAPI2 connectionother DBAPI2 objects are not tested, please consider using SQLAlchemy
  warnings.warn(

2026-03-09 17:40:42,100:WARNING:c:\ProgramData\Anaconda3\lib\site-packages\pandas\io\sql.py:762: UserWarning: pandas only support SQLAlchemy connectable(engine/connection) ordatabase string URI or sqlite3 DBAPI2 connectionother DBAPI2 objects are not tested, please consider using SQLAlchemy
  warnings.warn(

2026-03-09 17:40:42,830:WARNING:C:\Users\savan\AppData\Local\Temp\ipykernel_13872\4086773308.py:1: FutureWarning: Treating datetime data as categorical rather than numeric in `.describe` is deprecated and will be removed in a future version of pandas. Specify `datetime_is_numeric=True` to silence this warning and adopt the future behavior now.
  loan_cashflow_df.describe()

2026-03-09 17:40:43,839:WARNING:c:\ProgramData\Anaconda3\lib\site-packages\pandas\io\sql.py:762: UserWarning: pandas only support SQLAlchemy connectable(engine/connection) ordatabase string URI or sqlite3 DBAPI2 connectionother DBAPI2 objects are not tested, please consider using SQLAlchemy
  warnings.warn(

2026-03-09 17:41:19,736:WARNING:C:\Users\savan\AppData\Roaming\Python\Python39\site-packages\xgboost\core.py:158: UserWarning: [17:41:19] WARNING: C:\buildkite-agent\builds\buildkite-windows-cpu-autoscaling-group-i-08cbc0333d8d4aae1-1\xgboost\xgboost-ci-windows\src\learner.cc:740: 
Parameters: { "use_label_encoder" } are not used.

  warnings.warn(smsg, UserWarning)

2026-03-09 17:41:20,351:WARNING:C:\Users\savan\AppData\Roaming\Python\Python39\site-packages\xgboost\core.py:158: UserWarning: [17:41:20] WARNING: C:\buildkite-agent\builds\buildkite-windows-cpu-autoscaling-group-i-08cbc0333d8d4aae1-1\xgboost\xgboost-ci-windows\src\learner.cc:740: 
Parameters: { "use_label_encoder" } are not used.

  warnings.warn(smsg, UserWarning)

2026-03-09 17:41:21,018:WARNING:C:\Users\savan\AppData\Roaming\Python\Python39\site-packages\xgboost\core.py:158: UserWarning: [17:41:21] WARNING: C:\buildkite-agent\builds\buildkite-windows-cpu-autoscaling-group-i-08cbc0333d8d4aae1-1\xgboost\xgboost-ci-windows\src\learner.cc:740: 
Parameters: { "use_label_encoder" } are not used.

  warnings.warn(smsg, UserWarning)

2026-03-09 17:41:24,329:WARNING:C:\Users\savan\AppData\Roaming\Python\Python39\site-packages\xgboost\core.py:158: UserWarning: [17:41:24] WARNING: C:\buildkite-agent\builds\buildkite-windows-cpu-autoscaling-group-i-08cbc0333d8d4aae1-1\xgboost\xgboost-ci-windows\src\learner.cc:740: 
Parameters: { "use_label_encoder" } are not used.

  warnings.warn(smsg, UserWarning)

2026-03-09 17:41:24,474:WARNING:C:\Users\savan\AppData\Roaming\Python\Python39\site-packages\xgboost\core.py:158: UserWarning: [17:41:24] WARNING: C:\buildkite-agent\builds\buildkite-windows-cpu-autoscaling-group-i-08cbc0333d8d4aae1-1\xgboost\xgboost-ci-windows\src\learner.cc:740: 
Parameters: { "use_label_encoder" } are not used.

  warnings.warn(smsg, UserWarning)

2026-03-09 17:41:24,819:WARNING:C:\Users\savan\AppData\Roaming\Python\Python39\site-packages\xgboost\core.py:158: UserWarning: [17:41:24] WARNING: C:\buildkite-agent\builds\buildkite-windows-cpu-autoscaling-group-i-08cbc0333d8d4aae1-1\xgboost\xgboost-ci-windows\src\learner.cc:740: 
Parameters: { "use_label_encoder" } are not used.

  warnings.warn(smsg, UserWarning)

2026-03-09 17:41:24,950:WARNING:C:\Users\savan\AppData\Roaming\Python\Python39\site-packages\xgboost\core.py:158: UserWarning: [17:41:24] WARNING: C:\buildkite-agent\builds\buildkite-windows-cpu-autoscaling-group-i-08cbc0333d8d4aae1-1\xgboost\xgboost-ci-windows\src\learner.cc:740: 
Parameters: { "use_label_encoder" } are not used.

  warnings.warn(smsg, UserWarning)

2026-03-09 17:41:25,101:WARNING:C:\Users\savan\AppData\Roaming\Python\Python39\site-packages\xgboost\core.py:158: UserWarning: [17:41:25] WARNING: C:\buildkite-agent\builds\buildkite-windows-cpu-autoscaling-group-i-08cbc0333d8d4aae1-1\xgboost\xgboost-ci-windows\src\learner.cc:740: 
Parameters: { "use_label_encoder" } are not used.

  warnings.warn(smsg, UserWarning)

2026-03-09 17:41:25,295:WARNING:C:\Users\savan\AppData\Roaming\Python\Python39\site-packages\xgboost\core.py:158: UserWarning: [17:41:25] WARNING: C:\buildkite-agent\builds\buildkite-windows-cpu-autoscaling-group-i-08cbc0333d8d4aae1-1\xgboost\xgboost-ci-windows\src\learner.cc:740: 
Parameters: { "use_label_encoder" } are not used.

  warnings.warn(smsg, UserWarning)

2026-03-09 17:43:44,176:WARNING:C:\Users\savan\AppData\Local\Temp\ipykernel_13872\912277280.py:7: ClusterWarning: scipy.cluster: The symmetric non-negative hollow observation matrix looks suspiciously like an uncondensed distance matrix
  Z = linkage(gower_sample, method='average')

2026-03-09 17:50:26,000:WARNING:c:\ProgramData\Anaconda3\lib\site-packages\pandas\io\sql.py:762: UserWarning: pandas only support SQLAlchemy connectable(engine/connection) ordatabase string URI or sqlite3 DBAPI2 connectionother DBAPI2 objects are not tested, please consider using SQLAlchemy
  warnings.warn(

2026-03-09 17:50:26,058:WARNING:c:\ProgramData\Anaconda3\lib\site-packages\pandas\io\sql.py:762: UserWarning: pandas only support SQLAlchemy connectable(engine/connection) ordatabase string URI or sqlite3 DBAPI2 connectionother DBAPI2 objects are not tested, please consider using SQLAlchemy
  warnings.warn(

2026-03-09 17:50:26,159:WARNING:c:\ProgramData\Anaconda3\lib\site-packages\pandas\io\sql.py:762: UserWarning: pandas only support SQLAlchemy connectable(engine/connection) ordatabase string URI or sqlite3 DBAPI2 connectionother DBAPI2 objects are not tested, please consider using SQLAlchemy
  warnings.warn(

2026-03-09 17:50:27,730:WARNING:c:\ProgramData\Anaconda3\lib\site-packages\pandas\io\sql.py:762: UserWarning: pandas only support SQLAlchemy connectable(engine/connection) ordatabase string URI or sqlite3 DBAPI2 connectionother DBAPI2 objects are not tested, please consider using SQLAlchemy
  warnings.warn(

2026-03-09 17:50:27,788:WARNING:c:\ProgramData\Anaconda3\lib\site-packages\pandas\io\sql.py:762: UserWarning: pandas only support SQLAlchemy connectable(engine/connection) ordatabase string URI or sqlite3 DBAPI2 connectionother DBAPI2 objects are not tested, please consider using SQLAlchemy
  warnings.warn(

2026-03-09 17:50:28,543:WARNING:C:\Users\savan\AppData\Local\Temp\ipykernel_13872\4086773308.py:1: FutureWarning: Treating datetime data as categorical rather than numeric in `.describe` is deprecated and will be removed in a future version of pandas. Specify `datetime_is_numeric=True` to silence this warning and adopt the future behavior now.
  loan_cashflow_df.describe()

2026-03-09 17:50:29,464:WARNING:c:\ProgramData\Anaconda3\lib\site-packages\pandas\io\sql.py:762: UserWarning: pandas only support SQLAlchemy connectable(engine/connection) ordatabase string URI or sqlite3 DBAPI2 connectionother DBAPI2 objects are not tested, please consider using SQLAlchemy
  warnings.warn(

2026-03-09 17:51:04,229:WARNING:C:\Users\savan\AppData\Roaming\Python\Python39\site-packages\xgboost\core.py:158: UserWarning: [17:51:04] WARNING: C:\buildkite-agent\builds\buildkite-windows-cpu-autoscaling-group-i-08cbc0333d8d4aae1-1\xgboost\xgboost-ci-windows\src\learner.cc:740: 
Parameters: { "use_label_encoder" } are not used.

  warnings.warn(smsg, UserWarning)

2026-03-09 17:51:04,886:WARNING:C:\Users\savan\AppData\Roaming\Python\Python39\site-packages\xgboost\core.py:158: UserWarning: [17:51:04] WARNING: C:\buildkite-agent\builds\buildkite-windows-cpu-autoscaling-group-i-08cbc0333d8d4aae1-1\xgboost\xgboost-ci-windows\src\learner.cc:740: 
Parameters: { "use_label_encoder" } are not used.

  warnings.warn(smsg, UserWarning)

2026-03-09 17:51:05,504:WARNING:C:\Users\savan\AppData\Roaming\Python\Python39\site-packages\xgboost\core.py:158: UserWarning: [17:51:05] WARNING: C:\buildkite-agent\builds\buildkite-windows-cpu-autoscaling-group-i-08cbc0333d8d4aae1-1\xgboost\xgboost-ci-windows\src\learner.cc:740: 
Parameters: { "use_label_encoder" } are not used.

  warnings.warn(smsg, UserWarning)

2026-03-09 17:51:08,288:WARNING:C:\Users\savan\AppData\Roaming\Python\Python39\site-packages\xgboost\core.py:158: UserWarning: [17:51:08] WARNING: C:\buildkite-agent\builds\buildkite-windows-cpu-autoscaling-group-i-08cbc0333d8d4aae1-1\xgboost\xgboost-ci-windows\src\learner.cc:740: 
Parameters: { "use_label_encoder" } are not used.

  warnings.warn(smsg, UserWarning)

2026-03-09 17:51:08,413:WARNING:C:\Users\savan\AppData\Roaming\Python\Python39\site-packages\xgboost\core.py:158: UserWarning: [17:51:08] WARNING: C:\buildkite-agent\builds\buildkite-windows-cpu-autoscaling-group-i-08cbc0333d8d4aae1-1\xgboost\xgboost-ci-windows\src\learner.cc:740: 
Parameters: { "use_label_encoder" } are not used.

  warnings.warn(smsg, UserWarning)

2026-03-09 17:51:08,520:WARNING:C:\Users\savan\AppData\Roaming\Python\Python39\site-packages\xgboost\core.py:158: UserWarning: [17:51:08] WARNING: C:\buildkite-agent\builds\buildkite-windows-cpu-autoscaling-group-i-08cbc0333d8d4aae1-1\xgboost\xgboost-ci-windows\src\learner.cc:740: 
Parameters: { "use_label_encoder" } are not used.

  warnings.warn(smsg, UserWarning)

2026-03-09 17:51:08,639:WARNING:C:\Users\savan\AppData\Roaming\Python\Python39\site-packages\xgboost\core.py:158: UserWarning: [17:51:08] WARNING: C:\buildkite-agent\builds\buildkite-windows-cpu-autoscaling-group-i-08cbc0333d8d4aae1-1\xgboost\xgboost-ci-windows\src\learner.cc:740: 
Parameters: { "use_label_encoder" } are not used.

  warnings.warn(smsg, UserWarning)

2026-03-09 17:51:08,755:WARNING:C:\Users\savan\AppData\Roaming\Python\Python39\site-packages\xgboost\core.py:158: UserWarning: [17:51:08] WARNING: C:\buildkite-agent\builds\buildkite-windows-cpu-autoscaling-group-i-08cbc0333d8d4aae1-1\xgboost\xgboost-ci-windows\src\learner.cc:740: 
Parameters: { "use_label_encoder" } are not used.

  warnings.warn(smsg, UserWarning)

2026-03-09 17:51:08,880:WARNING:C:\Users\savan\AppData\Roaming\Python\Python39\site-packages\xgboost\core.py:158: UserWarning: [17:51:08] WARNING: C:\buildkite-agent\builds\buildkite-windows-cpu-autoscaling-group-i-08cbc0333d8d4aae1-1\xgboost\xgboost-ci-windows\src\learner.cc:740: 
Parameters: { "use_label_encoder" } are not used.

  warnings.warn(smsg, UserWarning)

2026-03-09 17:57:48,293:WARNING:C:\Users\savan\AppData\Local\Temp\ipykernel_13872\912277280.py:7: ClusterWarning: scipy.cluster: The symmetric non-negative hollow observation matrix looks suspiciously like an uncondensed distance matrix
  Z = linkage(gower_sample, method='average')

2026-03-09 18:26:40,845:WARNING:c:\ProgramData\Anaconda3\lib\site-packages\pandas\io\sql.py:762: UserWarning: pandas only support SQLAlchemy connectable(engine/connection) ordatabase string URI or sqlite3 DBAPI2 connectionother DBAPI2 objects are not tested, please consider using SQLAlchemy
  warnings.warn(

2026-03-09 18:26:40,890:WARNING:c:\ProgramData\Anaconda3\lib\site-packages\pandas\io\sql.py:762: UserWarning: pandas only support SQLAlchemy connectable(engine/connection) ordatabase string URI or sqlite3 DBAPI2 connectionother DBAPI2 objects are not tested, please consider using SQLAlchemy
  warnings.warn(

2026-03-09 18:26:40,980:WARNING:c:\ProgramData\Anaconda3\lib\site-packages\pandas\io\sql.py:762: UserWarning: pandas only support SQLAlchemy connectable(engine/connection) ordatabase string URI or sqlite3 DBAPI2 connectionother DBAPI2 objects are not tested, please consider using SQLAlchemy
  warnings.warn(

2026-03-09 18:26:42,765:WARNING:c:\ProgramData\Anaconda3\lib\site-packages\pandas\io\sql.py:762: UserWarning: pandas only support SQLAlchemy connectable(engine/connection) ordatabase string URI or sqlite3 DBAPI2 connectionother DBAPI2 objects are not tested, please consider using SQLAlchemy
  warnings.warn(

2026-03-09 18:26:42,820:WARNING:c:\ProgramData\Anaconda3\lib\site-packages\pandas\io\sql.py:762: UserWarning: pandas only support SQLAlchemy connectable(engine/connection) ordatabase string URI or sqlite3 DBAPI2 connectionother DBAPI2 objects are not tested, please consider using SQLAlchemy
  warnings.warn(

2026-03-09 18:26:43,506:WARNING:C:\Users\savan\AppData\Local\Temp\ipykernel_13872\4086773308.py:1: FutureWarning: Treating datetime data as categorical rather than numeric in `.describe` is deprecated and will be removed in a future version of pandas. Specify `datetime_is_numeric=True` to silence this warning and adopt the future behavior now.
  loan_cashflow_df.describe()

2026-03-09 18:26:44,449:WARNING:c:\ProgramData\Anaconda3\lib\site-packages\pandas\io\sql.py:762: UserWarning: pandas only support SQLAlchemy connectable(engine/connection) ordatabase string URI or sqlite3 DBAPI2 connectionother DBAPI2 objects are not tested, please consider using SQLAlchemy
  warnings.warn(

2026-03-09 18:27:20,406:WARNING:C:\Users\savan\AppData\Roaming\Python\Python39\site-packages\xgboost\core.py:158: UserWarning: [18:27:20] WARNING: C:\buildkite-agent\builds\buildkite-windows-cpu-autoscaling-group-i-08cbc0333d8d4aae1-1\xgboost\xgboost-ci-windows\src\learner.cc:740: 
Parameters: { "use_label_encoder" } are not used.

  warnings.warn(smsg, UserWarning)

2026-03-09 18:27:20,963:WARNING:C:\Users\savan\AppData\Roaming\Python\Python39\site-packages\xgboost\core.py:158: UserWarning: [18:27:20] WARNING: C:\buildkite-agent\builds\buildkite-windows-cpu-autoscaling-group-i-08cbc0333d8d4aae1-1\xgboost\xgboost-ci-windows\src\learner.cc:740: 
Parameters: { "use_label_encoder" } are not used.

  warnings.warn(smsg, UserWarning)

2026-03-09 18:27:21,571:WARNING:C:\Users\savan\AppData\Roaming\Python\Python39\site-packages\xgboost\core.py:158: UserWarning: [18:27:21] WARNING: C:\buildkite-agent\builds\buildkite-windows-cpu-autoscaling-group-i-08cbc0333d8d4aae1-1\xgboost\xgboost-ci-windows\src\learner.cc:740: 
Parameters: { "use_label_encoder" } are not used.

  warnings.warn(smsg, UserWarning)

2026-03-09 18:27:24,450:WARNING:C:\Users\savan\AppData\Roaming\Python\Python39\site-packages\xgboost\core.py:158: UserWarning: [18:27:24] WARNING: C:\buildkite-agent\builds\buildkite-windows-cpu-autoscaling-group-i-08cbc0333d8d4aae1-1\xgboost\xgboost-ci-windows\src\learner.cc:740: 
Parameters: { "use_label_encoder" } are not used.

  warnings.warn(smsg, UserWarning)

2026-03-09 18:27:24,568:WARNING:C:\Users\savan\AppData\Roaming\Python\Python39\site-packages\xgboost\core.py:158: UserWarning: [18:27:24] WARNING: C:\buildkite-agent\builds\buildkite-windows-cpu-autoscaling-group-i-08cbc0333d8d4aae1-1\xgboost\xgboost-ci-windows\src\learner.cc:740: 
Parameters: { "use_label_encoder" } are not used.

  warnings.warn(smsg, UserWarning)

2026-03-09 18:27:24,684:WARNING:C:\Users\savan\AppData\Roaming\Python\Python39\site-packages\xgboost\core.py:158: UserWarning: [18:27:24] WARNING: C:\buildkite-agent\builds\buildkite-windows-cpu-autoscaling-group-i-08cbc0333d8d4aae1-1\xgboost\xgboost-ci-windows\src\learner.cc:740: 
Parameters: { "use_label_encoder" } are not used.

  warnings.warn(smsg, UserWarning)

2026-03-09 18:27:24,799:WARNING:C:\Users\savan\AppData\Roaming\Python\Python39\site-packages\xgboost\core.py:158: UserWarning: [18:27:24] WARNING: C:\buildkite-agent\builds\buildkite-windows-cpu-autoscaling-group-i-08cbc0333d8d4aae1-1\xgboost\xgboost-ci-windows\src\learner.cc:740: 
Parameters: { "use_label_encoder" } are not used.

  warnings.warn(smsg, UserWarning)

2026-03-09 18:27:24,906:WARNING:C:\Users\savan\AppData\Roaming\Python\Python39\site-packages\xgboost\core.py:158: UserWarning: [18:27:24] WARNING: C:\buildkite-agent\builds\buildkite-windows-cpu-autoscaling-group-i-08cbc0333d8d4aae1-1\xgboost\xgboost-ci-windows\src\learner.cc:740: 
Parameters: { "use_label_encoder" } are not used.

  warnings.warn(smsg, UserWarning)

2026-03-09 18:27:25,038:WARNING:C:\Users\savan\AppData\Roaming\Python\Python39\site-packages\xgboost\core.py:158: UserWarning: [18:27:25] WARNING: C:\buildkite-agent\builds\buildkite-windows-cpu-autoscaling-group-i-08cbc0333d8d4aae1-1\xgboost\xgboost-ci-windows\src\learner.cc:740: 
Parameters: { "use_label_encoder" } are not used.

  warnings.warn(smsg, UserWarning)

2026-03-09 18:31:30,494:WARNING:C:\Users\savan\AppData\Local\Temp\ipykernel_13872\912277280.py:7: ClusterWarning: scipy.cluster: The symmetric non-negative hollow observation matrix looks suspiciously like an uncondensed distance matrix
  Z = linkage(gower_sample, method='average')

2026-03-09 19:27:02,727:WARNING:
'cuml' is a soft dependency and not included in the pycaret installation. Please run: `pip install cuml` to install.
2026-03-09 19:27:02,727:WARNING:
'cuml' is a soft dependency and not included in the pycaret installation. Please run: `pip install cuml` to install.
2026-03-09 19:27:02,727:WARNING:
'cuml' is a soft dependency and not included in the pycaret installation. Please run: `pip install cuml` to install.
2026-03-09 19:27:02,727:WARNING:
'cuml' is a soft dependency and not included in the pycaret installation. Please run: `pip install cuml` to install.
2026-03-09 19:27:05,007:WARNING:c:\ProgramData\Anaconda3\lib\site-packages\pandas\io\sql.py:762: UserWarning: pandas only support SQLAlchemy connectable(engine/connection) ordatabase string URI or sqlite3 DBAPI2 connectionother DBAPI2 objects are not tested, please consider using SQLAlchemy
  warnings.warn(

2026-03-09 19:27:05,055:WARNING:c:\ProgramData\Anaconda3\lib\site-packages\pandas\io\sql.py:762: UserWarning: pandas only support SQLAlchemy connectable(engine/connection) ordatabase string URI or sqlite3 DBAPI2 connectionother DBAPI2 objects are not tested, please consider using SQLAlchemy
  warnings.warn(

2026-03-09 19:27:05,140:WARNING:c:\ProgramData\Anaconda3\lib\site-packages\pandas\io\sql.py:762: UserWarning: pandas only support SQLAlchemy connectable(engine/connection) ordatabase string URI or sqlite3 DBAPI2 connectionother DBAPI2 objects are not tested, please consider using SQLAlchemy
  warnings.warn(

2026-03-09 19:27:06,871:WARNING:c:\ProgramData\Anaconda3\lib\site-packages\pandas\io\sql.py:762: UserWarning: pandas only support SQLAlchemy connectable(engine/connection) ordatabase string URI or sqlite3 DBAPI2 connectionother DBAPI2 objects are not tested, please consider using SQLAlchemy
  warnings.warn(

2026-03-09 19:27:06,929:WARNING:c:\ProgramData\Anaconda3\lib\site-packages\pandas\io\sql.py:762: UserWarning: pandas only support SQLAlchemy connectable(engine/connection) ordatabase string URI or sqlite3 DBAPI2 connectionother DBAPI2 objects are not tested, please consider using SQLAlchemy
  warnings.warn(

2026-03-09 19:27:07,632:WARNING:C:\Users\savan\AppData\Local\Temp\ipykernel_11676\4086773308.py:1: FutureWarning: Treating datetime data as categorical rather than numeric in `.describe` is deprecated and will be removed in a future version of pandas. Specify `datetime_is_numeric=True` to silence this warning and adopt the future behavior now.
  loan_cashflow_df.describe()

2026-03-09 19:27:08,708:WARNING:c:\ProgramData\Anaconda3\lib\site-packages\pandas\io\sql.py:762: UserWarning: pandas only support SQLAlchemy connectable(engine/connection) ordatabase string URI or sqlite3 DBAPI2 connectionother DBAPI2 objects are not tested, please consider using SQLAlchemy
  warnings.warn(

2026-03-09 19:27:45,686:WARNING:C:\Users\savan\AppData\Roaming\Python\Python39\site-packages\xgboost\core.py:158: UserWarning: [19:27:45] WARNING: C:\buildkite-agent\builds\buildkite-windows-cpu-autoscaling-group-i-08cbc0333d8d4aae1-1\xgboost\xgboost-ci-windows\src\learner.cc:740: 
Parameters: { "use_label_encoder" } are not used.

  warnings.warn(smsg, UserWarning)

2026-03-09 19:27:46,331:WARNING:C:\Users\savan\AppData\Roaming\Python\Python39\site-packages\xgboost\core.py:158: UserWarning: [19:27:46] WARNING: C:\buildkite-agent\builds\buildkite-windows-cpu-autoscaling-group-i-08cbc0333d8d4aae1-1\xgboost\xgboost-ci-windows\src\learner.cc:740: 
Parameters: { "use_label_encoder" } are not used.

  warnings.warn(smsg, UserWarning)

2026-03-09 19:27:46,976:WARNING:C:\Users\savan\AppData\Roaming\Python\Python39\site-packages\xgboost\core.py:158: UserWarning: [19:27:46] WARNING: C:\buildkite-agent\builds\buildkite-windows-cpu-autoscaling-group-i-08cbc0333d8d4aae1-1\xgboost\xgboost-ci-windows\src\learner.cc:740: 
Parameters: { "use_label_encoder" } are not used.

  warnings.warn(smsg, UserWarning)

2026-03-09 19:27:50,422:WARNING:C:\Users\savan\AppData\Roaming\Python\Python39\site-packages\xgboost\core.py:158: UserWarning: [19:27:50] WARNING: C:\buildkite-agent\builds\buildkite-windows-cpu-autoscaling-group-i-08cbc0333d8d4aae1-1\xgboost\xgboost-ci-windows\src\learner.cc:740: 
Parameters: { "use_label_encoder" } are not used.

  warnings.warn(smsg, UserWarning)

2026-03-09 19:27:50,566:WARNING:C:\Users\savan\AppData\Roaming\Python\Python39\site-packages\xgboost\core.py:158: UserWarning: [19:27:50] WARNING: C:\buildkite-agent\builds\buildkite-windows-cpu-autoscaling-group-i-08cbc0333d8d4aae1-1\xgboost\xgboost-ci-windows\src\learner.cc:740: 
Parameters: { "use_label_encoder" } are not used.

  warnings.warn(smsg, UserWarning)

2026-03-09 19:27:50,685:WARNING:C:\Users\savan\AppData\Roaming\Python\Python39\site-packages\xgboost\core.py:158: UserWarning: [19:27:50] WARNING: C:\buildkite-agent\builds\buildkite-windows-cpu-autoscaling-group-i-08cbc0333d8d4aae1-1\xgboost\xgboost-ci-windows\src\learner.cc:740: 
Parameters: { "use_label_encoder" } are not used.

  warnings.warn(smsg, UserWarning)

2026-03-09 19:27:50,811:WARNING:C:\Users\savan\AppData\Roaming\Python\Python39\site-packages\xgboost\core.py:158: UserWarning: [19:27:50] WARNING: C:\buildkite-agent\builds\buildkite-windows-cpu-autoscaling-group-i-08cbc0333d8d4aae1-1\xgboost\xgboost-ci-windows\src\learner.cc:740: 
Parameters: { "use_label_encoder" } are not used.

  warnings.warn(smsg, UserWarning)

2026-03-09 19:27:50,935:WARNING:C:\Users\savan\AppData\Roaming\Python\Python39\site-packages\xgboost\core.py:158: UserWarning: [19:27:50] WARNING: C:\buildkite-agent\builds\buildkite-windows-cpu-autoscaling-group-i-08cbc0333d8d4aae1-1\xgboost\xgboost-ci-windows\src\learner.cc:740: 
Parameters: { "use_label_encoder" } are not used.

  warnings.warn(smsg, UserWarning)

2026-03-09 19:27:51,112:WARNING:C:\Users\savan\AppData\Roaming\Python\Python39\site-packages\xgboost\core.py:158: UserWarning: [19:27:51] WARNING: C:\buildkite-agent\builds\buildkite-windows-cpu-autoscaling-group-i-08cbc0333d8d4aae1-1\xgboost\xgboost-ci-windows\src\learner.cc:740: 
Parameters: { "use_label_encoder" } are not used.

  warnings.warn(smsg, UserWarning)

2026-03-09 19:29:48,222:WARNING:
'cuml' is a soft dependency and not included in the pycaret installation. Please run: `pip install cuml` to install.
2026-03-09 19:29:48,222:WARNING:
'cuml' is a soft dependency and not included in the pycaret installation. Please run: `pip install cuml` to install.
2026-03-09 19:29:48,222:WARNING:
'cuml' is a soft dependency and not included in the pycaret installation. Please run: `pip install cuml` to install.
2026-03-09 19:29:48,222:WARNING:
'cuml' is a soft dependency and not included in the pycaret installation. Please run: `pip install cuml` to install.
2026-03-09 19:29:51,641:WARNING:c:\ProgramData\Anaconda3\lib\site-packages\pandas\io\sql.py:762: UserWarning: pandas only support SQLAlchemy connectable(engine/connection) ordatabase string URI or sqlite3 DBAPI2 connectionother DBAPI2 objects are not tested, please consider using SQLAlchemy
  warnings.warn(

2026-03-09 19:29:51,701:WARNING:c:\ProgramData\Anaconda3\lib\site-packages\pandas\io\sql.py:762: UserWarning: pandas only support SQLAlchemy connectable(engine/connection) ordatabase string URI or sqlite3 DBAPI2 connectionother DBAPI2 objects are not tested, please consider using SQLAlchemy
  warnings.warn(

2026-03-09 19:29:51,780:WARNING:c:\ProgramData\Anaconda3\lib\site-packages\pandas\io\sql.py:762: UserWarning: pandas only support SQLAlchemy connectable(engine/connection) ordatabase string URI or sqlite3 DBAPI2 connectionother DBAPI2 objects are not tested, please consider using SQLAlchemy
  warnings.warn(

2026-03-09 19:29:53,327:WARNING:c:\ProgramData\Anaconda3\lib\site-packages\pandas\io\sql.py:762: UserWarning: pandas only support SQLAlchemy connectable(engine/connection) ordatabase string URI or sqlite3 DBAPI2 connectionother DBAPI2 objects are not tested, please consider using SQLAlchemy
  warnings.warn(

2026-03-09 19:29:53,368:WARNING:c:\ProgramData\Anaconda3\lib\site-packages\pandas\io\sql.py:762: UserWarning: pandas only support SQLAlchemy connectable(engine/connection) ordatabase string URI or sqlite3 DBAPI2 connectionother DBAPI2 objects are not tested, please consider using SQLAlchemy
  warnings.warn(

2026-03-09 19:29:54,058:WARNING:C:\Users\savan\AppData\Local\Temp\ipykernel_22788\4086773308.py:1: FutureWarning: Treating datetime data as categorical rather than numeric in `.describe` is deprecated and will be removed in a future version of pandas. Specify `datetime_is_numeric=True` to silence this warning and adopt the future behavior now.
  loan_cashflow_df.describe()

2026-03-09 19:29:55,334:WARNING:c:\ProgramData\Anaconda3\lib\site-packages\pandas\io\sql.py:762: UserWarning: pandas only support SQLAlchemy connectable(engine/connection) ordatabase string URI or sqlite3 DBAPI2 connectionother DBAPI2 objects are not tested, please consider using SQLAlchemy
  warnings.warn(

2026-03-09 19:30:34,102:WARNING:C:\Users\savan\AppData\Roaming\Python\Python39\site-packages\xgboost\core.py:158: UserWarning: [19:30:34] WARNING: C:\buildkite-agent\builds\buildkite-windows-cpu-autoscaling-group-i-08cbc0333d8d4aae1-1\xgboost\xgboost-ci-windows\src\learner.cc:740: 
Parameters: { "use_label_encoder" } are not used.

  warnings.warn(smsg, UserWarning)

2026-03-09 19:30:34,693:WARNING:C:\Users\savan\AppData\Roaming\Python\Python39\site-packages\xgboost\core.py:158: UserWarning: [19:30:34] WARNING: C:\buildkite-agent\builds\buildkite-windows-cpu-autoscaling-group-i-08cbc0333d8d4aae1-1\xgboost\xgboost-ci-windows\src\learner.cc:740: 
Parameters: { "use_label_encoder" } are not used.

  warnings.warn(smsg, UserWarning)

2026-03-09 19:30:35,301:WARNING:C:\Users\savan\AppData\Roaming\Python\Python39\site-packages\xgboost\core.py:158: UserWarning: [19:30:35] WARNING: C:\buildkite-agent\builds\buildkite-windows-cpu-autoscaling-group-i-08cbc0333d8d4aae1-1\xgboost\xgboost-ci-windows\src\learner.cc:740: 
Parameters: { "use_label_encoder" } are not used.

  warnings.warn(smsg, UserWarning)

2026-03-09 19:30:38,220:WARNING:C:\Users\savan\AppData\Roaming\Python\Python39\site-packages\xgboost\core.py:158: UserWarning: [19:30:38] WARNING: C:\buildkite-agent\builds\buildkite-windows-cpu-autoscaling-group-i-08cbc0333d8d4aae1-1\xgboost\xgboost-ci-windows\src\learner.cc:740: 
Parameters: { "use_label_encoder" } are not used.

  warnings.warn(smsg, UserWarning)

2026-03-09 19:30:38,349:WARNING:C:\Users\savan\AppData\Roaming\Python\Python39\site-packages\xgboost\core.py:158: UserWarning: [19:30:38] WARNING: C:\buildkite-agent\builds\buildkite-windows-cpu-autoscaling-group-i-08cbc0333d8d4aae1-1\xgboost\xgboost-ci-windows\src\learner.cc:740: 
Parameters: { "use_label_encoder" } are not used.

  warnings.warn(smsg, UserWarning)

2026-03-09 19:30:38,462:WARNING:C:\Users\savan\AppData\Roaming\Python\Python39\site-packages\xgboost\core.py:158: UserWarning: [19:30:38] WARNING: C:\buildkite-agent\builds\buildkite-windows-cpu-autoscaling-group-i-08cbc0333d8d4aae1-1\xgboost\xgboost-ci-windows\src\learner.cc:740: 
Parameters: { "use_label_encoder" } are not used.

  warnings.warn(smsg, UserWarning)

2026-03-09 19:30:38,571:WARNING:C:\Users\savan\AppData\Roaming\Python\Python39\site-packages\xgboost\core.py:158: UserWarning: [19:30:38] WARNING: C:\buildkite-agent\builds\buildkite-windows-cpu-autoscaling-group-i-08cbc0333d8d4aae1-1\xgboost\xgboost-ci-windows\src\learner.cc:740: 
Parameters: { "use_label_encoder" } are not used.

  warnings.warn(smsg, UserWarning)

2026-03-09 19:30:38,684:WARNING:C:\Users\savan\AppData\Roaming\Python\Python39\site-packages\xgboost\core.py:158: UserWarning: [19:30:38] WARNING: C:\buildkite-agent\builds\buildkite-windows-cpu-autoscaling-group-i-08cbc0333d8d4aae1-1\xgboost\xgboost-ci-windows\src\learner.cc:740: 
Parameters: { "use_label_encoder" } are not used.

  warnings.warn(smsg, UserWarning)

2026-03-09 19:30:38,816:WARNING:C:\Users\savan\AppData\Roaming\Python\Python39\site-packages\xgboost\core.py:158: UserWarning: [19:30:38] WARNING: C:\buildkite-agent\builds\buildkite-windows-cpu-autoscaling-group-i-08cbc0333d8d4aae1-1\xgboost\xgboost-ci-windows\src\learner.cc:740: 
Parameters: { "use_label_encoder" } are not used.

  warnings.warn(smsg, UserWarning)

2026-03-09 19:31:38,816:WARNING:
'cuml' is a soft dependency and not included in the pycaret installation. Please run: `pip install cuml` to install.
2026-03-09 19:31:38,817:WARNING:
'cuml' is a soft dependency and not included in the pycaret installation. Please run: `pip install cuml` to install.
2026-03-09 19:31:38,817:WARNING:
'cuml' is a soft dependency and not included in the pycaret installation. Please run: `pip install cuml` to install.
2026-03-09 19:31:38,817:WARNING:
'cuml' is a soft dependency and not included in the pycaret installation. Please run: `pip install cuml` to install.
2026-03-09 19:31:39,631:WARNING:c:\ProgramData\Anaconda3\lib\site-packages\pandas\io\sql.py:762: UserWarning: pandas only support SQLAlchemy connectable(engine/connection) ordatabase string URI or sqlite3 DBAPI2 connectionother DBAPI2 objects are not tested, please consider using SQLAlchemy
  warnings.warn(

2026-03-09 19:31:39,676:WARNING:c:\ProgramData\Anaconda3\lib\site-packages\pandas\io\sql.py:762: UserWarning: pandas only support SQLAlchemy connectable(engine/connection) ordatabase string URI or sqlite3 DBAPI2 connectionother DBAPI2 objects are not tested, please consider using SQLAlchemy
  warnings.warn(

2026-03-09 19:31:39,843:WARNING:c:\ProgramData\Anaconda3\lib\site-packages\pandas\io\sql.py:762: UserWarning: pandas only support SQLAlchemy connectable(engine/connection) ordatabase string URI or sqlite3 DBAPI2 connectionother DBAPI2 objects are not tested, please consider using SQLAlchemy
  warnings.warn(

2026-03-09 19:31:41,437:WARNING:c:\ProgramData\Anaconda3\lib\site-packages\pandas\io\sql.py:762: UserWarning: pandas only support SQLAlchemy connectable(engine/connection) ordatabase string URI or sqlite3 DBAPI2 connectionother DBAPI2 objects are not tested, please consider using SQLAlchemy
  warnings.warn(

2026-03-09 19:31:41,481:WARNING:c:\ProgramData\Anaconda3\lib\site-packages\pandas\io\sql.py:762: UserWarning: pandas only support SQLAlchemy connectable(engine/connection) ordatabase string URI or sqlite3 DBAPI2 connectionother DBAPI2 objects are not tested, please consider using SQLAlchemy
  warnings.warn(

2026-03-09 19:31:42,233:WARNING:C:\Users\savan\AppData\Local\Temp\ipykernel_32920\4086773308.py:1: FutureWarning: Treating datetime data as categorical rather than numeric in `.describe` is deprecated and will be removed in a future version of pandas. Specify `datetime_is_numeric=True` to silence this warning and adopt the future behavior now.
  loan_cashflow_df.describe()

2026-03-09 19:31:43,307:WARNING:c:\ProgramData\Anaconda3\lib\site-packages\pandas\io\sql.py:762: UserWarning: pandas only support SQLAlchemy connectable(engine/connection) ordatabase string URI or sqlite3 DBAPI2 connectionother DBAPI2 objects are not tested, please consider using SQLAlchemy
  warnings.warn(

2026-03-09 19:32:18,899:WARNING:C:\Users\savan\AppData\Roaming\Python\Python39\site-packages\xgboost\core.py:158: UserWarning: [19:32:18] WARNING: C:\buildkite-agent\builds\buildkite-windows-cpu-autoscaling-group-i-08cbc0333d8d4aae1-1\xgboost\xgboost-ci-windows\src\learner.cc:740: 
Parameters: { "use_label_encoder" } are not used.

  warnings.warn(smsg, UserWarning)

2026-03-09 19:32:19,466:WARNING:C:\Users\savan\AppData\Roaming\Python\Python39\site-packages\xgboost\core.py:158: UserWarning: [19:32:19] WARNING: C:\buildkite-agent\builds\buildkite-windows-cpu-autoscaling-group-i-08cbc0333d8d4aae1-1\xgboost\xgboost-ci-windows\src\learner.cc:740: 
Parameters: { "use_label_encoder" } are not used.

  warnings.warn(smsg, UserWarning)

2026-03-09 19:32:20,092:WARNING:C:\Users\savan\AppData\Roaming\Python\Python39\site-packages\xgboost\core.py:158: UserWarning: [19:32:20] WARNING: C:\buildkite-agent\builds\buildkite-windows-cpu-autoscaling-group-i-08cbc0333d8d4aae1-1\xgboost\xgboost-ci-windows\src\learner.cc:740: 
Parameters: { "use_label_encoder" } are not used.

  warnings.warn(smsg, UserWarning)

2026-03-09 19:32:22,870:WARNING:C:\Users\savan\AppData\Roaming\Python\Python39\site-packages\xgboost\core.py:158: UserWarning: [19:32:22] WARNING: C:\buildkite-agent\builds\buildkite-windows-cpu-autoscaling-group-i-08cbc0333d8d4aae1-1\xgboost\xgboost-ci-windows\src\learner.cc:740: 
Parameters: { "use_label_encoder" } are not used.

  warnings.warn(smsg, UserWarning)

2026-03-09 19:32:22,997:WARNING:C:\Users\savan\AppData\Roaming\Python\Python39\site-packages\xgboost\core.py:158: UserWarning: [19:32:22] WARNING: C:\buildkite-agent\builds\buildkite-windows-cpu-autoscaling-group-i-08cbc0333d8d4aae1-1\xgboost\xgboost-ci-windows\src\learner.cc:740: 
Parameters: { "use_label_encoder" } are not used.

  warnings.warn(smsg, UserWarning)

2026-03-09 19:32:23,099:WARNING:C:\Users\savan\AppData\Roaming\Python\Python39\site-packages\xgboost\core.py:158: UserWarning: [19:32:23] WARNING: C:\buildkite-agent\builds\buildkite-windows-cpu-autoscaling-group-i-08cbc0333d8d4aae1-1\xgboost\xgboost-ci-windows\src\learner.cc:740: 
Parameters: { "use_label_encoder" } are not used.

  warnings.warn(smsg, UserWarning)

2026-03-09 19:32:23,210:WARNING:C:\Users\savan\AppData\Roaming\Python\Python39\site-packages\xgboost\core.py:158: UserWarning: [19:32:23] WARNING: C:\buildkite-agent\builds\buildkite-windows-cpu-autoscaling-group-i-08cbc0333d8d4aae1-1\xgboost\xgboost-ci-windows\src\learner.cc:740: 
Parameters: { "use_label_encoder" } are not used.

  warnings.warn(smsg, UserWarning)

2026-03-09 19:32:23,325:WARNING:C:\Users\savan\AppData\Roaming\Python\Python39\site-packages\xgboost\core.py:158: UserWarning: [19:32:23] WARNING: C:\buildkite-agent\builds\buildkite-windows-cpu-autoscaling-group-i-08cbc0333d8d4aae1-1\xgboost\xgboost-ci-windows\src\learner.cc:740: 
Parameters: { "use_label_encoder" } are not used.

  warnings.warn(smsg, UserWarning)

2026-03-09 19:32:23,459:WARNING:C:\Users\savan\AppData\Roaming\Python\Python39\site-packages\xgboost\core.py:158: UserWarning: [19:32:23] WARNING: C:\buildkite-agent\builds\buildkite-windows-cpu-autoscaling-group-i-08cbc0333d8d4aae1-1\xgboost\xgboost-ci-windows\src\learner.cc:740: 
Parameters: { "use_label_encoder" } are not used.

  warnings.warn(smsg, UserWarning)

2026-03-09 19:34:37,949:WARNING:C:\Users\savan\AppData\Local\Temp\ipykernel_32920\912277280.py:7: ClusterWarning: scipy.cluster: The symmetric non-negative hollow observation matrix looks suspiciously like an uncondensed distance matrix
  Z = linkage(gower_sample, method='average')

2026-03-09 22:21:06,967:WARNING:
'cuml' is a soft dependency and not included in the pycaret installation. Please run: `pip install cuml` to install.
2026-03-09 22:21:06,967:WARNING:
'cuml' is a soft dependency and not included in the pycaret installation. Please run: `pip install cuml` to install.
2026-03-09 22:21:06,967:WARNING:
'cuml' is a soft dependency and not included in the pycaret installation. Please run: `pip install cuml` to install.
2026-03-09 22:21:06,967:WARNING:
'cuml' is a soft dependency and not included in the pycaret installation. Please run: `pip install cuml` to install.
2026-03-09 22:21:08,612:WARNING:c:\ProgramData\Anaconda3\lib\site-packages\pandas\io\sql.py:762: UserWarning: pandas only support SQLAlchemy connectable(engine/connection) ordatabase string URI or sqlite3 DBAPI2 connectionother DBAPI2 objects are not tested, please consider using SQLAlchemy
  warnings.warn(

2026-03-09 22:21:08,679:WARNING:c:\ProgramData\Anaconda3\lib\site-packages\pandas\io\sql.py:762: UserWarning: pandas only support SQLAlchemy connectable(engine/connection) ordatabase string URI or sqlite3 DBAPI2 connectionother DBAPI2 objects are not tested, please consider using SQLAlchemy
  warnings.warn(

2026-03-09 22:21:08,785:WARNING:c:\ProgramData\Anaconda3\lib\site-packages\pandas\io\sql.py:762: UserWarning: pandas only support SQLAlchemy connectable(engine/connection) ordatabase string URI or sqlite3 DBAPI2 connectionother DBAPI2 objects are not tested, please consider using SQLAlchemy
  warnings.warn(

2026-03-09 22:21:10,638:WARNING:c:\ProgramData\Anaconda3\lib\site-packages\pandas\io\sql.py:762: UserWarning: pandas only support SQLAlchemy connectable(engine/connection) ordatabase string URI or sqlite3 DBAPI2 connectionother DBAPI2 objects are not tested, please consider using SQLAlchemy
  warnings.warn(

2026-03-09 22:21:10,691:WARNING:c:\ProgramData\Anaconda3\lib\site-packages\pandas\io\sql.py:762: UserWarning: pandas only support SQLAlchemy connectable(engine/connection) ordatabase string URI or sqlite3 DBAPI2 connectionother DBAPI2 objects are not tested, please consider using SQLAlchemy
  warnings.warn(

2026-03-09 22:21:11,014:WARNING:c:\ProgramData\Anaconda3\lib\site-packages\pandas\io\sql.py:762: UserWarning: pandas only support SQLAlchemy connectable(engine/connection) ordatabase string URI or sqlite3 DBAPI2 connectionother DBAPI2 objects are not tested, please consider using SQLAlchemy
  warnings.warn(

2026-03-09 22:21:46,242:WARNING:C:\Users\savan\AppData\Roaming\Python\Python39\site-packages\xgboost\core.py:158: UserWarning: [22:21:46] WARNING: C:\buildkite-agent\builds\buildkite-windows-cpu-autoscaling-group-i-08cbc0333d8d4aae1-1\xgboost\xgboost-ci-windows\src\learner.cc:740: 
Parameters: { "use_label_encoder" } are not used.

  warnings.warn(smsg, UserWarning)

2026-03-09 22:21:46,951:WARNING:C:\Users\savan\AppData\Roaming\Python\Python39\site-packages\xgboost\core.py:158: UserWarning: [22:21:46] WARNING: C:\buildkite-agent\builds\buildkite-windows-cpu-autoscaling-group-i-08cbc0333d8d4aae1-1\xgboost\xgboost-ci-windows\src\learner.cc:740: 
Parameters: { "use_label_encoder" } are not used.

  warnings.warn(smsg, UserWarning)

2026-03-09 22:21:47,527:WARNING:C:\Users\savan\AppData\Roaming\Python\Python39\site-packages\xgboost\core.py:158: UserWarning: [22:21:47] WARNING: C:\buildkite-agent\builds\buildkite-windows-cpu-autoscaling-group-i-08cbc0333d8d4aae1-1\xgboost\xgboost-ci-windows\src\learner.cc:740: 
Parameters: { "use_label_encoder" } are not used.

  warnings.warn(smsg, UserWarning)

2026-03-09 22:21:50,620:WARNING:C:\Users\savan\AppData\Roaming\Python\Python39\site-packages\xgboost\core.py:158: UserWarning: [22:21:50] WARNING: C:\buildkite-agent\builds\buildkite-windows-cpu-autoscaling-group-i-08cbc0333d8d4aae1-1\xgboost\xgboost-ci-windows\src\learner.cc:740: 
Parameters: { "use_label_encoder" } are not used.

  warnings.warn(smsg, UserWarning)

2026-03-09 22:21:50,730:WARNING:C:\Users\savan\AppData\Roaming\Python\Python39\site-packages\xgboost\core.py:158: UserWarning: [22:21:50] WARNING: C:\buildkite-agent\builds\buildkite-windows-cpu-autoscaling-group-i-08cbc0333d8d4aae1-1\xgboost\xgboost-ci-windows\src\learner.cc:740: 
Parameters: { "use_label_encoder" } are not used.

  warnings.warn(smsg, UserWarning)

2026-03-09 22:21:50,834:WARNING:C:\Users\savan\AppData\Roaming\Python\Python39\site-packages\xgboost\core.py:158: UserWarning: [22:21:50] WARNING: C:\buildkite-agent\builds\buildkite-windows-cpu-autoscaling-group-i-08cbc0333d8d4aae1-1\xgboost\xgboost-ci-windows\src\learner.cc:740: 
Parameters: { "use_label_encoder" } are not used.

  warnings.warn(smsg, UserWarning)

2026-03-09 22:21:50,947:WARNING:C:\Users\savan\AppData\Roaming\Python\Python39\site-packages\xgboost\core.py:158: UserWarning: [22:21:50] WARNING: C:\buildkite-agent\builds\buildkite-windows-cpu-autoscaling-group-i-08cbc0333d8d4aae1-1\xgboost\xgboost-ci-windows\src\learner.cc:740: 
Parameters: { "use_label_encoder" } are not used.

  warnings.warn(smsg, UserWarning)

2026-03-09 22:21:51,053:WARNING:C:\Users\savan\AppData\Roaming\Python\Python39\site-packages\xgboost\core.py:158: UserWarning: [22:21:51] WARNING: C:\buildkite-agent\builds\buildkite-windows-cpu-autoscaling-group-i-08cbc0333d8d4aae1-1\xgboost\xgboost-ci-windows\src\learner.cc:740: 
Parameters: { "use_label_encoder" } are not used.

  warnings.warn(smsg, UserWarning)

2026-03-09 22:21:51,178:WARNING:C:\Users\savan\AppData\Roaming\Python\Python39\site-packages\xgboost\core.py:158: UserWarning: [22:21:51] WARNING: C:\buildkite-agent\builds\buildkite-windows-cpu-autoscaling-group-i-08cbc0333d8d4aae1-1\xgboost\xgboost-ci-windows\src\learner.cc:740: 
Parameters: { "use_label_encoder" } are not used.

  warnings.warn(smsg, UserWarning)

2026-03-09 22:24:10,110:WARNING:C:\Users\savan\AppData\Local\Temp\ipykernel_34672\912277280.py:7: ClusterWarning: scipy.cluster: The symmetric non-negative hollow observation matrix looks suspiciously like an uncondensed distance matrix
  Z = linkage(gower_sample, method='average')

2026-03-09 22:38:37,491:WARNING:c:\ProgramData\Anaconda3\lib\site-packages\pandas\io\sql.py:762: UserWarning: pandas only support SQLAlchemy connectable(engine/connection) ordatabase string URI or sqlite3 DBAPI2 connectionother DBAPI2 objects are not tested, please consider using SQLAlchemy
  warnings.warn(

2026-03-09 22:38:37,545:WARNING:c:\ProgramData\Anaconda3\lib\site-packages\pandas\io\sql.py:762: UserWarning: pandas only support SQLAlchemy connectable(engine/connection) ordatabase string URI or sqlite3 DBAPI2 connectionother DBAPI2 objects are not tested, please consider using SQLAlchemy
  warnings.warn(

2026-03-09 22:38:37,626:WARNING:c:\ProgramData\Anaconda3\lib\site-packages\pandas\io\sql.py:762: UserWarning: pandas only support SQLAlchemy connectable(engine/connection) ordatabase string URI or sqlite3 DBAPI2 connectionother DBAPI2 objects are not tested, please consider using SQLAlchemy
  warnings.warn(

2026-03-09 22:38:39,236:WARNING:c:\ProgramData\Anaconda3\lib\site-packages\pandas\io\sql.py:762: UserWarning: pandas only support SQLAlchemy connectable(engine/connection) ordatabase string URI or sqlite3 DBAPI2 connectionother DBAPI2 objects are not tested, please consider using SQLAlchemy
  warnings.warn(

2026-03-09 22:38:39,276:WARNING:c:\ProgramData\Anaconda3\lib\site-packages\pandas\io\sql.py:762: UserWarning: pandas only support SQLAlchemy connectable(engine/connection) ordatabase string URI or sqlite3 DBAPI2 connectionother DBAPI2 objects are not tested, please consider using SQLAlchemy
  warnings.warn(

2026-03-09 22:38:39,700:WARNING:c:\ProgramData\Anaconda3\lib\site-packages\pandas\io\sql.py:762: UserWarning: pandas only support SQLAlchemy connectable(engine/connection) ordatabase string URI or sqlite3 DBAPI2 connectionother DBAPI2 objects are not tested, please consider using SQLAlchemy
  warnings.warn(

2026-03-09 22:38:45,516:WARNING:C:\Users\savan\AppData\Roaming\Python\Python39\site-packages\xgboost\core.py:158: UserWarning: [22:38:45] WARNING: C:\buildkite-agent\builds\buildkite-windows-cpu-autoscaling-group-i-08cbc0333d8d4aae1-1\xgboost\xgboost-ci-windows\src\learner.cc:740: 
Parameters: { "use_label_encoder" } are not used.

  warnings.warn(smsg, UserWarning)

2026-03-09 22:38:45,683:WARNING:C:\Users\savan\AppData\Roaming\Python\Python39\site-packages\xgboost\core.py:158: UserWarning: [22:38:45] WARNING: C:\buildkite-agent\builds\buildkite-windows-cpu-autoscaling-group-i-08cbc0333d8d4aae1-1\xgboost\xgboost-ci-windows\src\learner.cc:740: 
Parameters: { "use_label_encoder" } are not used.

  warnings.warn(smsg, UserWarning)

2026-03-09 22:38:45,809:WARNING:C:\Users\savan\AppData\Roaming\Python\Python39\site-packages\xgboost\core.py:158: UserWarning: [22:38:45] WARNING: C:\buildkite-agent\builds\buildkite-windows-cpu-autoscaling-group-i-08cbc0333d8d4aae1-1\xgboost\xgboost-ci-windows\src\learner.cc:740: 
Parameters: { "use_label_encoder" } are not used.

  warnings.warn(smsg, UserWarning)

2026-03-09 22:38:45,919:WARNING:C:\Users\savan\AppData\Roaming\Python\Python39\site-packages\xgboost\core.py:158: UserWarning: [22:38:45] WARNING: C:\buildkite-agent\builds\buildkite-windows-cpu-autoscaling-group-i-08cbc0333d8d4aae1-1\xgboost\xgboost-ci-windows\src\learner.cc:740: 
Parameters: { "use_label_encoder" } are not used.

  warnings.warn(smsg, UserWarning)

2026-03-09 22:38:46,028:WARNING:C:\Users\savan\AppData\Roaming\Python\Python39\site-packages\xgboost\core.py:158: UserWarning: [22:38:46] WARNING: C:\buildkite-agent\builds\buildkite-windows-cpu-autoscaling-group-i-08cbc0333d8d4aae1-1\xgboost\xgboost-ci-windows\src\learner.cc:740: 
Parameters: { "use_label_encoder" } are not used.

  warnings.warn(smsg, UserWarning)

2026-03-09 22:38:46,152:WARNING:C:\Users\savan\AppData\Roaming\Python\Python39\site-packages\xgboost\core.py:158: UserWarning: [22:38:46] WARNING: C:\buildkite-agent\builds\buildkite-windows-cpu-autoscaling-group-i-08cbc0333d8d4aae1-1\xgboost\xgboost-ci-windows\src\learner.cc:740: 
Parameters: { "use_label_encoder" } are not used.

  warnings.warn(smsg, UserWarning)

2026-03-09 22:41:12,770:WARNING:C:\Users\savan\AppData\Local\Temp\ipykernel_34672\912277280.py:7: ClusterWarning: scipy.cluster: The symmetric non-negative hollow observation matrix looks suspiciously like an uncondensed distance matrix
  Z = linkage(gower_sample, method='average')

2026-03-09 22:45:08,841:WARNING:
'cuml' is a soft dependency and not included in the pycaret installation. Please run: `pip install cuml` to install.
2026-03-09 22:45:08,841:WARNING:
'cuml' is a soft dependency and not included in the pycaret installation. Please run: `pip install cuml` to install.
2026-03-09 22:45:08,841:WARNING:
'cuml' is a soft dependency and not included in the pycaret installation. Please run: `pip install cuml` to install.
2026-03-09 22:45:08,841:WARNING:
'cuml' is a soft dependency and not included in the pycaret installation. Please run: `pip install cuml` to install.
2026-03-09 22:45:09,955:WARNING:c:\ProgramData\Anaconda3\lib\site-packages\pandas\io\sql.py:762: UserWarning: pandas only support SQLAlchemy connectable(engine/connection) ordatabase string URI or sqlite3 DBAPI2 connectionother DBAPI2 objects are not tested, please consider using SQLAlchemy
  warnings.warn(

2026-03-09 22:45:10,007:WARNING:c:\ProgramData\Anaconda3\lib\site-packages\pandas\io\sql.py:762: UserWarning: pandas only support SQLAlchemy connectable(engine/connection) ordatabase string URI or sqlite3 DBAPI2 connectionother DBAPI2 objects are not tested, please consider using SQLAlchemy
  warnings.warn(

2026-03-09 22:45:10,166:WARNING:c:\ProgramData\Anaconda3\lib\site-packages\pandas\io\sql.py:762: UserWarning: pandas only support SQLAlchemy connectable(engine/connection) ordatabase string URI or sqlite3 DBAPI2 connectionother DBAPI2 objects are not tested, please consider using SQLAlchemy
  warnings.warn(

2026-03-09 22:45:11,807:WARNING:c:\ProgramData\Anaconda3\lib\site-packages\pandas\io\sql.py:762: UserWarning: pandas only support SQLAlchemy connectable(engine/connection) ordatabase string URI or sqlite3 DBAPI2 connectionother DBAPI2 objects are not tested, please consider using SQLAlchemy
  warnings.warn(

2026-03-09 22:45:11,841:WARNING:c:\ProgramData\Anaconda3\lib\site-packages\pandas\io\sql.py:762: UserWarning: pandas only support SQLAlchemy connectable(engine/connection) ordatabase string URI or sqlite3 DBAPI2 connectionother DBAPI2 objects are not tested, please consider using SQLAlchemy
  warnings.warn(

2026-03-09 22:45:12,256:WARNING:c:\ProgramData\Anaconda3\lib\site-packages\pandas\io\sql.py:762: UserWarning: pandas only support SQLAlchemy connectable(engine/connection) ordatabase string URI or sqlite3 DBAPI2 connectionother DBAPI2 objects are not tested, please consider using SQLAlchemy
  warnings.warn(

2026-03-09 22:47:23,578:WARNING:c:\ProgramData\Anaconda3\lib\site-packages\pandas\io\sql.py:762: UserWarning: pandas only support SQLAlchemy connectable(engine/connection) ordatabase string URI or sqlite3 DBAPI2 connectionother DBAPI2 objects are not tested, please consider using SQLAlchemy
  warnings.warn(

2026-03-09 22:47:23,626:WARNING:c:\ProgramData\Anaconda3\lib\site-packages\pandas\io\sql.py:762: UserWarning: pandas only support SQLAlchemy connectable(engine/connection) ordatabase string URI or sqlite3 DBAPI2 connectionother DBAPI2 objects are not tested, please consider using SQLAlchemy
  warnings.warn(

2026-03-09 22:47:23,707:WARNING:c:\ProgramData\Anaconda3\lib\site-packages\pandas\io\sql.py:762: UserWarning: pandas only support SQLAlchemy connectable(engine/connection) ordatabase string URI or sqlite3 DBAPI2 connectionother DBAPI2 objects are not tested, please consider using SQLAlchemy
  warnings.warn(

2026-03-09 22:47:25,299:WARNING:c:\ProgramData\Anaconda3\lib\site-packages\pandas\io\sql.py:762: UserWarning: pandas only support SQLAlchemy connectable(engine/connection) ordatabase string URI or sqlite3 DBAPI2 connectionother DBAPI2 objects are not tested, please consider using SQLAlchemy
  warnings.warn(

2026-03-09 22:47:25,351:WARNING:c:\ProgramData\Anaconda3\lib\site-packages\pandas\io\sql.py:762: UserWarning: pandas only support SQLAlchemy connectable(engine/connection) ordatabase string URI or sqlite3 DBAPI2 connectionother DBAPI2 objects are not tested, please consider using SQLAlchemy
  warnings.warn(

2026-03-09 22:47:25,728:WARNING:c:\ProgramData\Anaconda3\lib\site-packages\pandas\io\sql.py:762: UserWarning: pandas only support SQLAlchemy connectable(engine/connection) ordatabase string URI or sqlite3 DBAPI2 connectionother DBAPI2 objects are not tested, please consider using SQLAlchemy
  warnings.warn(

2026-03-09 22:47:31,166:WARNING:C:\Users\savan\AppData\Roaming\Python\Python39\site-packages\xgboost\core.py:158: UserWarning: [22:47:31] WARNING: C:\buildkite-agent\builds\buildkite-windows-cpu-autoscaling-group-i-08cbc0333d8d4aae1-1\xgboost\xgboost-ci-windows\src\learner.cc:740: 
Parameters: { "use_label_encoder" } are not used.

  warnings.warn(smsg, UserWarning)

2026-03-09 22:52:53,807:WARNING:
'cuml' is a soft dependency and not included in the pycaret installation. Please run: `pip install cuml` to install.
2026-03-09 22:52:53,807:WARNING:
'cuml' is a soft dependency and not included in the pycaret installation. Please run: `pip install cuml` to install.
2026-03-09 22:52:53,807:WARNING:
'cuml' is a soft dependency and not included in the pycaret installation. Please run: `pip install cuml` to install.
2026-03-09 22:52:53,807:WARNING:
'cuml' is a soft dependency and not included in the pycaret installation. Please run: `pip install cuml` to install.
2026-03-09 22:52:54,674:WARNING:c:\ProgramData\Anaconda3\lib\site-packages\pandas\io\sql.py:762: UserWarning: pandas only support SQLAlchemy connectable(engine/connection) ordatabase string URI or sqlite3 DBAPI2 connectionother DBAPI2 objects are not tested, please consider using SQLAlchemy
  warnings.warn(

2026-03-09 22:52:54,724:WARNING:c:\ProgramData\Anaconda3\lib\site-packages\pandas\io\sql.py:762: UserWarning: pandas only support SQLAlchemy connectable(engine/connection) ordatabase string URI or sqlite3 DBAPI2 connectionother DBAPI2 objects are not tested, please consider using SQLAlchemy
  warnings.warn(

2026-03-09 22:52:54,891:WARNING:c:\ProgramData\Anaconda3\lib\site-packages\pandas\io\sql.py:762: UserWarning: pandas only support SQLAlchemy connectable(engine/connection) ordatabase string URI or sqlite3 DBAPI2 connectionother DBAPI2 objects are not tested, please consider using SQLAlchemy
  warnings.warn(

2026-03-09 22:52:56,442:WARNING:c:\ProgramData\Anaconda3\lib\site-packages\pandas\io\sql.py:762: UserWarning: pandas only support SQLAlchemy connectable(engine/connection) ordatabase string URI or sqlite3 DBAPI2 connectionother DBAPI2 objects are not tested, please consider using SQLAlchemy
  warnings.warn(

2026-03-09 22:52:56,495:WARNING:c:\ProgramData\Anaconda3\lib\site-packages\pandas\io\sql.py:762: UserWarning: pandas only support SQLAlchemy connectable(engine/connection) ordatabase string URI or sqlite3 DBAPI2 connectionother DBAPI2 objects are not tested, please consider using SQLAlchemy
  warnings.warn(

2026-03-09 22:52:56,898:WARNING:c:\ProgramData\Anaconda3\lib\site-packages\pandas\io\sql.py:762: UserWarning: pandas only support SQLAlchemy connectable(engine/connection) ordatabase string URI or sqlite3 DBAPI2 connectionother DBAPI2 objects are not tested, please consider using SQLAlchemy
  warnings.warn(

2026-03-09 22:53:02,654:WARNING:C:\Users\savan\AppData\Roaming\Python\Python39\site-packages\xgboost\core.py:158: UserWarning: [22:53:02] WARNING: C:\buildkite-agent\builds\buildkite-windows-cpu-autoscaling-group-i-08cbc0333d8d4aae1-1\xgboost\xgboost-ci-windows\src\learner.cc:740: 
Parameters: { "use_label_encoder" } are not used.

  warnings.warn(smsg, UserWarning)

2026-03-10 23:41:45,669:WARNING:
'cuml' is a soft dependency and not included in the pycaret installation. Please run: `pip install cuml` to install.
2026-03-10 23:41:45,670:WARNING:
'cuml' is a soft dependency and not included in the pycaret installation. Please run: `pip install cuml` to install.
2026-03-10 23:41:45,670:WARNING:
'cuml' is a soft dependency and not included in the pycaret installation. Please run: `pip install cuml` to install.
2026-03-10 23:41:45,670:WARNING:
'cuml' is a soft dependency and not included in the pycaret installation. Please run: `pip install cuml` to install.
2026-03-10 23:41:49,780:WARNING:c:\ProgramData\Anaconda3\lib\site-packages\pandas\io\sql.py:762: UserWarning: pandas only support SQLAlchemy connectable(engine/connection) ordatabase string URI or sqlite3 DBAPI2 connectionother DBAPI2 objects are not tested, please consider using SQLAlchemy
  warnings.warn(

2026-03-10 23:41:49,888:WARNING:c:\ProgramData\Anaconda3\lib\site-packages\pandas\io\sql.py:762: UserWarning: pandas only support SQLAlchemy connectable(engine/connection) ordatabase string URI or sqlite3 DBAPI2 connectionother DBAPI2 objects are not tested, please consider using SQLAlchemy
  warnings.warn(

2026-03-10 23:41:50,048:WARNING:c:\ProgramData\Anaconda3\lib\site-packages\pandas\io\sql.py:762: UserWarning: pandas only support SQLAlchemy connectable(engine/connection) ordatabase string URI or sqlite3 DBAPI2 connectionother DBAPI2 objects are not tested, please consider using SQLAlchemy
  warnings.warn(

2026-03-10 23:41:52,202:WARNING:c:\ProgramData\Anaconda3\lib\site-packages\pandas\io\sql.py:762: UserWarning: pandas only support SQLAlchemy connectable(engine/connection) ordatabase string URI or sqlite3 DBAPI2 connectionother DBAPI2 objects are not tested, please consider using SQLAlchemy
  warnings.warn(

2026-03-10 23:41:52,284:WARNING:c:\ProgramData\Anaconda3\lib\site-packages\pandas\io\sql.py:762: UserWarning: pandas only support SQLAlchemy connectable(engine/connection) ordatabase string URI or sqlite3 DBAPI2 connectionother DBAPI2 objects are not tested, please consider using SQLAlchemy
  warnings.warn(

2026-03-10 23:41:52,765:WARNING:c:\ProgramData\Anaconda3\lib\site-packages\pandas\io\sql.py:762: UserWarning: pandas only support SQLAlchemy connectable(engine/connection) ordatabase string URI or sqlite3 DBAPI2 connectionother DBAPI2 objects are not tested, please consider using SQLAlchemy
  warnings.warn(

2026-03-10 23:41:59,293:WARNING:C:\Users\savan\AppData\Roaming\Python\Python39\site-packages\xgboost\core.py:158: UserWarning: [23:41:59] WARNING: C:\buildkite-agent\builds\buildkite-windows-cpu-autoscaling-group-i-08cbc0333d8d4aae1-1\xgboost\xgboost-ci-windows\src\learner.cc:740: 
Parameters: { "use_label_encoder" } are not used.

  warnings.warn(smsg, UserWarning)

2026-03-10 23:48:46,052:WARNING:
'cuml' is a soft dependency and not included in the pycaret installation. Please run: `pip install cuml` to install.
2026-03-10 23:48:46,052:WARNING:
'cuml' is a soft dependency and not included in the pycaret installation. Please run: `pip install cuml` to install.
2026-03-10 23:48:46,052:WARNING:
'cuml' is a soft dependency and not included in the pycaret installation. Please run: `pip install cuml` to install.
2026-03-10 23:48:46,052:WARNING:
'cuml' is a soft dependency and not included in the pycaret installation. Please run: `pip install cuml` to install.
2026-03-10 23:48:47,102:WARNING:c:\ProgramData\Anaconda3\lib\site-packages\pandas\io\sql.py:762: UserWarning: pandas only support SQLAlchemy connectable(engine/connection) ordatabase string URI or sqlite3 DBAPI2 connectionother DBAPI2 objects are not tested, please consider using SQLAlchemy
  warnings.warn(

2026-03-10 23:48:47,141:WARNING:c:\ProgramData\Anaconda3\lib\site-packages\pandas\io\sql.py:762: UserWarning: pandas only support SQLAlchemy connectable(engine/connection) ordatabase string URI or sqlite3 DBAPI2 connectionother DBAPI2 objects are not tested, please consider using SQLAlchemy
  warnings.warn(

2026-03-10 23:48:47,302:WARNING:c:\ProgramData\Anaconda3\lib\site-packages\pandas\io\sql.py:762: UserWarning: pandas only support SQLAlchemy connectable(engine/connection) ordatabase string URI or sqlite3 DBAPI2 connectionother DBAPI2 objects are not tested, please consider using SQLAlchemy
  warnings.warn(

2026-03-10 23:48:48,908:WARNING:c:\ProgramData\Anaconda3\lib\site-packages\pandas\io\sql.py:762: UserWarning: pandas only support SQLAlchemy connectable(engine/connection) ordatabase string URI or sqlite3 DBAPI2 connectionother DBAPI2 objects are not tested, please consider using SQLAlchemy
  warnings.warn(

2026-03-10 23:48:48,967:WARNING:c:\ProgramData\Anaconda3\lib\site-packages\pandas\io\sql.py:762: UserWarning: pandas only support SQLAlchemy connectable(engine/connection) ordatabase string URI or sqlite3 DBAPI2 connectionother DBAPI2 objects are not tested, please consider using SQLAlchemy
  warnings.warn(

2026-03-10 23:48:49,344:WARNING:c:\ProgramData\Anaconda3\lib\site-packages\pandas\io\sql.py:762: UserWarning: pandas only support SQLAlchemy connectable(engine/connection) ordatabase string URI or sqlite3 DBAPI2 connectionother DBAPI2 objects are not tested, please consider using SQLAlchemy
  warnings.warn(

2026-03-10 23:48:56,949:WARNING:C:\Users\savan\AppData\Roaming\Python\Python39\site-packages\xgboost\core.py:158: UserWarning: [23:48:56] WARNING: C:\buildkite-agent\builds\buildkite-windows-cpu-autoscaling-group-i-08cbc0333d8d4aae1-1\xgboost\xgboost-ci-windows\src\learner.cc:740: 
Parameters: { "use_label_encoder" } are not used.

  warnings.warn(smsg, UserWarning)

2026-03-10 23:50:16,523:WARNING:
'cuml' is a soft dependency and not included in the pycaret installation. Please run: `pip install cuml` to install.
2026-03-10 23:50:16,523:WARNING:
'cuml' is a soft dependency and not included in the pycaret installation. Please run: `pip install cuml` to install.
2026-03-10 23:50:16,523:WARNING:
'cuml' is a soft dependency and not included in the pycaret installation. Please run: `pip install cuml` to install.
2026-03-10 23:50:16,523:WARNING:
'cuml' is a soft dependency and not included in the pycaret installation. Please run: `pip install cuml` to install.
2026-03-10 23:50:17,204:WARNING:c:\ProgramData\Anaconda3\lib\site-packages\pandas\io\sql.py:762: UserWarning: pandas only support SQLAlchemy connectable(engine/connection) ordatabase string URI or sqlite3 DBAPI2 connectionother DBAPI2 objects are not tested, please consider using SQLAlchemy
  warnings.warn(

2026-03-10 23:50:17,240:WARNING:c:\ProgramData\Anaconda3\lib\site-packages\pandas\io\sql.py:762: UserWarning: pandas only support SQLAlchemy connectable(engine/connection) ordatabase string URI or sqlite3 DBAPI2 connectionother DBAPI2 objects are not tested, please consider using SQLAlchemy
  warnings.warn(

2026-03-10 23:50:17,390:WARNING:c:\ProgramData\Anaconda3\lib\site-packages\pandas\io\sql.py:762: UserWarning: pandas only support SQLAlchemy connectable(engine/connection) ordatabase string URI or sqlite3 DBAPI2 connectionother DBAPI2 objects are not tested, please consider using SQLAlchemy
  warnings.warn(

2026-03-10 23:50:19,004:WARNING:c:\ProgramData\Anaconda3\lib\site-packages\pandas\io\sql.py:762: UserWarning: pandas only support SQLAlchemy connectable(engine/connection) ordatabase string URI or sqlite3 DBAPI2 connectionother DBAPI2 objects are not tested, please consider using SQLAlchemy
  warnings.warn(

2026-03-10 23:50:19,043:WARNING:c:\ProgramData\Anaconda3\lib\site-packages\pandas\io\sql.py:762: UserWarning: pandas only support SQLAlchemy connectable(engine/connection) ordatabase string URI or sqlite3 DBAPI2 connectionother DBAPI2 objects are not tested, please consider using SQLAlchemy
  warnings.warn(

2026-03-10 23:50:19,417:WARNING:c:\ProgramData\Anaconda3\lib\site-packages\pandas\io\sql.py:762: UserWarning: pandas only support SQLAlchemy connectable(engine/connection) ordatabase string URI or sqlite3 DBAPI2 connectionother DBAPI2 objects are not tested, please consider using SQLAlchemy
  warnings.warn(

2026-03-10 23:50:25,275:WARNING:C:\Users\savan\AppData\Roaming\Python\Python39\site-packages\xgboost\core.py:158: UserWarning: [23:50:25] WARNING: C:\buildkite-agent\builds\buildkite-windows-cpu-autoscaling-group-i-08cbc0333d8d4aae1-1\xgboost\xgboost-ci-windows\src\learner.cc:740: 
Parameters: { "use_label_encoder" } are not used.

  warnings.warn(smsg, UserWarning)

2026-03-10 23:55:08,458:WARNING:
'cuml' is a soft dependency and not included in the pycaret installation. Please run: `pip install cuml` to install.
2026-03-10 23:55:08,458:WARNING:
'cuml' is a soft dependency and not included in the pycaret installation. Please run: `pip install cuml` to install.
2026-03-10 23:55:08,458:WARNING:
'cuml' is a soft dependency and not included in the pycaret installation. Please run: `pip install cuml` to install.
2026-03-10 23:55:08,458:WARNING:
'cuml' is a soft dependency and not included in the pycaret installation. Please run: `pip install cuml` to install.
2026-03-10 23:55:09,224:WARNING:c:\ProgramData\Anaconda3\lib\site-packages\pandas\io\sql.py:762: UserWarning: pandas only support SQLAlchemy connectable(engine/connection) ordatabase string URI or sqlite3 DBAPI2 connectionother DBAPI2 objects are not tested, please consider using SQLAlchemy
  warnings.warn(

2026-03-10 23:55:09,267:WARNING:c:\ProgramData\Anaconda3\lib\site-packages\pandas\io\sql.py:762: UserWarning: pandas only support SQLAlchemy connectable(engine/connection) ordatabase string URI or sqlite3 DBAPI2 connectionother DBAPI2 objects are not tested, please consider using SQLAlchemy
  warnings.warn(

2026-03-10 23:55:09,421:WARNING:c:\ProgramData\Anaconda3\lib\site-packages\pandas\io\sql.py:762: UserWarning: pandas only support SQLAlchemy connectable(engine/connection) ordatabase string URI or sqlite3 DBAPI2 connectionother DBAPI2 objects are not tested, please consider using SQLAlchemy
  warnings.warn(

2026-03-10 23:55:10,944:WARNING:c:\ProgramData\Anaconda3\lib\site-packages\pandas\io\sql.py:762: UserWarning: pandas only support SQLAlchemy connectable(engine/connection) ordatabase string URI or sqlite3 DBAPI2 connectionother DBAPI2 objects are not tested, please consider using SQLAlchemy
  warnings.warn(

2026-03-10 23:55:10,990:WARNING:c:\ProgramData\Anaconda3\lib\site-packages\pandas\io\sql.py:762: UserWarning: pandas only support SQLAlchemy connectable(engine/connection) ordatabase string URI or sqlite3 DBAPI2 connectionother DBAPI2 objects are not tested, please consider using SQLAlchemy
  warnings.warn(

2026-03-10 23:55:11,467:WARNING:c:\ProgramData\Anaconda3\lib\site-packages\pandas\io\sql.py:762: UserWarning: pandas only support SQLAlchemy connectable(engine/connection) ordatabase string URI or sqlite3 DBAPI2 connectionother DBAPI2 objects are not tested, please consider using SQLAlchemy
  warnings.warn(

2026-03-10 23:55:17,474:WARNING:C:\Users\savan\AppData\Roaming\Python\Python39\site-packages\xgboost\core.py:158: UserWarning: [23:55:17] WARNING: C:\buildkite-agent\builds\buildkite-windows-cpu-autoscaling-group-i-08cbc0333d8d4aae1-1\xgboost\xgboost-ci-windows\src\learner.cc:740: 
Parameters: { "use_label_encoder" } are not used.

  warnings.warn(smsg, UserWarning)

2026-03-11 23:19:24,586:WARNING:
'cuml' is a soft dependency and not included in the pycaret installation. Please run: `pip install cuml` to install.
2026-03-11 23:19:24,587:WARNING:
'cuml' is a soft dependency and not included in the pycaret installation. Please run: `pip install cuml` to install.
2026-03-11 23:19:24,587:WARNING:
'cuml' is a soft dependency and not included in the pycaret installation. Please run: `pip install cuml` to install.
2026-03-11 23:19:24,587:WARNING:
'cuml' is a soft dependency and not included in the pycaret installation. Please run: `pip install cuml` to install.
2026-03-11 23:19:29,069:WARNING:c:\ProgramData\Anaconda3\lib\site-packages\pandas\io\sql.py:762: UserWarning: pandas only support SQLAlchemy connectable(engine/connection) ordatabase string URI or sqlite3 DBAPI2 connectionother DBAPI2 objects are not tested, please consider using SQLAlchemy
  warnings.warn(

2026-03-11 23:19:29,178:WARNING:c:\ProgramData\Anaconda3\lib\site-packages\pandas\io\sql.py:762: UserWarning: pandas only support SQLAlchemy connectable(engine/connection) ordatabase string URI or sqlite3 DBAPI2 connectionother DBAPI2 objects are not tested, please consider using SQLAlchemy
  warnings.warn(

2026-03-11 23:19:29,354:WARNING:c:\ProgramData\Anaconda3\lib\site-packages\pandas\io\sql.py:762: UserWarning: pandas only support SQLAlchemy connectable(engine/connection) ordatabase string URI or sqlite3 DBAPI2 connectionother DBAPI2 objects are not tested, please consider using SQLAlchemy
  warnings.warn(

2026-03-11 23:19:31,044:WARNING:c:\ProgramData\Anaconda3\lib\site-packages\pandas\io\sql.py:762: UserWarning: pandas only support SQLAlchemy connectable(engine/connection) ordatabase string URI or sqlite3 DBAPI2 connectionother DBAPI2 objects are not tested, please consider using SQLAlchemy
  warnings.warn(

2026-03-11 23:19:31,115:WARNING:c:\ProgramData\Anaconda3\lib\site-packages\pandas\io\sql.py:762: UserWarning: pandas only support SQLAlchemy connectable(engine/connection) ordatabase string URI or sqlite3 DBAPI2 connectionother DBAPI2 objects are not tested, please consider using SQLAlchemy
  warnings.warn(

2026-03-11 23:19:31,894:WARNING:C:\Users\savan\AppData\Local\Temp\ipykernel_29064\4086773308.py:1: FutureWarning: Treating datetime data as categorical rather than numeric in `.describe` is deprecated and will be removed in a future version of pandas. Specify `datetime_is_numeric=True` to silence this warning and adopt the future behavior now.
  loan_cashflow_df.describe()

2026-03-11 23:19:33,371:WARNING:c:\ProgramData\Anaconda3\lib\site-packages\pandas\io\sql.py:762: UserWarning: pandas only support SQLAlchemy connectable(engine/connection) ordatabase string URI or sqlite3 DBAPI2 connectionother DBAPI2 objects are not tested, please consider using SQLAlchemy
  warnings.warn(

2026-03-11 23:20:14,554:WARNING:C:\Users\savan\AppData\Roaming\Python\Python39\site-packages\xgboost\core.py:158: UserWarning: [23:20:14] WARNING: C:\buildkite-agent\builds\buildkite-windows-cpu-autoscaling-group-i-08cbc0333d8d4aae1-1\xgboost\xgboost-ci-windows\src\learner.cc:740: 
Parameters: { "use_label_encoder" } are not used.

  warnings.warn(smsg, UserWarning)

2026-03-11 23:20:15,228:WARNING:C:\Users\savan\AppData\Roaming\Python\Python39\site-packages\xgboost\core.py:158: UserWarning: [23:20:15] WARNING: C:\buildkite-agent\builds\buildkite-windows-cpu-autoscaling-group-i-08cbc0333d8d4aae1-1\xgboost\xgboost-ci-windows\src\learner.cc:740: 
Parameters: { "use_label_encoder" } are not used.

  warnings.warn(smsg, UserWarning)

2026-03-11 23:20:15,847:WARNING:C:\Users\savan\AppData\Roaming\Python\Python39\site-packages\xgboost\core.py:158: UserWarning: [23:20:15] WARNING: C:\buildkite-agent\builds\buildkite-windows-cpu-autoscaling-group-i-08cbc0333d8d4aae1-1\xgboost\xgboost-ci-windows\src\learner.cc:740: 
Parameters: { "use_label_encoder" } are not used.

  warnings.warn(smsg, UserWarning)

2026-03-11 23:20:19,000:WARNING:C:\Users\savan\AppData\Roaming\Python\Python39\site-packages\xgboost\core.py:158: UserWarning: [23:20:19] WARNING: C:\buildkite-agent\builds\buildkite-windows-cpu-autoscaling-group-i-08cbc0333d8d4aae1-1\xgboost\xgboost-ci-windows\src\learner.cc:740: 
Parameters: { "use_label_encoder" } are not used.

  warnings.warn(smsg, UserWarning)

2026-03-11 23:20:19,134:WARNING:C:\Users\savan\AppData\Roaming\Python\Python39\site-packages\xgboost\core.py:158: UserWarning: [23:20:19] WARNING: C:\buildkite-agent\builds\buildkite-windows-cpu-autoscaling-group-i-08cbc0333d8d4aae1-1\xgboost\xgboost-ci-windows\src\learner.cc:740: 
Parameters: { "use_label_encoder" } are not used.

  warnings.warn(smsg, UserWarning)

2026-03-11 23:20:19,296:WARNING:C:\Users\savan\AppData\Roaming\Python\Python39\site-packages\xgboost\core.py:158: UserWarning: [23:20:19] WARNING: C:\buildkite-agent\builds\buildkite-windows-cpu-autoscaling-group-i-08cbc0333d8d4aae1-1\xgboost\xgboost-ci-windows\src\learner.cc:740: 
Parameters: { "use_label_encoder" } are not used.

  warnings.warn(smsg, UserWarning)

2026-03-11 23:20:19,433:WARNING:C:\Users\savan\AppData\Roaming\Python\Python39\site-packages\xgboost\core.py:158: UserWarning: [23:20:19] WARNING: C:\buildkite-agent\builds\buildkite-windows-cpu-autoscaling-group-i-08cbc0333d8d4aae1-1\xgboost\xgboost-ci-windows\src\learner.cc:740: 
Parameters: { "use_label_encoder" } are not used.

  warnings.warn(smsg, UserWarning)

2026-03-11 23:20:19,555:WARNING:C:\Users\savan\AppData\Roaming\Python\Python39\site-packages\xgboost\core.py:158: UserWarning: [23:20:19] WARNING: C:\buildkite-agent\builds\buildkite-windows-cpu-autoscaling-group-i-08cbc0333d8d4aae1-1\xgboost\xgboost-ci-windows\src\learner.cc:740: 
Parameters: { "use_label_encoder" } are not used.

  warnings.warn(smsg, UserWarning)

2026-03-11 23:20:19,684:WARNING:C:\Users\savan\AppData\Roaming\Python\Python39\site-packages\xgboost\core.py:158: UserWarning: [23:20:19] WARNING: C:\buildkite-agent\builds\buildkite-windows-cpu-autoscaling-group-i-08cbc0333d8d4aae1-1\xgboost\xgboost-ci-windows\src\learner.cc:740: 
Parameters: { "use_label_encoder" } are not used.

  warnings.warn(smsg, UserWarning)

2026-03-11 23:21:11,908:WARNING:
'cuml' is a soft dependency and not included in the pycaret installation. Please run: `pip install cuml` to install.
2026-03-11 23:21:11,908:WARNING:
'cuml' is a soft dependency and not included in the pycaret installation. Please run: `pip install cuml` to install.
2026-03-11 23:21:11,908:WARNING:
'cuml' is a soft dependency and not included in the pycaret installation. Please run: `pip install cuml` to install.
2026-03-11 23:21:11,908:WARNING:
'cuml' is a soft dependency and not included in the pycaret installation. Please run: `pip install cuml` to install.
2026-03-11 23:21:12,760:WARNING:c:\ProgramData\Anaconda3\lib\site-packages\pandas\io\sql.py:762: UserWarning: pandas only support SQLAlchemy connectable(engine/connection) ordatabase string URI or sqlite3 DBAPI2 connectionother DBAPI2 objects are not tested, please consider using SQLAlchemy
  warnings.warn(

2026-03-11 23:21:12,828:WARNING:c:\ProgramData\Anaconda3\lib\site-packages\pandas\io\sql.py:762: UserWarning: pandas only support SQLAlchemy connectable(engine/connection) ordatabase string URI or sqlite3 DBAPI2 connectionother DBAPI2 objects are not tested, please consider using SQLAlchemy
  warnings.warn(

2026-03-11 23:21:13,012:WARNING:c:\ProgramData\Anaconda3\lib\site-packages\pandas\io\sql.py:762: UserWarning: pandas only support SQLAlchemy connectable(engine/connection) ordatabase string URI or sqlite3 DBAPI2 connectionother DBAPI2 objects are not tested, please consider using SQLAlchemy
  warnings.warn(

2026-03-11 23:21:14,581:WARNING:c:\ProgramData\Anaconda3\lib\site-packages\pandas\io\sql.py:762: UserWarning: pandas only support SQLAlchemy connectable(engine/connection) ordatabase string URI or sqlite3 DBAPI2 connectionother DBAPI2 objects are not tested, please consider using SQLAlchemy
  warnings.warn(

2026-03-11 23:21:14,636:WARNING:c:\ProgramData\Anaconda3\lib\site-packages\pandas\io\sql.py:762: UserWarning: pandas only support SQLAlchemy connectable(engine/connection) ordatabase string URI or sqlite3 DBAPI2 connectionother DBAPI2 objects are not tested, please consider using SQLAlchemy
  warnings.warn(

2026-03-11 23:21:15,288:WARNING:C:\Users\savan\AppData\Local\Temp\ipykernel_25840\4086773308.py:1: FutureWarning: Treating datetime data as categorical rather than numeric in `.describe` is deprecated and will be removed in a future version of pandas. Specify `datetime_is_numeric=True` to silence this warning and adopt the future behavior now.
  loan_cashflow_df.describe()

2026-03-11 23:21:16,374:WARNING:c:\ProgramData\Anaconda3\lib\site-packages\pandas\io\sql.py:762: UserWarning: pandas only support SQLAlchemy connectable(engine/connection) ordatabase string URI or sqlite3 DBAPI2 connectionother DBAPI2 objects are not tested, please consider using SQLAlchemy
  warnings.warn(

2026-03-11 23:21:52,757:WARNING:C:\Users\savan\AppData\Roaming\Python\Python39\site-packages\xgboost\core.py:158: UserWarning: [23:21:52] WARNING: C:\buildkite-agent\builds\buildkite-windows-cpu-autoscaling-group-i-08cbc0333d8d4aae1-1\xgboost\xgboost-ci-windows\src\learner.cc:740: 
Parameters: { "use_label_encoder" } are not used.

  warnings.warn(smsg, UserWarning)

2026-03-11 23:21:53,371:WARNING:C:\Users\savan\AppData\Roaming\Python\Python39\site-packages\xgboost\core.py:158: UserWarning: [23:21:53] WARNING: C:\buildkite-agent\builds\buildkite-windows-cpu-autoscaling-group-i-08cbc0333d8d4aae1-1\xgboost\xgboost-ci-windows\src\learner.cc:740: 
Parameters: { "use_label_encoder" } are not used.

  warnings.warn(smsg, UserWarning)

2026-03-11 23:21:54,014:WARNING:C:\Users\savan\AppData\Roaming\Python\Python39\site-packages\xgboost\core.py:158: UserWarning: [23:21:54] WARNING: C:\buildkite-agent\builds\buildkite-windows-cpu-autoscaling-group-i-08cbc0333d8d4aae1-1\xgboost\xgboost-ci-windows\src\learner.cc:740: 
Parameters: { "use_label_encoder" } are not used.

  warnings.warn(smsg, UserWarning)

2026-03-11 23:21:57,008:WARNING:C:\Users\savan\AppData\Roaming\Python\Python39\site-packages\xgboost\core.py:158: UserWarning: [23:21:57] WARNING: C:\buildkite-agent\builds\buildkite-windows-cpu-autoscaling-group-i-08cbc0333d8d4aae1-1\xgboost\xgboost-ci-windows\src\learner.cc:740: 
Parameters: { "use_label_encoder" } are not used.

  warnings.warn(smsg, UserWarning)

2026-03-11 23:21:57,146:WARNING:C:\Users\savan\AppData\Roaming\Python\Python39\site-packages\xgboost\core.py:158: UserWarning: [23:21:57] WARNING: C:\buildkite-agent\builds\buildkite-windows-cpu-autoscaling-group-i-08cbc0333d8d4aae1-1\xgboost\xgboost-ci-windows\src\learner.cc:740: 
Parameters: { "use_label_encoder" } are not used.

  warnings.warn(smsg, UserWarning)

2026-03-11 23:21:57,278:WARNING:C:\Users\savan\AppData\Roaming\Python\Python39\site-packages\xgboost\core.py:158: UserWarning: [23:21:57] WARNING: C:\buildkite-agent\builds\buildkite-windows-cpu-autoscaling-group-i-08cbc0333d8d4aae1-1\xgboost\xgboost-ci-windows\src\learner.cc:740: 
Parameters: { "use_label_encoder" } are not used.

  warnings.warn(smsg, UserWarning)

2026-03-11 23:21:57,427:WARNING:C:\Users\savan\AppData\Roaming\Python\Python39\site-packages\xgboost\core.py:158: UserWarning: [23:21:57] WARNING: C:\buildkite-agent\builds\buildkite-windows-cpu-autoscaling-group-i-08cbc0333d8d4aae1-1\xgboost\xgboost-ci-windows\src\learner.cc:740: 
Parameters: { "use_label_encoder" } are not used.

  warnings.warn(smsg, UserWarning)

2026-03-11 23:21:57,543:WARNING:C:\Users\savan\AppData\Roaming\Python\Python39\site-packages\xgboost\core.py:158: UserWarning: [23:21:57] WARNING: C:\buildkite-agent\builds\buildkite-windows-cpu-autoscaling-group-i-08cbc0333d8d4aae1-1\xgboost\xgboost-ci-windows\src\learner.cc:740: 
Parameters: { "use_label_encoder" } are not used.

  warnings.warn(smsg, UserWarning)

2026-03-11 23:21:57,664:WARNING:C:\Users\savan\AppData\Roaming\Python\Python39\site-packages\xgboost\core.py:158: UserWarning: [23:21:57] WARNING: C:\buildkite-agent\builds\buildkite-windows-cpu-autoscaling-group-i-08cbc0333d8d4aae1-1\xgboost\xgboost-ci-windows\src\learner.cc:740: 
Parameters: { "use_label_encoder" } are not used.

  warnings.warn(smsg, UserWarning)

2026-03-11 23:26:53,353:WARNING:C:\Users\savan\AppData\Local\Temp\ipykernel_25840\912277280.py:7: ClusterWarning: scipy.cluster: The symmetric non-negative hollow observation matrix looks suspiciously like an uncondensed distance matrix
  Z = linkage(gower_sample, method='average')

2026-03-11 23:36:07,986:WARNING:
'cuml' is a soft dependency and not included in the pycaret installation. Please run: `pip install cuml` to install.
2026-03-11 23:36:07,986:WARNING:
'cuml' is a soft dependency and not included in the pycaret installation. Please run: `pip install cuml` to install.
2026-03-11 23:36:07,986:WARNING:
'cuml' is a soft dependency and not included in the pycaret installation. Please run: `pip install cuml` to install.
2026-03-11 23:36:07,986:WARNING:
'cuml' is a soft dependency and not included in the pycaret installation. Please run: `pip install cuml` to install.
2026-03-11 23:36:09,419:WARNING:c:\ProgramData\Anaconda3\lib\site-packages\pandas\io\sql.py:762: UserWarning: pandas only support SQLAlchemy connectable(engine/connection) ordatabase string URI or sqlite3 DBAPI2 connectionother DBAPI2 objects are not tested, please consider using SQLAlchemy
  warnings.warn(

2026-03-11 23:36:09,472:WARNING:c:\ProgramData\Anaconda3\lib\site-packages\pandas\io\sql.py:762: UserWarning: pandas only support SQLAlchemy connectable(engine/connection) ordatabase string URI or sqlite3 DBAPI2 connectionother DBAPI2 objects are not tested, please consider using SQLAlchemy
  warnings.warn(

2026-03-11 23:36:09,550:WARNING:c:\ProgramData\Anaconda3\lib\site-packages\pandas\io\sql.py:762: UserWarning: pandas only support SQLAlchemy connectable(engine/connection) ordatabase string URI or sqlite3 DBAPI2 connectionother DBAPI2 objects are not tested, please consider using SQLAlchemy
  warnings.warn(

2026-03-11 23:36:11,188:WARNING:c:\ProgramData\Anaconda3\lib\site-packages\pandas\io\sql.py:762: UserWarning: pandas only support SQLAlchemy connectable(engine/connection) ordatabase string URI or sqlite3 DBAPI2 connectionother DBAPI2 objects are not tested, please consider using SQLAlchemy
  warnings.warn(

2026-03-11 23:36:11,240:WARNING:c:\ProgramData\Anaconda3\lib\site-packages\pandas\io\sql.py:762: UserWarning: pandas only support SQLAlchemy connectable(engine/connection) ordatabase string URI or sqlite3 DBAPI2 connectionother DBAPI2 objects are not tested, please consider using SQLAlchemy
  warnings.warn(

2026-03-11 23:36:11,896:WARNING:C:\Users\savan\AppData\Local\Temp\ipykernel_25540\4086773308.py:1: FutureWarning: Treating datetime data as categorical rather than numeric in `.describe` is deprecated and will be removed in a future version of pandas. Specify `datetime_is_numeric=True` to silence this warning and adopt the future behavior now.
  loan_cashflow_df.describe()

2026-03-11 23:36:12,994:WARNING:c:\ProgramData\Anaconda3\lib\site-packages\pandas\io\sql.py:762: UserWarning: pandas only support SQLAlchemy connectable(engine/connection) ordatabase string URI or sqlite3 DBAPI2 connectionother DBAPI2 objects are not tested, please consider using SQLAlchemy
  warnings.warn(

2026-03-11 23:36:48,922:WARNING:C:\Users\savan\AppData\Roaming\Python\Python39\site-packages\xgboost\core.py:158: UserWarning: [23:36:48] WARNING: C:\buildkite-agent\builds\buildkite-windows-cpu-autoscaling-group-i-08cbc0333d8d4aae1-1\xgboost\xgboost-ci-windows\src\learner.cc:740: 
Parameters: { "use_label_encoder" } are not used.

  warnings.warn(smsg, UserWarning)

2026-03-11 23:36:49,557:WARNING:C:\Users\savan\AppData\Roaming\Python\Python39\site-packages\xgboost\core.py:158: UserWarning: [23:36:49] WARNING: C:\buildkite-agent\builds\buildkite-windows-cpu-autoscaling-group-i-08cbc0333d8d4aae1-1\xgboost\xgboost-ci-windows\src\learner.cc:740: 
Parameters: { "use_label_encoder" } are not used.

  warnings.warn(smsg, UserWarning)

2026-03-11 23:36:50,274:WARNING:C:\Users\savan\AppData\Roaming\Python\Python39\site-packages\xgboost\core.py:158: UserWarning: [23:36:50] WARNING: C:\buildkite-agent\builds\buildkite-windows-cpu-autoscaling-group-i-08cbc0333d8d4aae1-1\xgboost\xgboost-ci-windows\src\learner.cc:740: 
Parameters: { "use_label_encoder" } are not used.

  warnings.warn(smsg, UserWarning)

2026-03-11 23:36:53,563:WARNING:C:\Users\savan\AppData\Roaming\Python\Python39\site-packages\xgboost\core.py:158: UserWarning: [23:36:53] WARNING: C:\buildkite-agent\builds\buildkite-windows-cpu-autoscaling-group-i-08cbc0333d8d4aae1-1\xgboost\xgboost-ci-windows\src\learner.cc:740: 
Parameters: { "use_label_encoder" } are not used.

  warnings.warn(smsg, UserWarning)

2026-03-11 23:36:53,691:WARNING:C:\Users\savan\AppData\Roaming\Python\Python39\site-packages\xgboost\core.py:158: UserWarning: [23:36:53] WARNING: C:\buildkite-agent\builds\buildkite-windows-cpu-autoscaling-group-i-08cbc0333d8d4aae1-1\xgboost\xgboost-ci-windows\src\learner.cc:740: 
Parameters: { "use_label_encoder" } are not used.

  warnings.warn(smsg, UserWarning)

2026-03-11 23:36:53,800:WARNING:C:\Users\savan\AppData\Roaming\Python\Python39\site-packages\xgboost\core.py:158: UserWarning: [23:36:53] WARNING: C:\buildkite-agent\builds\buildkite-windows-cpu-autoscaling-group-i-08cbc0333d8d4aae1-1\xgboost\xgboost-ci-windows\src\learner.cc:740: 
Parameters: { "use_label_encoder" } are not used.

  warnings.warn(smsg, UserWarning)

2026-03-11 23:36:53,914:WARNING:C:\Users\savan\AppData\Roaming\Python\Python39\site-packages\xgboost\core.py:158: UserWarning: [23:36:53] WARNING: C:\buildkite-agent\builds\buildkite-windows-cpu-autoscaling-group-i-08cbc0333d8d4aae1-1\xgboost\xgboost-ci-windows\src\learner.cc:740: 
Parameters: { "use_label_encoder" } are not used.

  warnings.warn(smsg, UserWarning)

2026-03-11 23:36:54,113:WARNING:C:\Users\savan\AppData\Roaming\Python\Python39\site-packages\xgboost\core.py:158: UserWarning: [23:36:54] WARNING: C:\buildkite-agent\builds\buildkite-windows-cpu-autoscaling-group-i-08cbc0333d8d4aae1-1\xgboost\xgboost-ci-windows\src\learner.cc:740: 
Parameters: { "use_label_encoder" } are not used.

  warnings.warn(smsg, UserWarning)

2026-03-11 23:36:54,253:WARNING:C:\Users\savan\AppData\Roaming\Python\Python39\site-packages\xgboost\core.py:158: UserWarning: [23:36:54] WARNING: C:\buildkite-agent\builds\buildkite-windows-cpu-autoscaling-group-i-08cbc0333d8d4aae1-1\xgboost\xgboost-ci-windows\src\learner.cc:740: 
Parameters: { "use_label_encoder" } are not used.

  warnings.warn(smsg, UserWarning)

2026-03-11 23:39:13,227:WARNING:C:\Users\savan\AppData\Local\Temp\ipykernel_25540\912277280.py:7: ClusterWarning: scipy.cluster: The symmetric non-negative hollow observation matrix looks suspiciously like an uncondensed distance matrix
  Z = linkage(gower_sample, method='average')

2026-03-11 23:46:27,693:WARNING:
'cuml' is a soft dependency and not included in the pycaret installation. Please run: `pip install cuml` to install.
2026-03-11 23:46:27,693:WARNING:
'cuml' is a soft dependency and not included in the pycaret installation. Please run: `pip install cuml` to install.
2026-03-11 23:46:27,693:WARNING:
'cuml' is a soft dependency and not included in the pycaret installation. Please run: `pip install cuml` to install.
2026-03-11 23:46:27,693:WARNING:
'cuml' is a soft dependency and not included in the pycaret installation. Please run: `pip install cuml` to install.
2026-03-11 23:46:28,942:WARNING:C:\ProgramData\Anaconda3\lib\site-packages\pandas\io\sql.py:762: UserWarning: pandas only support SQLAlchemy connectable(engine/connection) ordatabase string URI or sqlite3 DBAPI2 connectionother DBAPI2 objects are not tested, please consider using SQLAlchemy
  warnings.warn(

2026-03-11 23:46:29,012:WARNING:C:\ProgramData\Anaconda3\lib\site-packages\pandas\io\sql.py:762: UserWarning: pandas only support SQLAlchemy connectable(engine/connection) ordatabase string URI or sqlite3 DBAPI2 connectionother DBAPI2 objects are not tested, please consider using SQLAlchemy
  warnings.warn(

2026-03-11 23:46:29,129:WARNING:C:\ProgramData\Anaconda3\lib\site-packages\pandas\io\sql.py:762: UserWarning: pandas only support SQLAlchemy connectable(engine/connection) ordatabase string URI or sqlite3 DBAPI2 connectionother DBAPI2 objects are not tested, please consider using SQLAlchemy
  warnings.warn(

2026-03-11 23:46:31,986:WARNING:C:\ProgramData\Anaconda3\lib\site-packages\pandas\io\sql.py:762: UserWarning: pandas only support SQLAlchemy connectable(engine/connection) ordatabase string URI or sqlite3 DBAPI2 connectionother DBAPI2 objects are not tested, please consider using SQLAlchemy
  warnings.warn(

2026-03-11 23:46:32,032:WARNING:C:\ProgramData\Anaconda3\lib\site-packages\pandas\io\sql.py:762: UserWarning: pandas only support SQLAlchemy connectable(engine/connection) ordatabase string URI or sqlite3 DBAPI2 connectionother DBAPI2 objects are not tested, please consider using SQLAlchemy
  warnings.warn(

2026-03-11 23:46:32,110:WARNING:C:\ProgramData\Anaconda3\lib\site-packages\pandas\io\sql.py:762: UserWarning: pandas only support SQLAlchemy connectable(engine/connection) ordatabase string URI or sqlite3 DBAPI2 connectionother DBAPI2 objects are not tested, please consider using SQLAlchemy
  warnings.warn(

2026-03-11 23:50:30,513:WARNING:
'cuml' is a soft dependency and not included in the pycaret installation. Please run: `pip install cuml` to install.
2026-03-11 23:50:30,513:WARNING:
'cuml' is a soft dependency and not included in the pycaret installation. Please run: `pip install cuml` to install.
2026-03-11 23:50:30,513:WARNING:
'cuml' is a soft dependency and not included in the pycaret installation. Please run: `pip install cuml` to install.
2026-03-11 23:50:30,513:WARNING:
'cuml' is a soft dependency and not included in the pycaret installation. Please run: `pip install cuml` to install.
2026-03-11 23:50:31,681:WARNING:C:\ProgramData\Anaconda3\lib\site-packages\pandas\io\sql.py:762: UserWarning: pandas only support SQLAlchemy connectable(engine/connection) ordatabase string URI or sqlite3 DBAPI2 connectionother DBAPI2 objects are not tested, please consider using SQLAlchemy
  warnings.warn(

2026-03-11 23:50:31,793:WARNING:C:\ProgramData\Anaconda3\lib\site-packages\pandas\io\sql.py:762: UserWarning: pandas only support SQLAlchemy connectable(engine/connection) ordatabase string URI or sqlite3 DBAPI2 connectionother DBAPI2 objects are not tested, please consider using SQLAlchemy
  warnings.warn(

2026-03-11 23:50:31,904:WARNING:C:\ProgramData\Anaconda3\lib\site-packages\pandas\io\sql.py:762: UserWarning: pandas only support SQLAlchemy connectable(engine/connection) ordatabase string URI or sqlite3 DBAPI2 connectionother DBAPI2 objects are not tested, please consider using SQLAlchemy
  warnings.warn(

2026-03-11 23:50:34,251:WARNING:C:\ProgramData\Anaconda3\lib\site-packages\pandas\io\sql.py:762: UserWarning: pandas only support SQLAlchemy connectable(engine/connection) ordatabase string URI or sqlite3 DBAPI2 connectionother DBAPI2 objects are not tested, please consider using SQLAlchemy
  warnings.warn(

2026-03-11 23:50:34,307:WARNING:C:\ProgramData\Anaconda3\lib\site-packages\pandas\io\sql.py:762: UserWarning: pandas only support SQLAlchemy connectable(engine/connection) ordatabase string URI or sqlite3 DBAPI2 connectionother DBAPI2 objects are not tested, please consider using SQLAlchemy
  warnings.warn(

2026-03-11 23:50:34,376:WARNING:C:\ProgramData\Anaconda3\lib\site-packages\pandas\io\sql.py:762: UserWarning: pandas only support SQLAlchemy connectable(engine/connection) ordatabase string URI or sqlite3 DBAPI2 connectionother DBAPI2 objects are not tested, please consider using SQLAlchemy
  warnings.warn(

2026-03-11 23:50:40,095:WARNING:
'cuml' is a soft dependency and not included in the pycaret installation. Please run: `pip install cuml` to install.
2026-03-11 23:50:40,095:WARNING:
'cuml' is a soft dependency and not included in the pycaret installation. Please run: `pip install cuml` to install.
2026-03-11 23:50:40,095:WARNING:
'cuml' is a soft dependency and not included in the pycaret installation. Please run: `pip install cuml` to install.
2026-03-11 23:50:40,095:WARNING:
'cuml' is a soft dependency and not included in the pycaret installation. Please run: `pip install cuml` to install.
2026-03-11 23:50:41,288:WARNING:C:\ProgramData\Anaconda3\lib\site-packages\pandas\io\sql.py:762: UserWarning: pandas only support SQLAlchemy connectable(engine/connection) ordatabase string URI or sqlite3 DBAPI2 connectionother DBAPI2 objects are not tested, please consider using SQLAlchemy
  warnings.warn(

2026-03-11 23:50:41,337:WARNING:C:\ProgramData\Anaconda3\lib\site-packages\pandas\io\sql.py:762: UserWarning: pandas only support SQLAlchemy connectable(engine/connection) ordatabase string URI or sqlite3 DBAPI2 connectionother DBAPI2 objects are not tested, please consider using SQLAlchemy
  warnings.warn(

2026-03-11 23:50:41,417:WARNING:C:\ProgramData\Anaconda3\lib\site-packages\pandas\io\sql.py:762: UserWarning: pandas only support SQLAlchemy connectable(engine/connection) ordatabase string URI or sqlite3 DBAPI2 connectionother DBAPI2 objects are not tested, please consider using SQLAlchemy
  warnings.warn(

2026-03-11 23:50:42,990:WARNING:C:\ProgramData\Anaconda3\lib\site-packages\pandas\io\sql.py:762: UserWarning: pandas only support SQLAlchemy connectable(engine/connection) ordatabase string URI or sqlite3 DBAPI2 connectionother DBAPI2 objects are not tested, please consider using SQLAlchemy
  warnings.warn(

2026-03-11 23:50:43,035:WARNING:C:\ProgramData\Anaconda3\lib\site-packages\pandas\io\sql.py:762: UserWarning: pandas only support SQLAlchemy connectable(engine/connection) ordatabase string URI or sqlite3 DBAPI2 connectionother DBAPI2 objects are not tested, please consider using SQLAlchemy
  warnings.warn(

2026-03-11 23:50:43,112:WARNING:C:\ProgramData\Anaconda3\lib\site-packages\pandas\io\sql.py:762: UserWarning: pandas only support SQLAlchemy connectable(engine/connection) ordatabase string URI or sqlite3 DBAPI2 connectionother DBAPI2 objects are not tested, please consider using SQLAlchemy
  warnings.warn(

2026-03-11 23:51:21,207:WARNING:
'cuml' is a soft dependency and not included in the pycaret installation. Please run: `pip install cuml` to install.
2026-03-11 23:51:21,207:WARNING:
'cuml' is a soft dependency and not included in the pycaret installation. Please run: `pip install cuml` to install.
2026-03-11 23:51:21,207:WARNING:
'cuml' is a soft dependency and not included in the pycaret installation. Please run: `pip install cuml` to install.
2026-03-11 23:51:21,207:WARNING:
'cuml' is a soft dependency and not included in the pycaret installation. Please run: `pip install cuml` to install.
2026-03-11 23:51:22,335:WARNING:C:\ProgramData\Anaconda3\lib\site-packages\pandas\io\sql.py:762: UserWarning: pandas only support SQLAlchemy connectable(engine/connection) ordatabase string URI or sqlite3 DBAPI2 connectionother DBAPI2 objects are not tested, please consider using SQLAlchemy
  warnings.warn(

2026-03-11 23:51:22,371:WARNING:C:\ProgramData\Anaconda3\lib\site-packages\pandas\io\sql.py:762: UserWarning: pandas only support SQLAlchemy connectable(engine/connection) ordatabase string URI or sqlite3 DBAPI2 connectionother DBAPI2 objects are not tested, please consider using SQLAlchemy
  warnings.warn(

2026-03-11 23:51:22,464:WARNING:C:\ProgramData\Anaconda3\lib\site-packages\pandas\io\sql.py:762: UserWarning: pandas only support SQLAlchemy connectable(engine/connection) ordatabase string URI or sqlite3 DBAPI2 connectionother DBAPI2 objects are not tested, please consider using SQLAlchemy
  warnings.warn(

2026-03-11 23:51:24,533:WARNING:C:\ProgramData\Anaconda3\lib\site-packages\pandas\io\sql.py:762: UserWarning: pandas only support SQLAlchemy connectable(engine/connection) ordatabase string URI or sqlite3 DBAPI2 connectionother DBAPI2 objects are not tested, please consider using SQLAlchemy
  warnings.warn(

2026-03-11 23:51:24,584:WARNING:C:\ProgramData\Anaconda3\lib\site-packages\pandas\io\sql.py:762: UserWarning: pandas only support SQLAlchemy connectable(engine/connection) ordatabase string URI or sqlite3 DBAPI2 connectionother DBAPI2 objects are not tested, please consider using SQLAlchemy
  warnings.warn(

2026-03-11 23:51:24,647:WARNING:C:\ProgramData\Anaconda3\lib\site-packages\pandas\io\sql.py:762: UserWarning: pandas only support SQLAlchemy connectable(engine/connection) ordatabase string URI or sqlite3 DBAPI2 connectionother DBAPI2 objects are not tested, please consider using SQLAlchemy
  warnings.warn(

2026-03-11 23:52:32,789:WARNING:
'cuml' is a soft dependency and not included in the pycaret installation. Please run: `pip install cuml` to install.
2026-03-11 23:52:32,789:WARNING:
'cuml' is a soft dependency and not included in the pycaret installation. Please run: `pip install cuml` to install.
2026-03-11 23:52:32,789:WARNING:
'cuml' is a soft dependency and not included in the pycaret installation. Please run: `pip install cuml` to install.
2026-03-11 23:52:32,789:WARNING:
'cuml' is a soft dependency and not included in the pycaret installation. Please run: `pip install cuml` to install.
2026-03-11 23:52:34,061:WARNING:C:\ProgramData\Anaconda3\lib\site-packages\pandas\io\sql.py:762: UserWarning: pandas only support SQLAlchemy connectable(engine/connection) ordatabase string URI or sqlite3 DBAPI2 connectionother DBAPI2 objects are not tested, please consider using SQLAlchemy
  warnings.warn(

2026-03-11 23:52:34,122:WARNING:C:\ProgramData\Anaconda3\lib\site-packages\pandas\io\sql.py:762: UserWarning: pandas only support SQLAlchemy connectable(engine/connection) ordatabase string URI or sqlite3 DBAPI2 connectionother DBAPI2 objects are not tested, please consider using SQLAlchemy
  warnings.warn(

2026-03-11 23:52:34,293:WARNING:C:\ProgramData\Anaconda3\lib\site-packages\pandas\io\sql.py:762: UserWarning: pandas only support SQLAlchemy connectable(engine/connection) ordatabase string URI or sqlite3 DBAPI2 connectionother DBAPI2 objects are not tested, please consider using SQLAlchemy
  warnings.warn(

2026-03-11 23:52:36,119:WARNING:C:\ProgramData\Anaconda3\lib\site-packages\pandas\io\sql.py:762: UserWarning: pandas only support SQLAlchemy connectable(engine/connection) ordatabase string URI or sqlite3 DBAPI2 connectionother DBAPI2 objects are not tested, please consider using SQLAlchemy
  warnings.warn(

2026-03-11 23:52:36,155:WARNING:C:\ProgramData\Anaconda3\lib\site-packages\pandas\io\sql.py:762: UserWarning: pandas only support SQLAlchemy connectable(engine/connection) ordatabase string URI or sqlite3 DBAPI2 connectionother DBAPI2 objects are not tested, please consider using SQLAlchemy
  warnings.warn(

2026-03-11 23:52:36,221:WARNING:C:\ProgramData\Anaconda3\lib\site-packages\pandas\io\sql.py:762: UserWarning: pandas only support SQLAlchemy connectable(engine/connection) ordatabase string URI or sqlite3 DBAPI2 connectionother DBAPI2 objects are not tested, please consider using SQLAlchemy
  warnings.warn(

2026-03-11 23:52:36,782:WARNING:C:\Users\savan\AppData\Roaming\Python\Python39\site-packages\xgboost\core.py:158: UserWarning: [23:52:36] WARNING: C:\buildkite-agent\builds\buildkite-windows-cpu-autoscaling-group-i-08cbc0333d8d4aae1-1\xgboost\xgboost-ci-windows\src\learner.cc:740: 
Parameters: { "use_label_encoder" } are not used.

  warnings.warn(smsg, UserWarning)

2026-03-11 23:53:24,060:WARNING:
'cuml' is a soft dependency and not included in the pycaret installation. Please run: `pip install cuml` to install.
2026-03-11 23:53:24,060:WARNING:
'cuml' is a soft dependency and not included in the pycaret installation. Please run: `pip install cuml` to install.
2026-03-11 23:53:24,060:WARNING:
'cuml' is a soft dependency and not included in the pycaret installation. Please run: `pip install cuml` to install.
2026-03-11 23:53:24,060:WARNING:
'cuml' is a soft dependency and not included in the pycaret installation. Please run: `pip install cuml` to install.
2026-03-11 23:53:25,145:WARNING:C:\ProgramData\Anaconda3\lib\site-packages\pandas\io\sql.py:762: UserWarning: pandas only support SQLAlchemy connectable(engine/connection) ordatabase string URI or sqlite3 DBAPI2 connectionother DBAPI2 objects are not tested, please consider using SQLAlchemy
  warnings.warn(

2026-03-11 23:53:25,176:WARNING:C:\ProgramData\Anaconda3\lib\site-packages\pandas\io\sql.py:762: UserWarning: pandas only support SQLAlchemy connectable(engine/connection) ordatabase string URI or sqlite3 DBAPI2 connectionother DBAPI2 objects are not tested, please consider using SQLAlchemy
  warnings.warn(

2026-03-11 23:53:25,249:WARNING:C:\ProgramData\Anaconda3\lib\site-packages\pandas\io\sql.py:762: UserWarning: pandas only support SQLAlchemy connectable(engine/connection) ordatabase string URI or sqlite3 DBAPI2 connectionother DBAPI2 objects are not tested, please consider using SQLAlchemy
  warnings.warn(

2026-03-11 23:53:26,771:WARNING:C:\ProgramData\Anaconda3\lib\site-packages\pandas\io\sql.py:762: UserWarning: pandas only support SQLAlchemy connectable(engine/connection) ordatabase string URI or sqlite3 DBAPI2 connectionother DBAPI2 objects are not tested, please consider using SQLAlchemy
  warnings.warn(

2026-03-11 23:53:26,823:WARNING:C:\ProgramData\Anaconda3\lib\site-packages\pandas\io\sql.py:762: UserWarning: pandas only support SQLAlchemy connectable(engine/connection) ordatabase string URI or sqlite3 DBAPI2 connectionother DBAPI2 objects are not tested, please consider using SQLAlchemy
  warnings.warn(

2026-03-11 23:53:26,904:WARNING:C:\ProgramData\Anaconda3\lib\site-packages\pandas\io\sql.py:762: UserWarning: pandas only support SQLAlchemy connectable(engine/connection) ordatabase string URI or sqlite3 DBAPI2 connectionother DBAPI2 objects are not tested, please consider using SQLAlchemy
  warnings.warn(

2026-03-11 23:53:27,431:WARNING:C:\Users\savan\AppData\Roaming\Python\Python39\site-packages\xgboost\core.py:158: UserWarning: [23:53:27] WARNING: C:\buildkite-agent\builds\buildkite-windows-cpu-autoscaling-group-i-08cbc0333d8d4aae1-1\xgboost\xgboost-ci-windows\src\learner.cc:740: 
Parameters: { "use_label_encoder" } are not used.

  warnings.warn(smsg, UserWarning)

2026-03-11 23:55:06,049:WARNING:
'cuml' is a soft dependency and not included in the pycaret installation. Please run: `pip install cuml` to install.
2026-03-11 23:55:06,049:WARNING:
'cuml' is a soft dependency and not included in the pycaret installation. Please run: `pip install cuml` to install.
2026-03-11 23:55:06,049:WARNING:
'cuml' is a soft dependency and not included in the pycaret installation. Please run: `pip install cuml` to install.
2026-03-11 23:55:06,049:WARNING:
'cuml' is a soft dependency and not included in the pycaret installation. Please run: `pip install cuml` to install.
2026-03-11 23:55:07,259:WARNING:C:\ProgramData\Anaconda3\lib\site-packages\pandas\io\sql.py:762: UserWarning: pandas only support SQLAlchemy connectable(engine/connection) ordatabase string URI or sqlite3 DBAPI2 connectionother DBAPI2 objects are not tested, please consider using SQLAlchemy
  warnings.warn(

2026-03-11 23:55:07,383:WARNING:C:\ProgramData\Anaconda3\lib\site-packages\pandas\io\sql.py:762: UserWarning: pandas only support SQLAlchemy connectable(engine/connection) ordatabase string URI or sqlite3 DBAPI2 connectionother DBAPI2 objects are not tested, please consider using SQLAlchemy
  warnings.warn(

2026-03-11 23:55:07,577:WARNING:C:\ProgramData\Anaconda3\lib\site-packages\pandas\io\sql.py:762: UserWarning: pandas only support SQLAlchemy connectable(engine/connection) ordatabase string URI or sqlite3 DBAPI2 connectionother DBAPI2 objects are not tested, please consider using SQLAlchemy
  warnings.warn(

2026-03-11 23:55:09,179:WARNING:C:\ProgramData\Anaconda3\lib\site-packages\pandas\io\sql.py:762: UserWarning: pandas only support SQLAlchemy connectable(engine/connection) ordatabase string URI or sqlite3 DBAPI2 connectionother DBAPI2 objects are not tested, please consider using SQLAlchemy
  warnings.warn(

2026-03-11 23:55:09,236:WARNING:C:\ProgramData\Anaconda3\lib\site-packages\pandas\io\sql.py:762: UserWarning: pandas only support SQLAlchemy connectable(engine/connection) ordatabase string URI or sqlite3 DBAPI2 connectionother DBAPI2 objects are not tested, please consider using SQLAlchemy
  warnings.warn(

2026-03-11 23:55:09,310:WARNING:C:\ProgramData\Anaconda3\lib\site-packages\pandas\io\sql.py:762: UserWarning: pandas only support SQLAlchemy connectable(engine/connection) ordatabase string URI or sqlite3 DBAPI2 connectionother DBAPI2 objects are not tested, please consider using SQLAlchemy
  warnings.warn(

2026-03-11 23:55:09,903:WARNING:C:\Users\savan\AppData\Roaming\Python\Python39\site-packages\xgboost\core.py:158: UserWarning: [23:55:09] WARNING: C:\buildkite-agent\builds\buildkite-windows-cpu-autoscaling-group-i-08cbc0333d8d4aae1-1\xgboost\xgboost-ci-windows\src\learner.cc:740: 
Parameters: { "use_label_encoder" } are not used.

  warnings.warn(smsg, UserWarning)

2026-03-11 23:57:10,817:WARNING:
'cuml' is a soft dependency and not included in the pycaret installation. Please run: `pip install cuml` to install.
2026-03-11 23:57:10,817:WARNING:
'cuml' is a soft dependency and not included in the pycaret installation. Please run: `pip install cuml` to install.
2026-03-11 23:57:10,817:WARNING:
'cuml' is a soft dependency and not included in the pycaret installation. Please run: `pip install cuml` to install.
2026-03-11 23:57:10,817:WARNING:
'cuml' is a soft dependency and not included in the pycaret installation. Please run: `pip install cuml` to install.
2026-03-11 23:57:11,975:WARNING:C:\ProgramData\Anaconda3\lib\site-packages\pandas\io\sql.py:762: UserWarning: pandas only support SQLAlchemy connectable(engine/connection) ordatabase string URI or sqlite3 DBAPI2 connectionother DBAPI2 objects are not tested, please consider using SQLAlchemy
  warnings.warn(

2026-03-11 23:57:12,025:WARNING:C:\ProgramData\Anaconda3\lib\site-packages\pandas\io\sql.py:762: UserWarning: pandas only support SQLAlchemy connectable(engine/connection) ordatabase string URI or sqlite3 DBAPI2 connectionother DBAPI2 objects are not tested, please consider using SQLAlchemy
  warnings.warn(

2026-03-11 23:57:12,100:WARNING:C:\ProgramData\Anaconda3\lib\site-packages\pandas\io\sql.py:762: UserWarning: pandas only support SQLAlchemy connectable(engine/connection) ordatabase string URI or sqlite3 DBAPI2 connectionother DBAPI2 objects are not tested, please consider using SQLAlchemy
  warnings.warn(

2026-03-11 23:57:13,673:WARNING:C:\ProgramData\Anaconda3\lib\site-packages\pandas\io\sql.py:762: UserWarning: pandas only support SQLAlchemy connectable(engine/connection) ordatabase string URI or sqlite3 DBAPI2 connectionother DBAPI2 objects are not tested, please consider using SQLAlchemy
  warnings.warn(

2026-03-11 23:57:13,718:WARNING:C:\ProgramData\Anaconda3\lib\site-packages\pandas\io\sql.py:762: UserWarning: pandas only support SQLAlchemy connectable(engine/connection) ordatabase string URI or sqlite3 DBAPI2 connectionother DBAPI2 objects are not tested, please consider using SQLAlchemy
  warnings.warn(

2026-03-11 23:57:13,790:WARNING:C:\ProgramData\Anaconda3\lib\site-packages\pandas\io\sql.py:762: UserWarning: pandas only support SQLAlchemy connectable(engine/connection) ordatabase string URI or sqlite3 DBAPI2 connectionother DBAPI2 objects are not tested, please consider using SQLAlchemy
  warnings.warn(

2026-03-11 23:57:14,429:WARNING:C:\Users\savan\AppData\Roaming\Python\Python39\site-packages\xgboost\core.py:158: UserWarning: [23:57:14] WARNING: C:\buildkite-agent\builds\buildkite-windows-cpu-autoscaling-group-i-08cbc0333d8d4aae1-1\xgboost\xgboost-ci-windows\src\learner.cc:740: 
Parameters: { "use_label_encoder" } are not used.

  warnings.warn(smsg, UserWarning)

2026-03-12 00:06:21,616:WARNING:
'cuml' is a soft dependency and not included in the pycaret installation. Please run: `pip install cuml` to install.
2026-03-12 00:06:21,616:WARNING:
'cuml' is a soft dependency and not included in the pycaret installation. Please run: `pip install cuml` to install.
2026-03-12 00:06:21,616:WARNING:
'cuml' is a soft dependency and not included in the pycaret installation. Please run: `pip install cuml` to install.
2026-03-12 00:06:21,616:WARNING:
'cuml' is a soft dependency and not included in the pycaret installation. Please run: `pip install cuml` to install.
2026-03-12 00:06:23,250:WARNING:c:\ProgramData\Anaconda3\lib\site-packages\pandas\io\sql.py:762: UserWarning: pandas only support SQLAlchemy connectable(engine/connection) ordatabase string URI or sqlite3 DBAPI2 connectionother DBAPI2 objects are not tested, please consider using SQLAlchemy
  warnings.warn(

2026-03-12 00:06:23,336:WARNING:c:\ProgramData\Anaconda3\lib\site-packages\pandas\io\sql.py:762: UserWarning: pandas only support SQLAlchemy connectable(engine/connection) ordatabase string URI or sqlite3 DBAPI2 connectionother DBAPI2 objects are not tested, please consider using SQLAlchemy
  warnings.warn(

2026-03-12 00:06:23,571:WARNING:c:\ProgramData\Anaconda3\lib\site-packages\pandas\io\sql.py:762: UserWarning: pandas only support SQLAlchemy connectable(engine/connection) ordatabase string URI or sqlite3 DBAPI2 connectionother DBAPI2 objects are not tested, please consider using SQLAlchemy
  warnings.warn(

2026-03-12 00:06:27,176:WARNING:c:\ProgramData\Anaconda3\lib\site-packages\pandas\io\sql.py:762: UserWarning: pandas only support SQLAlchemy connectable(engine/connection) ordatabase string URI or sqlite3 DBAPI2 connectionother DBAPI2 objects are not tested, please consider using SQLAlchemy
  warnings.warn(

2026-03-12 00:06:27,255:WARNING:c:\ProgramData\Anaconda3\lib\site-packages\pandas\io\sql.py:762: UserWarning: pandas only support SQLAlchemy connectable(engine/connection) ordatabase string URI or sqlite3 DBAPI2 connectionother DBAPI2 objects are not tested, please consider using SQLAlchemy
  warnings.warn(

2026-03-12 00:06:28,858:WARNING:C:\Users\savan\AppData\Local\Temp\ipykernel_37380\4086773308.py:1: FutureWarning: Treating datetime data as categorical rather than numeric in `.describe` is deprecated and will be removed in a future version of pandas. Specify `datetime_is_numeric=True` to silence this warning and adopt the future behavior now.
  loan_cashflow_df.describe()

2026-03-12 00:06:32,173:WARNING:c:\ProgramData\Anaconda3\lib\site-packages\pandas\io\sql.py:762: UserWarning: pandas only support SQLAlchemy connectable(engine/connection) ordatabase string URI or sqlite3 DBAPI2 connectionother DBAPI2 objects are not tested, please consider using SQLAlchemy
  warnings.warn(

2026-03-12 00:07:22,492:WARNING:C:\Users\savan\AppData\Roaming\Python\Python39\site-packages\xgboost\core.py:158: UserWarning: [00:07:22] WARNING: C:\buildkite-agent\builds\buildkite-windows-cpu-autoscaling-group-i-08cbc0333d8d4aae1-1\xgboost\xgboost-ci-windows\src\learner.cc:740: 
Parameters: { "use_label_encoder" } are not used.

  warnings.warn(smsg, UserWarning)

2026-03-12 00:07:23,126:WARNING:C:\Users\savan\AppData\Roaming\Python\Python39\site-packages\xgboost\core.py:158: UserWarning: [00:07:23] WARNING: C:\buildkite-agent\builds\buildkite-windows-cpu-autoscaling-group-i-08cbc0333d8d4aae1-1\xgboost\xgboost-ci-windows\src\learner.cc:740: 
Parameters: { "use_label_encoder" } are not used.

  warnings.warn(smsg, UserWarning)

2026-03-12 00:07:23,828:WARNING:C:\Users\savan\AppData\Roaming\Python\Python39\site-packages\xgboost\core.py:158: UserWarning: [00:07:23] WARNING: C:\buildkite-agent\builds\buildkite-windows-cpu-autoscaling-group-i-08cbc0333d8d4aae1-1\xgboost\xgboost-ci-windows\src\learner.cc:740: 
Parameters: { "use_label_encoder" } are not used.

  warnings.warn(smsg, UserWarning)

2026-03-12 00:07:26,757:WARNING:C:\Users\savan\AppData\Roaming\Python\Python39\site-packages\xgboost\core.py:158: UserWarning: [00:07:26] WARNING: C:\buildkite-agent\builds\buildkite-windows-cpu-autoscaling-group-i-08cbc0333d8d4aae1-1\xgboost\xgboost-ci-windows\src\learner.cc:740: 
Parameters: { "use_label_encoder" } are not used.

  warnings.warn(smsg, UserWarning)

2026-03-12 00:07:26,939:WARNING:C:\Users\savan\AppData\Roaming\Python\Python39\site-packages\xgboost\core.py:158: UserWarning: [00:07:26] WARNING: C:\buildkite-agent\builds\buildkite-windows-cpu-autoscaling-group-i-08cbc0333d8d4aae1-1\xgboost\xgboost-ci-windows\src\learner.cc:740: 
Parameters: { "use_label_encoder" } are not used.

  warnings.warn(smsg, UserWarning)

2026-03-12 00:07:27,048:WARNING:C:\Users\savan\AppData\Roaming\Python\Python39\site-packages\xgboost\core.py:158: UserWarning: [00:07:27] WARNING: C:\buildkite-agent\builds\buildkite-windows-cpu-autoscaling-group-i-08cbc0333d8d4aae1-1\xgboost\xgboost-ci-windows\src\learner.cc:740: 
Parameters: { "use_label_encoder" } are not used.

  warnings.warn(smsg, UserWarning)

2026-03-12 00:07:27,171:WARNING:C:\Users\savan\AppData\Roaming\Python\Python39\site-packages\xgboost\core.py:158: UserWarning: [00:07:27] WARNING: C:\buildkite-agent\builds\buildkite-windows-cpu-autoscaling-group-i-08cbc0333d8d4aae1-1\xgboost\xgboost-ci-windows\src\learner.cc:740: 
Parameters: { "use_label_encoder" } are not used.

  warnings.warn(smsg, UserWarning)

2026-03-12 00:07:27,403:WARNING:C:\Users\savan\AppData\Roaming\Python\Python39\site-packages\xgboost\core.py:158: UserWarning: [00:07:27] WARNING: C:\buildkite-agent\builds\buildkite-windows-cpu-autoscaling-group-i-08cbc0333d8d4aae1-1\xgboost\xgboost-ci-windows\src\learner.cc:740: 
Parameters: { "use_label_encoder" } are not used.

  warnings.warn(smsg, UserWarning)

2026-03-12 00:07:27,531:WARNING:C:\Users\savan\AppData\Roaming\Python\Python39\site-packages\xgboost\core.py:158: UserWarning: [00:07:27] WARNING: C:\buildkite-agent\builds\buildkite-windows-cpu-autoscaling-group-i-08cbc0333d8d4aae1-1\xgboost\xgboost-ci-windows\src\learner.cc:740: 
Parameters: { "use_label_encoder" } are not used.

  warnings.warn(smsg, UserWarning)

2026-03-12 00:09:44,788:WARNING:C:\Users\savan\AppData\Local\Temp\ipykernel_37380\912277280.py:7: ClusterWarning: scipy.cluster: The symmetric non-negative hollow observation matrix looks suspiciously like an uncondensed distance matrix
  Z = linkage(gower_sample, method='average')

2026-03-12 21:00:22,999:WARNING:
'cuml' is a soft dependency and not included in the pycaret installation. Please run: `pip install cuml` to install.
2026-03-12 21:00:23,000:WARNING:
'cuml' is a soft dependency and not included in the pycaret installation. Please run: `pip install cuml` to install.
2026-03-12 21:00:23,000:WARNING:
'cuml' is a soft dependency and not included in the pycaret installation. Please run: `pip install cuml` to install.
2026-03-12 21:00:23,000:WARNING:
'cuml' is a soft dependency and not included in the pycaret installation. Please run: `pip install cuml` to install.
2026-03-12 21:00:27,682:WARNING:c:\ProgramData\Anaconda3\lib\site-packages\pandas\io\sql.py:762: UserWarning: pandas only support SQLAlchemy connectable(engine/connection) ordatabase string URI or sqlite3 DBAPI2 connectionother DBAPI2 objects are not tested, please consider using SQLAlchemy
  warnings.warn(

2026-03-12 21:00:27,820:WARNING:c:\ProgramData\Anaconda3\lib\site-packages\pandas\io\sql.py:762: UserWarning: pandas only support SQLAlchemy connectable(engine/connection) ordatabase string URI or sqlite3 DBAPI2 connectionother DBAPI2 objects are not tested, please consider using SQLAlchemy
  warnings.warn(

2026-03-12 21:00:28,079:WARNING:c:\ProgramData\Anaconda3\lib\site-packages\pandas\io\sql.py:762: UserWarning: pandas only support SQLAlchemy connectable(engine/connection) ordatabase string URI or sqlite3 DBAPI2 connectionother DBAPI2 objects are not tested, please consider using SQLAlchemy
  warnings.warn(

2026-03-12 21:00:30,180:WARNING:c:\ProgramData\Anaconda3\lib\site-packages\pandas\io\sql.py:762: UserWarning: pandas only support SQLAlchemy connectable(engine/connection) ordatabase string URI or sqlite3 DBAPI2 connectionother DBAPI2 objects are not tested, please consider using SQLAlchemy
  warnings.warn(

2026-03-12 21:00:30,238:WARNING:c:\ProgramData\Anaconda3\lib\site-packages\pandas\io\sql.py:762: UserWarning: pandas only support SQLAlchemy connectable(engine/connection) ordatabase string URI or sqlite3 DBAPI2 connectionother DBAPI2 objects are not tested, please consider using SQLAlchemy
  warnings.warn(

2026-03-12 21:00:31,221:WARNING:C:\Users\savan\AppData\Local\Temp\ipykernel_26100\4086773308.py:1: FutureWarning: Treating datetime data as categorical rather than numeric in `.describe` is deprecated and will be removed in a future version of pandas. Specify `datetime_is_numeric=True` to silence this warning and adopt the future behavior now.
  loan_cashflow_df.describe()

2026-03-12 21:00:33,182:WARNING:c:\ProgramData\Anaconda3\lib\site-packages\pandas\io\sql.py:762: UserWarning: pandas only support SQLAlchemy connectable(engine/connection) ordatabase string URI or sqlite3 DBAPI2 connectionother DBAPI2 objects are not tested, please consider using SQLAlchemy
  warnings.warn(

2026-03-12 21:01:25,339:WARNING:C:\Users\savan\AppData\Roaming\Python\Python39\site-packages\xgboost\core.py:158: UserWarning: [21:01:25] WARNING: C:\buildkite-agent\builds\buildkite-windows-cpu-autoscaling-group-i-08cbc0333d8d4aae1-1\xgboost\xgboost-ci-windows\src\learner.cc:740: 
Parameters: { "use_label_encoder" } are not used.

  warnings.warn(smsg, UserWarning)

2026-03-12 21:01:26,316:WARNING:C:\Users\savan\AppData\Roaming\Python\Python39\site-packages\xgboost\core.py:158: UserWarning: [21:01:26] WARNING: C:\buildkite-agent\builds\buildkite-windows-cpu-autoscaling-group-i-08cbc0333d8d4aae1-1\xgboost\xgboost-ci-windows\src\learner.cc:740: 
Parameters: { "use_label_encoder" } are not used.

  warnings.warn(smsg, UserWarning)

2026-03-12 21:01:27,229:WARNING:C:\Users\savan\AppData\Roaming\Python\Python39\site-packages\xgboost\core.py:158: UserWarning: [21:01:27] WARNING: C:\buildkite-agent\builds\buildkite-windows-cpu-autoscaling-group-i-08cbc0333d8d4aae1-1\xgboost\xgboost-ci-windows\src\learner.cc:740: 
Parameters: { "use_label_encoder" } are not used.

  warnings.warn(smsg, UserWarning)

2026-03-12 21:01:31,531:WARNING:C:\Users\savan\AppData\Roaming\Python\Python39\site-packages\xgboost\core.py:158: UserWarning: [21:01:31] WARNING: C:\buildkite-agent\builds\buildkite-windows-cpu-autoscaling-group-i-08cbc0333d8d4aae1-1\xgboost\xgboost-ci-windows\src\learner.cc:740: 
Parameters: { "use_label_encoder" } are not used.

  warnings.warn(smsg, UserWarning)

2026-03-12 21:01:31,829:WARNING:C:\Users\savan\AppData\Roaming\Python\Python39\site-packages\xgboost\core.py:158: UserWarning: [21:01:31] WARNING: C:\buildkite-agent\builds\buildkite-windows-cpu-autoscaling-group-i-08cbc0333d8d4aae1-1\xgboost\xgboost-ci-windows\src\learner.cc:740: 
Parameters: { "use_label_encoder" } are not used.

  warnings.warn(smsg, UserWarning)

2026-03-12 21:01:31,987:WARNING:C:\Users\savan\AppData\Roaming\Python\Python39\site-packages\xgboost\core.py:158: UserWarning: [21:01:31] WARNING: C:\buildkite-agent\builds\buildkite-windows-cpu-autoscaling-group-i-08cbc0333d8d4aae1-1\xgboost\xgboost-ci-windows\src\learner.cc:740: 
Parameters: { "use_label_encoder" } are not used.

  warnings.warn(smsg, UserWarning)

2026-03-12 21:01:32,163:WARNING:C:\Users\savan\AppData\Roaming\Python\Python39\site-packages\xgboost\core.py:158: UserWarning: [21:01:32] WARNING: C:\buildkite-agent\builds\buildkite-windows-cpu-autoscaling-group-i-08cbc0333d8d4aae1-1\xgboost\xgboost-ci-windows\src\learner.cc:740: 
Parameters: { "use_label_encoder" } are not used.

  warnings.warn(smsg, UserWarning)

2026-03-12 21:01:32,397:WARNING:C:\Users\savan\AppData\Roaming\Python\Python39\site-packages\xgboost\core.py:158: UserWarning: [21:01:32] WARNING: C:\buildkite-agent\builds\buildkite-windows-cpu-autoscaling-group-i-08cbc0333d8d4aae1-1\xgboost\xgboost-ci-windows\src\learner.cc:740: 
Parameters: { "use_label_encoder" } are not used.

  warnings.warn(smsg, UserWarning)

2026-03-12 21:01:32,626:WARNING:C:\Users\savan\AppData\Roaming\Python\Python39\site-packages\xgboost\core.py:158: UserWarning: [21:01:32] WARNING: C:\buildkite-agent\builds\buildkite-windows-cpu-autoscaling-group-i-08cbc0333d8d4aae1-1\xgboost\xgboost-ci-windows\src\learner.cc:740: 
Parameters: { "use_label_encoder" } are not used.

  warnings.warn(smsg, UserWarning)

2026-03-12 21:04:43,304:WARNING:C:\Users\savan\AppData\Local\Temp\ipykernel_26100\912277280.py:7: ClusterWarning: scipy.cluster: The symmetric non-negative hollow observation matrix looks suspiciously like an uncondensed distance matrix
  Z = linkage(gower_sample, method='average')

2026-03-12 22:24:07,305:WARNING:
'cuml' is a soft dependency and not included in the pycaret installation. Please run: `pip install cuml` to install.
2026-03-12 22:24:07,305:WARNING:
'cuml' is a soft dependency and not included in the pycaret installation. Please run: `pip install cuml` to install.
2026-03-12 22:24:07,305:WARNING:
'cuml' is a soft dependency and not included in the pycaret installation. Please run: `pip install cuml` to install.
2026-03-12 22:24:07,305:WARNING:
'cuml' is a soft dependency and not included in the pycaret installation. Please run: `pip install cuml` to install.
2026-03-12 22:24:11,521:WARNING:c:\ProgramData\Anaconda3\lib\site-packages\pandas\io\sql.py:762: UserWarning: pandas only support SQLAlchemy connectable(engine/connection) ordatabase string URI or sqlite3 DBAPI2 connectionother DBAPI2 objects are not tested, please consider using SQLAlchemy
  warnings.warn(

2026-03-12 22:24:11,571:WARNING:c:\ProgramData\Anaconda3\lib\site-packages\pandas\io\sql.py:762: UserWarning: pandas only support SQLAlchemy connectable(engine/connection) ordatabase string URI or sqlite3 DBAPI2 connectionother DBAPI2 objects are not tested, please consider using SQLAlchemy
  warnings.warn(

2026-03-12 22:24:11,672:WARNING:c:\ProgramData\Anaconda3\lib\site-packages\pandas\io\sql.py:762: UserWarning: pandas only support SQLAlchemy connectable(engine/connection) ordatabase string URI or sqlite3 DBAPI2 connectionother DBAPI2 objects are not tested, please consider using SQLAlchemy
  warnings.warn(

2026-03-12 22:24:14,602:WARNING:c:\ProgramData\Anaconda3\lib\site-packages\pandas\io\sql.py:762: UserWarning: pandas only support SQLAlchemy connectable(engine/connection) ordatabase string URI or sqlite3 DBAPI2 connectionother DBAPI2 objects are not tested, please consider using SQLAlchemy
  warnings.warn(

2026-03-12 22:24:14,647:WARNING:c:\ProgramData\Anaconda3\lib\site-packages\pandas\io\sql.py:762: UserWarning: pandas only support SQLAlchemy connectable(engine/connection) ordatabase string URI or sqlite3 DBAPI2 connectionother DBAPI2 objects are not tested, please consider using SQLAlchemy
  warnings.warn(

2026-03-12 22:24:15,535:WARNING:C:\Users\savan\AppData\Local\Temp\ipykernel_33408\4086773308.py:1: FutureWarning: Treating datetime data as categorical rather than numeric in `.describe` is deprecated and will be removed in a future version of pandas. Specify `datetime_is_numeric=True` to silence this warning and adopt the future behavior now.
  loan_cashflow_df.describe()

2026-03-12 22:24:17,328:WARNING:c:\ProgramData\Anaconda3\lib\site-packages\pandas\io\sql.py:762: UserWarning: pandas only support SQLAlchemy connectable(engine/connection) ordatabase string URI or sqlite3 DBAPI2 connectionother DBAPI2 objects are not tested, please consider using SQLAlchemy
  warnings.warn(

2026-03-12 22:25:09,457:WARNING:C:\Users\savan\AppData\Roaming\Python\Python39\site-packages\xgboost\core.py:158: UserWarning: [22:25:09] WARNING: C:\buildkite-agent\builds\buildkite-windows-cpu-autoscaling-group-i-08cbc0333d8d4aae1-1\xgboost\xgboost-ci-windows\src\learner.cc:740: 
Parameters: { "use_label_encoder" } are not used.

  warnings.warn(smsg, UserWarning)

2026-03-12 22:25:10,403:WARNING:C:\Users\savan\AppData\Roaming\Python\Python39\site-packages\xgboost\core.py:158: UserWarning: [22:25:10] WARNING: C:\buildkite-agent\builds\buildkite-windows-cpu-autoscaling-group-i-08cbc0333d8d4aae1-1\xgboost\xgboost-ci-windows\src\learner.cc:740: 
Parameters: { "use_label_encoder" } are not used.

  warnings.warn(smsg, UserWarning)

2026-03-12 22:25:11,305:WARNING:C:\Users\savan\AppData\Roaming\Python\Python39\site-packages\xgboost\core.py:158: UserWarning: [22:25:11] WARNING: C:\buildkite-agent\builds\buildkite-windows-cpu-autoscaling-group-i-08cbc0333d8d4aae1-1\xgboost\xgboost-ci-windows\src\learner.cc:740: 
Parameters: { "use_label_encoder" } are not used.

  warnings.warn(smsg, UserWarning)

2026-03-12 22:25:15,228:WARNING:C:\Users\savan\AppData\Roaming\Python\Python39\site-packages\xgboost\core.py:158: UserWarning: [22:25:15] WARNING: C:\buildkite-agent\builds\buildkite-windows-cpu-autoscaling-group-i-08cbc0333d8d4aae1-1\xgboost\xgboost-ci-windows\src\learner.cc:740: 
Parameters: { "use_label_encoder" } are not used.

  warnings.warn(smsg, UserWarning)

2026-03-12 22:25:15,419:WARNING:C:\Users\savan\AppData\Roaming\Python\Python39\site-packages\xgboost\core.py:158: UserWarning: [22:25:15] WARNING: C:\buildkite-agent\builds\buildkite-windows-cpu-autoscaling-group-i-08cbc0333d8d4aae1-1\xgboost\xgboost-ci-windows\src\learner.cc:740: 
Parameters: { "use_label_encoder" } are not used.

  warnings.warn(smsg, UserWarning)

2026-03-12 22:25:15,593:WARNING:C:\Users\savan\AppData\Roaming\Python\Python39\site-packages\xgboost\core.py:158: UserWarning: [22:25:15] WARNING: C:\buildkite-agent\builds\buildkite-windows-cpu-autoscaling-group-i-08cbc0333d8d4aae1-1\xgboost\xgboost-ci-windows\src\learner.cc:740: 
Parameters: { "use_label_encoder" } are not used.

  warnings.warn(smsg, UserWarning)

2026-03-12 22:25:15,770:WARNING:C:\Users\savan\AppData\Roaming\Python\Python39\site-packages\xgboost\core.py:158: UserWarning: [22:25:15] WARNING: C:\buildkite-agent\builds\buildkite-windows-cpu-autoscaling-group-i-08cbc0333d8d4aae1-1\xgboost\xgboost-ci-windows\src\learner.cc:740: 
Parameters: { "use_label_encoder" } are not used.

  warnings.warn(smsg, UserWarning)

2026-03-12 22:25:15,928:WARNING:C:\Users\savan\AppData\Roaming\Python\Python39\site-packages\xgboost\core.py:158: UserWarning: [22:25:15] WARNING: C:\buildkite-agent\builds\buildkite-windows-cpu-autoscaling-group-i-08cbc0333d8d4aae1-1\xgboost\xgboost-ci-windows\src\learner.cc:740: 
Parameters: { "use_label_encoder" } are not used.

  warnings.warn(smsg, UserWarning)

2026-03-12 22:25:16,107:WARNING:C:\Users\savan\AppData\Roaming\Python\Python39\site-packages\xgboost\core.py:158: UserWarning: [22:25:16] WARNING: C:\buildkite-agent\builds\buildkite-windows-cpu-autoscaling-group-i-08cbc0333d8d4aae1-1\xgboost\xgboost-ci-windows\src\learner.cc:740: 
Parameters: { "use_label_encoder" } are not used.

  warnings.warn(smsg, UserWarning)

2026-03-12 22:31:08,149:WARNING:C:\Users\savan\AppData\Local\Temp\ipykernel_33408\912277280.py:7: ClusterWarning: scipy.cluster: The symmetric non-negative hollow observation matrix looks suspiciously like an uncondensed distance matrix
  Z = linkage(gower_sample, method='average')

2026-03-12 22:34:12,746:WARNING:
'cuml' is a soft dependency and not included in the pycaret installation. Please run: `pip install cuml` to install.
2026-03-12 22:34:12,746:WARNING:
'cuml' is a soft dependency and not included in the pycaret installation. Please run: `pip install cuml` to install.
2026-03-12 22:34:12,746:WARNING:
'cuml' is a soft dependency and not included in the pycaret installation. Please run: `pip install cuml` to install.
2026-03-12 22:34:12,746:WARNING:
'cuml' is a soft dependency and not included in the pycaret installation. Please run: `pip install cuml` to install.
2026-03-12 22:34:14,079:WARNING:c:\ProgramData\Anaconda3\lib\site-packages\pandas\io\sql.py:762: UserWarning: pandas only support SQLAlchemy connectable(engine/connection) ordatabase string URI or sqlite3 DBAPI2 connectionother DBAPI2 objects are not tested, please consider using SQLAlchemy
  warnings.warn(

2026-03-12 22:34:14,144:WARNING:c:\ProgramData\Anaconda3\lib\site-packages\pandas\io\sql.py:762: UserWarning: pandas only support SQLAlchemy connectable(engine/connection) ordatabase string URI or sqlite3 DBAPI2 connectionother DBAPI2 objects are not tested, please consider using SQLAlchemy
  warnings.warn(

2026-03-12 22:34:14,355:WARNING:c:\ProgramData\Anaconda3\lib\site-packages\pandas\io\sql.py:762: UserWarning: pandas only support SQLAlchemy connectable(engine/connection) ordatabase string URI or sqlite3 DBAPI2 connectionother DBAPI2 objects are not tested, please consider using SQLAlchemy
  warnings.warn(

2026-03-12 22:34:16,629:WARNING:c:\ProgramData\Anaconda3\lib\site-packages\pandas\io\sql.py:762: UserWarning: pandas only support SQLAlchemy connectable(engine/connection) ordatabase string URI or sqlite3 DBAPI2 connectionother DBAPI2 objects are not tested, please consider using SQLAlchemy
  warnings.warn(

2026-03-12 22:34:16,677:WARNING:c:\ProgramData\Anaconda3\lib\site-packages\pandas\io\sql.py:762: UserWarning: pandas only support SQLAlchemy connectable(engine/connection) ordatabase string URI or sqlite3 DBAPI2 connectionother DBAPI2 objects are not tested, please consider using SQLAlchemy
  warnings.warn(

2026-03-12 22:34:17,609:WARNING:C:\Users\savan\AppData\Local\Temp\ipykernel_33368\4086773308.py:1: FutureWarning: Treating datetime data as categorical rather than numeric in `.describe` is deprecated and will be removed in a future version of pandas. Specify `datetime_is_numeric=True` to silence this warning and adopt the future behavior now.
  loan_cashflow_df.describe()

2026-03-12 22:34:19,189:WARNING:c:\ProgramData\Anaconda3\lib\site-packages\pandas\io\sql.py:762: UserWarning: pandas only support SQLAlchemy connectable(engine/connection) ordatabase string URI or sqlite3 DBAPI2 connectionother DBAPI2 objects are not tested, please consider using SQLAlchemy
  warnings.warn(

2026-03-12 22:35:08,423:WARNING:C:\Users\savan\AppData\Roaming\Python\Python39\site-packages\xgboost\core.py:158: UserWarning: [22:35:08] WARNING: C:\buildkite-agent\builds\buildkite-windows-cpu-autoscaling-group-i-08cbc0333d8d4aae1-1\xgboost\xgboost-ci-windows\src\learner.cc:740: 
Parameters: { "use_label_encoder" } are not used.

  warnings.warn(smsg, UserWarning)

2026-03-12 22:35:09,298:WARNING:C:\Users\savan\AppData\Roaming\Python\Python39\site-packages\xgboost\core.py:158: UserWarning: [22:35:09] WARNING: C:\buildkite-agent\builds\buildkite-windows-cpu-autoscaling-group-i-08cbc0333d8d4aae1-1\xgboost\xgboost-ci-windows\src\learner.cc:740: 
Parameters: { "use_label_encoder" } are not used.

  warnings.warn(smsg, UserWarning)

2026-03-12 22:35:10,198:WARNING:C:\Users\savan\AppData\Roaming\Python\Python39\site-packages\xgboost\core.py:158: UserWarning: [22:35:10] WARNING: C:\buildkite-agent\builds\buildkite-windows-cpu-autoscaling-group-i-08cbc0333d8d4aae1-1\xgboost\xgboost-ci-windows\src\learner.cc:740: 
Parameters: { "use_label_encoder" } are not used.

  warnings.warn(smsg, UserWarning)

2026-03-12 22:35:13,963:WARNING:C:\Users\savan\AppData\Roaming\Python\Python39\site-packages\xgboost\core.py:158: UserWarning: [22:35:13] WARNING: C:\buildkite-agent\builds\buildkite-windows-cpu-autoscaling-group-i-08cbc0333d8d4aae1-1\xgboost\xgboost-ci-windows\src\learner.cc:740: 
Parameters: { "use_label_encoder" } are not used.

  warnings.warn(smsg, UserWarning)

2026-03-12 22:35:14,175:WARNING:C:\Users\savan\AppData\Roaming\Python\Python39\site-packages\xgboost\core.py:158: UserWarning: [22:35:14] WARNING: C:\buildkite-agent\builds\buildkite-windows-cpu-autoscaling-group-i-08cbc0333d8d4aae1-1\xgboost\xgboost-ci-windows\src\learner.cc:740: 
Parameters: { "use_label_encoder" } are not used.

  warnings.warn(smsg, UserWarning)

2026-03-12 22:35:14,337:WARNING:C:\Users\savan\AppData\Roaming\Python\Python39\site-packages\xgboost\core.py:158: UserWarning: [22:35:14] WARNING: C:\buildkite-agent\builds\buildkite-windows-cpu-autoscaling-group-i-08cbc0333d8d4aae1-1\xgboost\xgboost-ci-windows\src\learner.cc:740: 
Parameters: { "use_label_encoder" } are not used.

  warnings.warn(smsg, UserWarning)

2026-03-12 22:35:14,527:WARNING:C:\Users\savan\AppData\Roaming\Python\Python39\site-packages\xgboost\core.py:158: UserWarning: [22:35:14] WARNING: C:\buildkite-agent\builds\buildkite-windows-cpu-autoscaling-group-i-08cbc0333d8d4aae1-1\xgboost\xgboost-ci-windows\src\learner.cc:740: 
Parameters: { "use_label_encoder" } are not used.

  warnings.warn(smsg, UserWarning)

2026-03-12 22:35:14,677:WARNING:C:\Users\savan\AppData\Roaming\Python\Python39\site-packages\xgboost\core.py:158: UserWarning: [22:35:14] WARNING: C:\buildkite-agent\builds\buildkite-windows-cpu-autoscaling-group-i-08cbc0333d8d4aae1-1\xgboost\xgboost-ci-windows\src\learner.cc:740: 
Parameters: { "use_label_encoder" } are not used.

  warnings.warn(smsg, UserWarning)

2026-03-12 22:35:14,864:WARNING:C:\Users\savan\AppData\Roaming\Python\Python39\site-packages\xgboost\core.py:158: UserWarning: [22:35:14] WARNING: C:\buildkite-agent\builds\buildkite-windows-cpu-autoscaling-group-i-08cbc0333d8d4aae1-1\xgboost\xgboost-ci-windows\src\learner.cc:740: 
Parameters: { "use_label_encoder" } are not used.

  warnings.warn(smsg, UserWarning)

2026-03-12 22:38:28,389:WARNING:C:\Users\savan\AppData\Local\Temp\ipykernel_33368\912277280.py:7: ClusterWarning: scipy.cluster: The symmetric non-negative hollow observation matrix looks suspiciously like an uncondensed distance matrix
  Z = linkage(gower_sample, method='average')

2026-03-15 11:28:02,661:WARNING:
'cuml' is a soft dependency and not included in the pycaret installation. Please run: `pip install cuml` to install.
2026-03-15 11:28:02,662:WARNING:
'cuml' is a soft dependency and not included in the pycaret installation. Please run: `pip install cuml` to install.
2026-03-15 11:28:02,662:WARNING:
'cuml' is a soft dependency and not included in the pycaret installation. Please run: `pip install cuml` to install.
2026-03-15 11:28:02,662:WARNING:
'cuml' is a soft dependency and not included in the pycaret installation. Please run: `pip install cuml` to install.
2026-03-15 11:28:06,962:WARNING:C:\ProgramData\Anaconda3\lib\site-packages\pandas\io\sql.py:762: UserWarning: pandas only support SQLAlchemy connectable(engine/connection) ordatabase string URI or sqlite3 DBAPI2 connectionother DBAPI2 objects are not tested, please consider using SQLAlchemy
  warnings.warn(

2026-03-15 11:28:07,072:WARNING:C:\ProgramData\Anaconda3\lib\site-packages\pandas\io\sql.py:762: UserWarning: pandas only support SQLAlchemy connectable(engine/connection) ordatabase string URI or sqlite3 DBAPI2 connectionother DBAPI2 objects are not tested, please consider using SQLAlchemy
  warnings.warn(

2026-03-15 11:28:07,170:WARNING:C:\ProgramData\Anaconda3\lib\site-packages\pandas\io\sql.py:762: UserWarning: pandas only support SQLAlchemy connectable(engine/connection) ordatabase string URI or sqlite3 DBAPI2 connectionother DBAPI2 objects are not tested, please consider using SQLAlchemy
  warnings.warn(

2026-03-15 11:28:08,929:WARNING:C:\ProgramData\Anaconda3\lib\site-packages\pandas\io\sql.py:762: UserWarning: pandas only support SQLAlchemy connectable(engine/connection) ordatabase string URI or sqlite3 DBAPI2 connectionother DBAPI2 objects are not tested, please consider using SQLAlchemy
  warnings.warn(

2026-03-15 11:28:08,995:WARNING:C:\ProgramData\Anaconda3\lib\site-packages\pandas\io\sql.py:762: UserWarning: pandas only support SQLAlchemy connectable(engine/connection) ordatabase string URI or sqlite3 DBAPI2 connectionother DBAPI2 objects are not tested, please consider using SQLAlchemy
  warnings.warn(

2026-03-15 11:28:09,070:WARNING:C:\ProgramData\Anaconda3\lib\site-packages\pandas\io\sql.py:762: UserWarning: pandas only support SQLAlchemy connectable(engine/connection) ordatabase string URI or sqlite3 DBAPI2 connectionother DBAPI2 objects are not tested, please consider using SQLAlchemy
  warnings.warn(

2026-03-15 11:28:09,916:WARNING:C:\Users\savan\AppData\Roaming\Python\Python39\site-packages\xgboost\core.py:158: UserWarning: [11:28:09] WARNING: C:\buildkite-agent\builds\buildkite-windows-cpu-autoscaling-group-i-08cbc0333d8d4aae1-1\xgboost\xgboost-ci-windows\src\learner.cc:740: 
Parameters: { "use_label_encoder" } are not used.

  warnings.warn(smsg, UserWarning)

2026-03-15 11:35:03,929:WARNING:
'cuml' is a soft dependency and not included in the pycaret installation. Please run: `pip install cuml` to install.
2026-03-15 11:35:03,929:WARNING:
'cuml' is a soft dependency and not included in the pycaret installation. Please run: `pip install cuml` to install.
2026-03-15 11:35:03,929:WARNING:
'cuml' is a soft dependency and not included in the pycaret installation. Please run: `pip install cuml` to install.
2026-03-15 11:35:03,929:WARNING:
'cuml' is a soft dependency and not included in the pycaret installation. Please run: `pip install cuml` to install.
2026-03-15 11:35:06,873:WARNING:C:\ProgramData\Anaconda3\lib\site-packages\pandas\io\sql.py:762: UserWarning: pandas only support SQLAlchemy connectable(engine/connection) ordatabase string URI or sqlite3 DBAPI2 connectionother DBAPI2 objects are not tested, please consider using SQLAlchemy
  warnings.warn(

2026-03-15 11:35:07,057:WARNING:C:\ProgramData\Anaconda3\lib\site-packages\pandas\io\sql.py:762: UserWarning: pandas only support SQLAlchemy connectable(engine/connection) ordatabase string URI or sqlite3 DBAPI2 connectionother DBAPI2 objects are not tested, please consider using SQLAlchemy
  warnings.warn(

2026-03-15 11:35:07,185:WARNING:C:\ProgramData\Anaconda3\lib\site-packages\pandas\io\sql.py:762: UserWarning: pandas only support SQLAlchemy connectable(engine/connection) ordatabase string URI or sqlite3 DBAPI2 connectionother DBAPI2 objects are not tested, please consider using SQLAlchemy
  warnings.warn(

2026-03-15 11:35:09,401:WARNING:C:\ProgramData\Anaconda3\lib\site-packages\pandas\io\sql.py:762: UserWarning: pandas only support SQLAlchemy connectable(engine/connection) ordatabase string URI or sqlite3 DBAPI2 connectionother DBAPI2 objects are not tested, please consider using SQLAlchemy
  warnings.warn(

2026-03-15 11:35:09,471:WARNING:C:\ProgramData\Anaconda3\lib\site-packages\pandas\io\sql.py:762: UserWarning: pandas only support SQLAlchemy connectable(engine/connection) ordatabase string URI or sqlite3 DBAPI2 connectionother DBAPI2 objects are not tested, please consider using SQLAlchemy
  warnings.warn(

2026-03-15 11:35:09,601:WARNING:C:\ProgramData\Anaconda3\lib\site-packages\pandas\io\sql.py:762: UserWarning: pandas only support SQLAlchemy connectable(engine/connection) ordatabase string URI or sqlite3 DBAPI2 connectionother DBAPI2 objects are not tested, please consider using SQLAlchemy
  warnings.warn(

2026-03-15 11:35:10,297:WARNING:C:\Users\savan\AppData\Roaming\Python\Python39\site-packages\xgboost\core.py:158: UserWarning: [11:35:10] WARNING: C:\buildkite-agent\builds\buildkite-windows-cpu-autoscaling-group-i-08cbc0333d8d4aae1-1\xgboost\xgboost-ci-windows\src\learner.cc:740: 
Parameters: { "use_label_encoder" } are not used.

  warnings.warn(smsg, UserWarning)

2026-03-15 15:10:24,430:WARNING:
'cuml' is a soft dependency and not included in the pycaret installation. Please run: `pip install cuml` to install.
2026-03-15 15:10:24,432:WARNING:
'cuml' is a soft dependency and not included in the pycaret installation. Please run: `pip install cuml` to install.
2026-03-15 15:10:24,432:WARNING:
'cuml' is a soft dependency and not included in the pycaret installation. Please run: `pip install cuml` to install.
2026-03-15 15:10:24,432:WARNING:
'cuml' is a soft dependency and not included in the pycaret installation. Please run: `pip install cuml` to install.
2026-03-15 15:10:29,254:WARNING:c:\ProgramData\Anaconda3\lib\site-packages\pandas\io\sql.py:762: UserWarning: pandas only support SQLAlchemy connectable(engine/connection) ordatabase string URI or sqlite3 DBAPI2 connectionother DBAPI2 objects are not tested, please consider using SQLAlchemy
  warnings.warn(

2026-03-15 15:10:29,513:WARNING:c:\ProgramData\Anaconda3\lib\site-packages\pandas\io\sql.py:762: UserWarning: pandas only support SQLAlchemy connectable(engine/connection) ordatabase string URI or sqlite3 DBAPI2 connectionother DBAPI2 objects are not tested, please consider using SQLAlchemy
  warnings.warn(

2026-03-15 15:10:29,724:WARNING:c:\ProgramData\Anaconda3\lib\site-packages\pandas\io\sql.py:762: UserWarning: pandas only support SQLAlchemy connectable(engine/connection) ordatabase string URI or sqlite3 DBAPI2 connectionother DBAPI2 objects are not tested, please consider using SQLAlchemy
  warnings.warn(

2026-03-15 15:10:33,444:WARNING:c:\ProgramData\Anaconda3\lib\site-packages\pandas\io\sql.py:762: UserWarning: pandas only support SQLAlchemy connectable(engine/connection) ordatabase string URI or sqlite3 DBAPI2 connectionother DBAPI2 objects are not tested, please consider using SQLAlchemy
  warnings.warn(

2026-03-15 15:10:33,512:WARNING:c:\ProgramData\Anaconda3\lib\site-packages\pandas\io\sql.py:762: UserWarning: pandas only support SQLAlchemy connectable(engine/connection) ordatabase string URI or sqlite3 DBAPI2 connectionother DBAPI2 objects are not tested, please consider using SQLAlchemy
  warnings.warn(

2026-03-15 15:10:34,429:WARNING:C:\Users\savan\AppData\Local\Temp\ipykernel_41116\4086773308.py:1: FutureWarning: Treating datetime data as categorical rather than numeric in `.describe` is deprecated and will be removed in a future version of pandas. Specify `datetime_is_numeric=True` to silence this warning and adopt the future behavior now.
  loan_cashflow_df.describe()

2026-03-15 15:10:35,729:WARNING:c:\ProgramData\Anaconda3\lib\site-packages\pandas\io\sql.py:762: UserWarning: pandas only support SQLAlchemy connectable(engine/connection) ordatabase string URI or sqlite3 DBAPI2 connectionother DBAPI2 objects are not tested, please consider using SQLAlchemy
  warnings.warn(

2026-03-15 15:12:05,153:WARNING:c:\ProgramData\Anaconda3\lib\site-packages\pandas\io\sql.py:762: UserWarning: pandas only support SQLAlchemy connectable(engine/connection) ordatabase string URI or sqlite3 DBAPI2 connectionother DBAPI2 objects are not tested, please consider using SQLAlchemy
  warnings.warn(

2026-03-15 15:12:05,191:WARNING:c:\ProgramData\Anaconda3\lib\site-packages\pandas\io\sql.py:762: UserWarning: pandas only support SQLAlchemy connectable(engine/connection) ordatabase string URI or sqlite3 DBAPI2 connectionother DBAPI2 objects are not tested, please consider using SQLAlchemy
  warnings.warn(

2026-03-15 15:12:05,264:WARNING:c:\ProgramData\Anaconda3\lib\site-packages\pandas\io\sql.py:762: UserWarning: pandas only support SQLAlchemy connectable(engine/connection) ordatabase string URI or sqlite3 DBAPI2 connectionother DBAPI2 objects are not tested, please consider using SQLAlchemy
  warnings.warn(

2026-03-15 15:12:07,014:WARNING:c:\ProgramData\Anaconda3\lib\site-packages\pandas\io\sql.py:762: UserWarning: pandas only support SQLAlchemy connectable(engine/connection) ordatabase string URI or sqlite3 DBAPI2 connectionother DBAPI2 objects are not tested, please consider using SQLAlchemy
  warnings.warn(

2026-03-15 15:12:07,062:WARNING:c:\ProgramData\Anaconda3\lib\site-packages\pandas\io\sql.py:762: UserWarning: pandas only support SQLAlchemy connectable(engine/connection) ordatabase string URI or sqlite3 DBAPI2 connectionother DBAPI2 objects are not tested, please consider using SQLAlchemy
  warnings.warn(

2026-03-15 15:12:07,769:WARNING:C:\Users\savan\AppData\Local\Temp\ipykernel_41116\4086773308.py:1: FutureWarning: Treating datetime data as categorical rather than numeric in `.describe` is deprecated and will be removed in a future version of pandas. Specify `datetime_is_numeric=True` to silence this warning and adopt the future behavior now.
  loan_cashflow_df.describe()

2026-03-15 15:12:08,709:WARNING:c:\ProgramData\Anaconda3\lib\site-packages\pandas\io\sql.py:762: UserWarning: pandas only support SQLAlchemy connectable(engine/connection) ordatabase string URI or sqlite3 DBAPI2 connectionother DBAPI2 objects are not tested, please consider using SQLAlchemy
  warnings.warn(

2026-03-15 15:24:53,795:WARNING:
'cuml' is a soft dependency and not included in the pycaret installation. Please run: `pip install cuml` to install.
2026-03-15 15:24:53,795:WARNING:
'cuml' is a soft dependency and not included in the pycaret installation. Please run: `pip install cuml` to install.
2026-03-15 15:24:53,795:WARNING:
'cuml' is a soft dependency and not included in the pycaret installation. Please run: `pip install cuml` to install.
2026-03-15 15:24:53,795:WARNING:
'cuml' is a soft dependency and not included in the pycaret installation. Please run: `pip install cuml` to install.
2026-03-15 15:24:54,550:WARNING:c:\ProgramData\Anaconda3\lib\site-packages\pandas\io\sql.py:762: UserWarning: pandas only support SQLAlchemy connectable(engine/connection) ordatabase string URI or sqlite3 DBAPI2 connectionother DBAPI2 objects are not tested, please consider using SQLAlchemy
  warnings.warn(

2026-03-15 15:24:54,609:WARNING:c:\ProgramData\Anaconda3\lib\site-packages\pandas\io\sql.py:762: UserWarning: pandas only support SQLAlchemy connectable(engine/connection) ordatabase string URI or sqlite3 DBAPI2 connectionother DBAPI2 objects are not tested, please consider using SQLAlchemy
  warnings.warn(

2026-03-15 15:24:54,778:WARNING:c:\ProgramData\Anaconda3\lib\site-packages\pandas\io\sql.py:762: UserWarning: pandas only support SQLAlchemy connectable(engine/connection) ordatabase string URI or sqlite3 DBAPI2 connectionother DBAPI2 objects are not tested, please consider using SQLAlchemy
  warnings.warn(

2026-03-15 15:24:56,858:WARNING:c:\ProgramData\Anaconda3\lib\site-packages\pandas\io\sql.py:762: UserWarning: pandas only support SQLAlchemy connectable(engine/connection) ordatabase string URI or sqlite3 DBAPI2 connectionother DBAPI2 objects are not tested, please consider using SQLAlchemy
  warnings.warn(

2026-03-15 15:24:56,911:WARNING:c:\ProgramData\Anaconda3\lib\site-packages\pandas\io\sql.py:762: UserWarning: pandas only support SQLAlchemy connectable(engine/connection) ordatabase string URI or sqlite3 DBAPI2 connectionother DBAPI2 objects are not tested, please consider using SQLAlchemy
  warnings.warn(

2026-03-15 15:24:57,576:WARNING:C:\Users\savan\AppData\Local\Temp\ipykernel_25580\4086773308.py:1: FutureWarning: Treating datetime data as categorical rather than numeric in `.describe` is deprecated and will be removed in a future version of pandas. Specify `datetime_is_numeric=True` to silence this warning and adopt the future behavior now.
  loan_cashflow_df.describe()

2026-03-15 15:24:58,541:WARNING:c:\ProgramData\Anaconda3\lib\site-packages\pandas\io\sql.py:762: UserWarning: pandas only support SQLAlchemy connectable(engine/connection) ordatabase string URI or sqlite3 DBAPI2 connectionother DBAPI2 objects are not tested, please consider using SQLAlchemy
  warnings.warn(

2026-03-15 15:25:59,357:WARNING:C:\Users\savan\AppData\Roaming\Python\Python39\site-packages\xgboost\core.py:158: UserWarning: [15:25:59] WARNING: C:\buildkite-agent\builds\buildkite-windows-cpu-autoscaling-group-i-08cbc0333d8d4aae1-1\xgboost\xgboost-ci-windows\src\learner.cc:740: 
Parameters: { "use_label_encoder" } are not used.

  warnings.warn(smsg, UserWarning)

2026-03-15 15:26:01,003:WARNING:c:\ProgramData\Anaconda3\lib\site-packages\pandas\core\arraylike.py:397: RuntimeWarning: invalid value encountered in log1p
  result = getattr(ufunc, method)(*inputs, **kwargs)

2026-03-15 15:26:01,076:WARNING:C:\Users\savan\AppData\Roaming\Python\Python39\site-packages\xgboost\core.py:158: UserWarning: [15:26:01] WARNING: C:\buildkite-agent\builds\buildkite-windows-cpu-autoscaling-group-i-08cbc0333d8d4aae1-1\xgboost\xgboost-ci-windows\src\learner.cc:740: 
Parameters: { "use_label_encoder" } are not used.

  warnings.warn(smsg, UserWarning)

2026-03-15 15:26:02,971:WARNING:C:\Users\savan\AppData\Roaming\Python\Python39\site-packages\xgboost\core.py:158: UserWarning: [15:26:02] WARNING: C:\buildkite-agent\builds\buildkite-windows-cpu-autoscaling-group-i-08cbc0333d8d4aae1-1\xgboost\xgboost-ci-windows\src\learner.cc:740: 
Parameters: { "use_label_encoder" } are not used.

  warnings.warn(smsg, UserWarning)

2026-03-15 15:26:08,666:WARNING:C:\Users\savan\AppData\Roaming\Python\Python39\site-packages\xgboost\core.py:158: UserWarning: [15:26:08] WARNING: C:\buildkite-agent\builds\buildkite-windows-cpu-autoscaling-group-i-08cbc0333d8d4aae1-1\xgboost\xgboost-ci-windows\src\learner.cc:740: 
Parameters: { "use_label_encoder" } are not used.

  warnings.warn(smsg, UserWarning)

2026-03-15 15:26:09,040:WARNING:C:\Users\savan\AppData\Roaming\Python\Python39\site-packages\xgboost\core.py:158: UserWarning: [15:26:09] WARNING: C:\buildkite-agent\builds\buildkite-windows-cpu-autoscaling-group-i-08cbc0333d8d4aae1-1\xgboost\xgboost-ci-windows\src\learner.cc:740: 
Parameters: { "use_label_encoder" } are not used.

  warnings.warn(smsg, UserWarning)

2026-03-15 15:26:09,344:WARNING:C:\Users\savan\AppData\Roaming\Python\Python39\site-packages\xgboost\core.py:158: UserWarning: [15:26:09] WARNING: C:\buildkite-agent\builds\buildkite-windows-cpu-autoscaling-group-i-08cbc0333d8d4aae1-1\xgboost\xgboost-ci-windows\src\learner.cc:740: 
Parameters: { "use_label_encoder" } are not used.

  warnings.warn(smsg, UserWarning)

2026-03-15 15:26:09,716:WARNING:C:\Users\savan\AppData\Roaming\Python\Python39\site-packages\xgboost\core.py:158: UserWarning: [15:26:09] WARNING: C:\buildkite-agent\builds\buildkite-windows-cpu-autoscaling-group-i-08cbc0333d8d4aae1-1\xgboost\xgboost-ci-windows\src\learner.cc:740: 
Parameters: { "use_label_encoder" } are not used.

  warnings.warn(smsg, UserWarning)

2026-03-15 15:26:10,265:WARNING:C:\Users\savan\AppData\Roaming\Python\Python39\site-packages\xgboost\core.py:158: UserWarning: [15:26:10] WARNING: C:\buildkite-agent\builds\buildkite-windows-cpu-autoscaling-group-i-08cbc0333d8d4aae1-1\xgboost\xgboost-ci-windows\src\learner.cc:740: 
Parameters: { "use_label_encoder" } are not used.

  warnings.warn(smsg, UserWarning)

2026-03-15 15:26:10,641:WARNING:C:\Users\savan\AppData\Roaming\Python\Python39\site-packages\xgboost\core.py:158: UserWarning: [15:26:10] WARNING: C:\buildkite-agent\builds\buildkite-windows-cpu-autoscaling-group-i-08cbc0333d8d4aae1-1\xgboost\xgboost-ci-windows\src\learner.cc:740: 
Parameters: { "use_label_encoder" } are not used.

  warnings.warn(smsg, UserWarning)

2026-03-15 15:31:19,154:WARNING:C:\Users\savan\AppData\Local\Temp\ipykernel_25580\912277280.py:7: ClusterWarning: scipy.cluster: The symmetric non-negative hollow observation matrix looks suspiciously like an uncondensed distance matrix
  Z = linkage(gower_sample, method='average')

2026-03-15 15:33:45,512:WARNING:
'cuml' is a soft dependency and not included in the pycaret installation. Please run: `pip install cuml` to install.
2026-03-15 15:33:45,513:WARNING:
'cuml' is a soft dependency and not included in the pycaret installation. Please run: `pip install cuml` to install.
2026-03-15 15:33:45,513:WARNING:
'cuml' is a soft dependency and not included in the pycaret installation. Please run: `pip install cuml` to install.
2026-03-15 15:33:45,513:WARNING:
'cuml' is a soft dependency and not included in the pycaret installation. Please run: `pip install cuml` to install.
2026-03-15 15:33:46,730:WARNING:C:\ProgramData\Anaconda3\lib\site-packages\pandas\io\sql.py:762: UserWarning: pandas only support SQLAlchemy connectable(engine/connection) ordatabase string URI or sqlite3 DBAPI2 connectionother DBAPI2 objects are not tested, please consider using SQLAlchemy
  warnings.warn(

2026-03-15 15:33:46,853:WARNING:C:\ProgramData\Anaconda3\lib\site-packages\pandas\io\sql.py:762: UserWarning: pandas only support SQLAlchemy connectable(engine/connection) ordatabase string URI or sqlite3 DBAPI2 connectionother DBAPI2 objects are not tested, please consider using SQLAlchemy
  warnings.warn(

2026-03-15 15:33:46,954:WARNING:C:\ProgramData\Anaconda3\lib\site-packages\pandas\io\sql.py:762: UserWarning: pandas only support SQLAlchemy connectable(engine/connection) ordatabase string URI or sqlite3 DBAPI2 connectionother DBAPI2 objects are not tested, please consider using SQLAlchemy
  warnings.warn(

2026-03-15 15:33:48,787:WARNING:C:\ProgramData\Anaconda3\lib\site-packages\pandas\io\sql.py:762: UserWarning: pandas only support SQLAlchemy connectable(engine/connection) ordatabase string URI or sqlite3 DBAPI2 connectionother DBAPI2 objects are not tested, please consider using SQLAlchemy
  warnings.warn(

2026-03-15 15:33:48,837:WARNING:C:\ProgramData\Anaconda3\lib\site-packages\pandas\io\sql.py:762: UserWarning: pandas only support SQLAlchemy connectable(engine/connection) ordatabase string URI or sqlite3 DBAPI2 connectionother DBAPI2 objects are not tested, please consider using SQLAlchemy
  warnings.warn(

2026-03-15 15:33:48,904:WARNING:C:\ProgramData\Anaconda3\lib\site-packages\pandas\io\sql.py:762: UserWarning: pandas only support SQLAlchemy connectable(engine/connection) ordatabase string URI or sqlite3 DBAPI2 connectionother DBAPI2 objects are not tested, please consider using SQLAlchemy
  warnings.warn(

2026-03-15 19:42:33,955:WARNING:
'cuml' is a soft dependency and not included in the pycaret installation. Please run: `pip install cuml` to install.
2026-03-15 19:42:33,955:WARNING:
'cuml' is a soft dependency and not included in the pycaret installation. Please run: `pip install cuml` to install.
2026-03-15 19:42:33,955:WARNING:
'cuml' is a soft dependency and not included in the pycaret installation. Please run: `pip install cuml` to install.
2026-03-15 19:42:33,955:WARNING:
'cuml' is a soft dependency and not included in the pycaret installation. Please run: `pip install cuml` to install.
2026-03-15 19:42:39,032:WARNING:C:\Users\savan\Downloads\FYP\streamlit_pipeline.py:30: UserWarning: pandas only supports SQLAlchemy connectable (engine/connection) or database string URI or sqlite3 DBAPI2 connection. Other DBAPI2 objects are not tested. Please consider using SQLAlchemy.
  customer_df = pd.read_sql("SELECT * FROM CUSTOMER_DETAILS", conn)

2026-03-15 19:42:39,097:WARNING:C:\Users\savan\Downloads\FYP\streamlit_pipeline.py:31: UserWarning: pandas only supports SQLAlchemy connectable (engine/connection) or database string URI or sqlite3 DBAPI2 connection. Other DBAPI2 objects are not tested. Please consider using SQLAlchemy.
  account_df = pd.read_sql("SELECT * FROM ACCOUNT_DETAILS", conn)

2026-03-15 19:42:39,180:WARNING:C:\Users\savan\Downloads\FYP\streamlit_pipeline.py:32: UserWarning: pandas only supports SQLAlchemy connectable (engine/connection) or database string URI or sqlite3 DBAPI2 connection. Other DBAPI2 objects are not tested. Please consider using SQLAlchemy.
  transaction_df = pd.read_sql("SELECT * FROM TRANSACTION_DETAILS", conn)

2026-03-15 19:42:41,085:WARNING:C:\Users\savan\Downloads\FYP\streamlit_pipeline.py:33: UserWarning: pandas only supports SQLAlchemy connectable (engine/connection) or database string URI or sqlite3 DBAPI2 connection. Other DBAPI2 objects are not tested. Please consider using SQLAlchemy.
  loan_cashflow_df = pd.read_sql("SELECT * FROM LOAN_CASHFLOW", conn)

2026-03-15 19:42:41,161:WARNING:C:\Users\savan\Downloads\FYP\streamlit_pipeline.py:34: UserWarning: pandas only supports SQLAlchemy connectable (engine/connection) or database string URI or sqlite3 DBAPI2 connection. Other DBAPI2 objects are not tested. Please consider using SQLAlchemy.
  repayment_df = pd.read_sql("SELECT * FROM REPAYMENT", conn)

2026-03-15 19:42:41,243:WARNING:C:\Users\savan\Downloads\FYP\streamlit_pipeline.py:176: UserWarning: pandas only supports SQLAlchemy connectable (engine/connection) or database string URI or sqlite3 DBAPI2 connection. Other DBAPI2 objects are not tested. Please consider using SQLAlchemy.
  valid_employment_status = pd.read_sql(

2026-03-15 19:45:46,217:WARNING:
'cuml' is a soft dependency and not included in the pycaret installation. Please run: `pip install cuml` to install.
2026-03-15 19:45:46,217:WARNING:
'cuml' is a soft dependency and not included in the pycaret installation. Please run: `pip install cuml` to install.
2026-03-15 19:45:46,217:WARNING:
'cuml' is a soft dependency and not included in the pycaret installation. Please run: `pip install cuml` to install.
2026-03-15 19:45:46,217:WARNING:
'cuml' is a soft dependency and not included in the pycaret installation. Please run: `pip install cuml` to install.
2026-03-15 19:45:47,475:WARNING:C:\Users\savan\Downloads\FYP\streamlit_pipeline.py:30: UserWarning: pandas only supports SQLAlchemy connectable (engine/connection) or database string URI or sqlite3 DBAPI2 connection. Other DBAPI2 objects are not tested. Please consider using SQLAlchemy.
  customer_df = pd.read_sql("SELECT * FROM CUSTOMER_DETAILS", conn)

2026-03-15 19:45:47,576:WARNING:C:\Users\savan\Downloads\FYP\streamlit_pipeline.py:31: UserWarning: pandas only supports SQLAlchemy connectable (engine/connection) or database string URI or sqlite3 DBAPI2 connection. Other DBAPI2 objects are not tested. Please consider using SQLAlchemy.
  account_df = pd.read_sql("SELECT * FROM ACCOUNT_DETAILS", conn)

2026-03-15 19:45:47,721:WARNING:C:\Users\savan\Downloads\FYP\streamlit_pipeline.py:32: UserWarning: pandas only supports SQLAlchemy connectable (engine/connection) or database string URI or sqlite3 DBAPI2 connection. Other DBAPI2 objects are not tested. Please consider using SQLAlchemy.
  transaction_df = pd.read_sql("SELECT * FROM TRANSACTION_DETAILS", conn)

2026-03-15 19:45:49,831:WARNING:C:\Users\savan\Downloads\FYP\streamlit_pipeline.py:33: UserWarning: pandas only supports SQLAlchemy connectable (engine/connection) or database string URI or sqlite3 DBAPI2 connection. Other DBAPI2 objects are not tested. Please consider using SQLAlchemy.
  loan_cashflow_df = pd.read_sql("SELECT * FROM LOAN_CASHFLOW", conn)

2026-03-15 19:45:49,867:WARNING:C:\Users\savan\Downloads\FYP\streamlit_pipeline.py:34: UserWarning: pandas only supports SQLAlchemy connectable (engine/connection) or database string URI or sqlite3 DBAPI2 connection. Other DBAPI2 objects are not tested. Please consider using SQLAlchemy.
  repayment_df = pd.read_sql("SELECT * FROM REPAYMENT", conn)

2026-03-15 19:45:49,926:WARNING:C:\Users\savan\Downloads\FYP\streamlit_pipeline.py:176: UserWarning: pandas only supports SQLAlchemy connectable (engine/connection) or database string URI or sqlite3 DBAPI2 connection. Other DBAPI2 objects are not tested. Please consider using SQLAlchemy.
  valid_employment_status = pd.read_sql(

2026-03-15 19:46:48,829:WARNING:
'cuml' is a soft dependency and not included in the pycaret installation. Please run: `pip install cuml` to install.
2026-03-15 19:46:48,830:WARNING:
'cuml' is a soft dependency and not included in the pycaret installation. Please run: `pip install cuml` to install.
2026-03-15 19:46:48,830:WARNING:
'cuml' is a soft dependency and not included in the pycaret installation. Please run: `pip install cuml` to install.
2026-03-15 19:46:48,830:WARNING:
'cuml' is a soft dependency and not included in the pycaret installation. Please run: `pip install cuml` to install.
2026-03-15 19:46:50,173:WARNING:C:\Users\savan\Downloads\FYP\streamlit_pipeline.py:30: UserWarning: pandas only supports SQLAlchemy connectable (engine/connection) or database string URI or sqlite3 DBAPI2 connection. Other DBAPI2 objects are not tested. Please consider using SQLAlchemy.
  customer_df = pd.read_sql("SELECT * FROM CUSTOMER_DETAILS", conn)

2026-03-15 19:46:50,228:WARNING:C:\Users\savan\Downloads\FYP\streamlit_pipeline.py:31: UserWarning: pandas only supports SQLAlchemy connectable (engine/connection) or database string URI or sqlite3 DBAPI2 connection. Other DBAPI2 objects are not tested. Please consider using SQLAlchemy.
  account_df = pd.read_sql("SELECT * FROM ACCOUNT_DETAILS", conn)

2026-03-15 19:46:50,326:WARNING:C:\Users\savan\Downloads\FYP\streamlit_pipeline.py:32: UserWarning: pandas only supports SQLAlchemy connectable (engine/connection) or database string URI or sqlite3 DBAPI2 connection. Other DBAPI2 objects are not tested. Please consider using SQLAlchemy.
  transaction_df = pd.read_sql("SELECT * FROM TRANSACTION_DETAILS", conn)

2026-03-15 19:46:52,351:WARNING:C:\Users\savan\Downloads\FYP\streamlit_pipeline.py:33: UserWarning: pandas only supports SQLAlchemy connectable (engine/connection) or database string URI or sqlite3 DBAPI2 connection. Other DBAPI2 objects are not tested. Please consider using SQLAlchemy.
  loan_cashflow_df = pd.read_sql("SELECT * FROM LOAN_CASHFLOW", conn)

2026-03-15 19:46:52,409:WARNING:C:\Users\savan\Downloads\FYP\streamlit_pipeline.py:34: UserWarning: pandas only supports SQLAlchemy connectable (engine/connection) or database string URI or sqlite3 DBAPI2 connection. Other DBAPI2 objects are not tested. Please consider using SQLAlchemy.
  repayment_df = pd.read_sql("SELECT * FROM REPAYMENT", conn)

2026-03-15 19:46:52,499:WARNING:C:\Users\savan\Downloads\FYP\streamlit_pipeline.py:176: UserWarning: pandas only supports SQLAlchemy connectable (engine/connection) or database string URI or sqlite3 DBAPI2 connection. Other DBAPI2 objects are not tested. Please consider using SQLAlchemy.
  valid_employment_status = pd.read_sql(

2026-03-15 19:46:52,843:WARNING:C:\Users\savan\Downloads\FYP\streamlit_pipeline.py:731: DeprecationWarning: is_categorical_dtype is deprecated and will be removed in a future version. Use isinstance(dtype, pd.CategoricalDtype) instead
  if pd.api.types.is_categorical_dtype(model_data[col]):

2026-03-15 19:46:53,336:WARNING:C:\Users\savan\AppData\Local\Programs\Python\Python311\Lib\site-packages\xgboost\training.py:200: UserWarning: [19:46:53] WARNING: C:\actions-runner\_work\xgboost\xgboost\src\learner.cc:782: 
Parameters: { "use_label_encoder" } are not used.

  bst.update(dtrain, iteration=i, fobj=obj)

2026-03-15 19:58:05,744:WARNING:
'cuml' is a soft dependency and not included in the pycaret installation. Please run: `pip install cuml` to install.
2026-03-15 19:58:05,744:WARNING:
'cuml' is a soft dependency and not included in the pycaret installation. Please run: `pip install cuml` to install.
2026-03-15 19:58:05,745:WARNING:
'cuml' is a soft dependency and not included in the pycaret installation. Please run: `pip install cuml` to install.
2026-03-15 19:58:05,745:WARNING:
'cuml' is a soft dependency and not included in the pycaret installation. Please run: `pip install cuml` to install.
2026-03-15 19:58:11,303:WARNING:c:\ProgramData\Anaconda3\lib\site-packages\pandas\io\sql.py:762: UserWarning: pandas only support SQLAlchemy connectable(engine/connection) ordatabase string URI or sqlite3 DBAPI2 connectionother DBAPI2 objects are not tested, please consider using SQLAlchemy
  warnings.warn(

2026-03-15 19:58:11,401:WARNING:c:\ProgramData\Anaconda3\lib\site-packages\pandas\io\sql.py:762: UserWarning: pandas only support SQLAlchemy connectable(engine/connection) ordatabase string URI or sqlite3 DBAPI2 connectionother DBAPI2 objects are not tested, please consider using SQLAlchemy
  warnings.warn(

2026-03-15 19:58:11,646:WARNING:c:\ProgramData\Anaconda3\lib\site-packages\pandas\io\sql.py:762: UserWarning: pandas only support SQLAlchemy connectable(engine/connection) ordatabase string URI or sqlite3 DBAPI2 connectionother DBAPI2 objects are not tested, please consider using SQLAlchemy
  warnings.warn(

2026-03-15 19:58:17,352:WARNING:c:\ProgramData\Anaconda3\lib\site-packages\pandas\io\sql.py:762: UserWarning: pandas only support SQLAlchemy connectable(engine/connection) ordatabase string URI or sqlite3 DBAPI2 connectionother DBAPI2 objects are not tested, please consider using SQLAlchemy
  warnings.warn(

2026-03-15 19:58:17,420:WARNING:c:\ProgramData\Anaconda3\lib\site-packages\pandas\io\sql.py:762: UserWarning: pandas only support SQLAlchemy connectable(engine/connection) ordatabase string URI or sqlite3 DBAPI2 connectionother DBAPI2 objects are not tested, please consider using SQLAlchemy
  warnings.warn(

2026-03-15 19:58:19,675:WARNING:C:\Users\savan\AppData\Local\Temp\ipykernel_41580\4086773308.py:1: FutureWarning: Treating datetime data as categorical rather than numeric in `.describe` is deprecated and will be removed in a future version of pandas. Specify `datetime_is_numeric=True` to silence this warning and adopt the future behavior now.
  loan_cashflow_df.describe()

2026-03-15 19:58:23,428:WARNING:c:\ProgramData\Anaconda3\lib\site-packages\pandas\io\sql.py:762: UserWarning: pandas only support SQLAlchemy connectable(engine/connection) ordatabase string URI or sqlite3 DBAPI2 connectionother DBAPI2 objects are not tested, please consider using SQLAlchemy
  warnings.warn(

2026-03-15 19:59:43,167:WARNING:C:\Users\savan\AppData\Roaming\Python\Python39\site-packages\xgboost\core.py:158: UserWarning: [19:59:43] WARNING: C:\buildkite-agent\builds\buildkite-windows-cpu-autoscaling-group-i-08cbc0333d8d4aae1-1\xgboost\xgboost-ci-windows\src\learner.cc:740: 
Parameters: { "use_label_encoder" } are not used.

  warnings.warn(smsg, UserWarning)

2026-03-15 19:59:45,516:WARNING:c:\ProgramData\Anaconda3\lib\site-packages\pandas\core\arraylike.py:397: RuntimeWarning: invalid value encountered in log1p
  result = getattr(ufunc, method)(*inputs, **kwargs)

2026-03-15 19:59:45,667:WARNING:C:\Users\savan\AppData\Roaming\Python\Python39\site-packages\xgboost\core.py:158: UserWarning: [19:59:45] WARNING: C:\buildkite-agent\builds\buildkite-windows-cpu-autoscaling-group-i-08cbc0333d8d4aae1-1\xgboost\xgboost-ci-windows\src\learner.cc:740: 
Parameters: { "use_label_encoder" } are not used.

  warnings.warn(smsg, UserWarning)

2026-03-15 19:59:49,700:WARNING:C:\Users\savan\AppData\Roaming\Python\Python39\site-packages\xgboost\core.py:158: UserWarning: [19:59:49] WARNING: C:\buildkite-agent\builds\buildkite-windows-cpu-autoscaling-group-i-08cbc0333d8d4aae1-1\xgboost\xgboost-ci-windows\src\learner.cc:740: 
Parameters: { "use_label_encoder" } are not used.

  warnings.warn(smsg, UserWarning)

2026-03-15 19:59:53,731:WARNING:C:\Users\savan\AppData\Roaming\Python\Python39\site-packages\xgboost\core.py:158: UserWarning: [19:59:53] WARNING: C:\buildkite-agent\builds\buildkite-windows-cpu-autoscaling-group-i-08cbc0333d8d4aae1-1\xgboost\xgboost-ci-windows\src\learner.cc:740: 
Parameters: { "use_label_encoder" } are not used.

  warnings.warn(smsg, UserWarning)

2026-03-15 19:59:54,329:WARNING:C:\Users\savan\AppData\Roaming\Python\Python39\site-packages\xgboost\core.py:158: UserWarning: [19:59:54] WARNING: C:\buildkite-agent\builds\buildkite-windows-cpu-autoscaling-group-i-08cbc0333d8d4aae1-1\xgboost\xgboost-ci-windows\src\learner.cc:740: 
Parameters: { "use_label_encoder" } are not used.

  warnings.warn(smsg, UserWarning)

2026-03-15 19:59:54,976:WARNING:C:\Users\savan\AppData\Roaming\Python\Python39\site-packages\xgboost\core.py:158: UserWarning: [19:59:54] WARNING: C:\buildkite-agent\builds\buildkite-windows-cpu-autoscaling-group-i-08cbc0333d8d4aae1-1\xgboost\xgboost-ci-windows\src\learner.cc:740: 
Parameters: { "use_label_encoder" } are not used.

  warnings.warn(smsg, UserWarning)

2026-03-15 19:59:55,436:WARNING:C:\Users\savan\AppData\Roaming\Python\Python39\site-packages\xgboost\core.py:158: UserWarning: [19:59:55] WARNING: C:\buildkite-agent\builds\buildkite-windows-cpu-autoscaling-group-i-08cbc0333d8d4aae1-1\xgboost\xgboost-ci-windows\src\learner.cc:740: 
Parameters: { "use_label_encoder" } are not used.

  warnings.warn(smsg, UserWarning)

2026-03-15 19:59:55,776:WARNING:C:\Users\savan\AppData\Roaming\Python\Python39\site-packages\xgboost\core.py:158: UserWarning: [19:59:55] WARNING: C:\buildkite-agent\builds\buildkite-windows-cpu-autoscaling-group-i-08cbc0333d8d4aae1-1\xgboost\xgboost-ci-windows\src\learner.cc:740: 
Parameters: { "use_label_encoder" } are not used.

  warnings.warn(smsg, UserWarning)

2026-03-15 19:59:56,316:WARNING:C:\Users\savan\AppData\Roaming\Python\Python39\site-packages\xgboost\core.py:158: UserWarning: [19:59:56] WARNING: C:\buildkite-agent\builds\buildkite-windows-cpu-autoscaling-group-i-08cbc0333d8d4aae1-1\xgboost\xgboost-ci-windows\src\learner.cc:740: 
Parameters: { "use_label_encoder" } are not used.

  warnings.warn(smsg, UserWarning)

2026-03-15 20:03:37,266:WARNING:C:\Users\savan\AppData\Local\Temp\ipykernel_41580\912277280.py:7: ClusterWarning: scipy.cluster: The symmetric non-negative hollow observation matrix looks suspiciously like an uncondensed distance matrix
  Z = linkage(gower_sample, method='average')

2026-03-15 20:15:13,592:WARNING:
'cuml' is a soft dependency and not included in the pycaret installation. Please run: `pip install cuml` to install.
2026-03-15 20:15:13,593:WARNING:
'cuml' is a soft dependency and not included in the pycaret installation. Please run: `pip install cuml` to install.
2026-03-15 20:15:13,593:WARNING:
'cuml' is a soft dependency and not included in the pycaret installation. Please run: `pip install cuml` to install.
2026-03-15 20:15:13,593:WARNING:
'cuml' is a soft dependency and not included in the pycaret installation. Please run: `pip install cuml` to install.
2026-03-15 20:15:14,768:WARNING:c:\ProgramData\Anaconda3\lib\site-packages\pandas\io\sql.py:762: UserWarning: pandas only support SQLAlchemy connectable(engine/connection) ordatabase string URI or sqlite3 DBAPI2 connectionother DBAPI2 objects are not tested, please consider using SQLAlchemy
  warnings.warn(

2026-03-15 20:15:14,828:WARNING:c:\ProgramData\Anaconda3\lib\site-packages\pandas\io\sql.py:762: UserWarning: pandas only support SQLAlchemy connectable(engine/connection) ordatabase string URI or sqlite3 DBAPI2 connectionother DBAPI2 objects are not tested, please consider using SQLAlchemy
  warnings.warn(

2026-03-15 20:15:14,995:WARNING:c:\ProgramData\Anaconda3\lib\site-packages\pandas\io\sql.py:762: UserWarning: pandas only support SQLAlchemy connectable(engine/connection) ordatabase string URI or sqlite3 DBAPI2 connectionother DBAPI2 objects are not tested, please consider using SQLAlchemy
  warnings.warn(

2026-03-15 20:15:17,046:WARNING:c:\ProgramData\Anaconda3\lib\site-packages\pandas\io\sql.py:762: UserWarning: pandas only support SQLAlchemy connectable(engine/connection) ordatabase string URI or sqlite3 DBAPI2 connectionother DBAPI2 objects are not tested, please consider using SQLAlchemy
  warnings.warn(

2026-03-15 20:15:17,120:WARNING:c:\ProgramData\Anaconda3\lib\site-packages\pandas\io\sql.py:762: UserWarning: pandas only support SQLAlchemy connectable(engine/connection) ordatabase string URI or sqlite3 DBAPI2 connectionother DBAPI2 objects are not tested, please consider using SQLAlchemy
  warnings.warn(

2026-03-15 20:15:17,775:WARNING:C:\Users\savan\AppData\Local\Temp\ipykernel_42588\4086773308.py:1: FutureWarning: Treating datetime data as categorical rather than numeric in `.describe` is deprecated and will be removed in a future version of pandas. Specify `datetime_is_numeric=True` to silence this warning and adopt the future behavior now.
  loan_cashflow_df.describe()

2026-03-15 20:15:18,819:WARNING:c:\ProgramData\Anaconda3\lib\site-packages\pandas\io\sql.py:762: UserWarning: pandas only support SQLAlchemy connectable(engine/connection) ordatabase string URI or sqlite3 DBAPI2 connectionother DBAPI2 objects are not tested, please consider using SQLAlchemy
  warnings.warn(

2026-03-15 20:15:58,949:WARNING:C:\Users\savan\AppData\Roaming\Python\Python39\site-packages\xgboost\core.py:158: UserWarning: [20:15:58] WARNING: C:\buildkite-agent\builds\buildkite-windows-cpu-autoscaling-group-i-08cbc0333d8d4aae1-1\xgboost\xgboost-ci-windows\src\learner.cc:740: 
Parameters: { "use_label_encoder" } are not used.

  warnings.warn(smsg, UserWarning)

2026-03-15 20:15:59,413:WARNING:c:\ProgramData\Anaconda3\lib\site-packages\pandas\core\arraylike.py:397: RuntimeWarning: invalid value encountered in log1p
  result = getattr(ufunc, method)(*inputs, **kwargs)

2026-03-15 20:15:59,446:WARNING:C:\Users\savan\AppData\Roaming\Python\Python39\site-packages\xgboost\core.py:158: UserWarning: [20:15:59] WARNING: C:\buildkite-agent\builds\buildkite-windows-cpu-autoscaling-group-i-08cbc0333d8d4aae1-1\xgboost\xgboost-ci-windows\src\learner.cc:740: 
Parameters: { "use_label_encoder" } are not used.

  warnings.warn(smsg, UserWarning)

2026-03-15 20:15:59,973:WARNING:C:\Users\savan\AppData\Roaming\Python\Python39\site-packages\xgboost\core.py:158: UserWarning: [20:15:59] WARNING: C:\buildkite-agent\builds\buildkite-windows-cpu-autoscaling-group-i-08cbc0333d8d4aae1-1\xgboost\xgboost-ci-windows\src\learner.cc:740: 
Parameters: { "use_label_encoder" } are not used.

  warnings.warn(smsg, UserWarning)

2026-03-15 20:16:00,777:WARNING:C:\Users\savan\AppData\Roaming\Python\Python39\site-packages\xgboost\core.py:158: UserWarning: [20:16:00] WARNING: C:\buildkite-agent\builds\buildkite-windows-cpu-autoscaling-group-i-08cbc0333d8d4aae1-1\xgboost\xgboost-ci-windows\src\learner.cc:740: 
Parameters: { "use_label_encoder" } are not used.

  warnings.warn(smsg, UserWarning)

2026-03-15 20:16:00,865:WARNING:C:\Users\savan\AppData\Roaming\Python\Python39\site-packages\xgboost\core.py:158: UserWarning: [20:16:00] WARNING: C:\buildkite-agent\builds\buildkite-windows-cpu-autoscaling-group-i-08cbc0333d8d4aae1-1\xgboost\xgboost-ci-windows\src\learner.cc:740: 
Parameters: { "use_label_encoder" } are not used.

  warnings.warn(smsg, UserWarning)

2026-03-15 20:16:00,997:WARNING:C:\Users\savan\AppData\Roaming\Python\Python39\site-packages\xgboost\core.py:158: UserWarning: [20:16:00] WARNING: C:\buildkite-agent\builds\buildkite-windows-cpu-autoscaling-group-i-08cbc0333d8d4aae1-1\xgboost\xgboost-ci-windows\src\learner.cc:740: 
Parameters: { "use_label_encoder" } are not used.

  warnings.warn(smsg, UserWarning)

2026-03-15 20:16:01,119:WARNING:C:\Users\savan\AppData\Roaming\Python\Python39\site-packages\xgboost\core.py:158: UserWarning: [20:16:01] WARNING: C:\buildkite-agent\builds\buildkite-windows-cpu-autoscaling-group-i-08cbc0333d8d4aae1-1\xgboost\xgboost-ci-windows\src\learner.cc:740: 
Parameters: { "use_label_encoder" } are not used.

  warnings.warn(smsg, UserWarning)

2026-03-15 20:16:01,223:WARNING:C:\Users\savan\AppData\Roaming\Python\Python39\site-packages\xgboost\core.py:158: UserWarning: [20:16:01] WARNING: C:\buildkite-agent\builds\buildkite-windows-cpu-autoscaling-group-i-08cbc0333d8d4aae1-1\xgboost\xgboost-ci-windows\src\learner.cc:740: 
Parameters: { "use_label_encoder" } are not used.

  warnings.warn(smsg, UserWarning)

2026-03-15 20:16:01,318:WARNING:C:\Users\savan\AppData\Roaming\Python\Python39\site-packages\xgboost\core.py:158: UserWarning: [20:16:01] WARNING: C:\buildkite-agent\builds\buildkite-windows-cpu-autoscaling-group-i-08cbc0333d8d4aae1-1\xgboost\xgboost-ci-windows\src\learner.cc:740: 
Parameters: { "use_label_encoder" } are not used.

  warnings.warn(smsg, UserWarning)

2026-03-15 20:18:51,897:WARNING:C:\Users\savan\AppData\Local\Temp\ipykernel_42588\912277280.py:7: ClusterWarning: scipy.cluster: The symmetric non-negative hollow observation matrix looks suspiciously like an uncondensed distance matrix
  Z = linkage(gower_sample, method='average')

2026-03-15 20:20:32,945:WARNING:c:\ProgramData\Anaconda3\lib\site-packages\pandas\io\sql.py:762: UserWarning: pandas only support SQLAlchemy connectable(engine/connection) ordatabase string URI or sqlite3 DBAPI2 connectionother DBAPI2 objects are not tested, please consider using SQLAlchemy
  warnings.warn(

2026-03-15 20:20:32,989:WARNING:c:\ProgramData\Anaconda3\lib\site-packages\pandas\io\sql.py:762: UserWarning: pandas only support SQLAlchemy connectable(engine/connection) ordatabase string URI or sqlite3 DBAPI2 connectionother DBAPI2 objects are not tested, please consider using SQLAlchemy
  warnings.warn(

2026-03-15 20:20:33,091:WARNING:c:\ProgramData\Anaconda3\lib\site-packages\pandas\io\sql.py:762: UserWarning: pandas only support SQLAlchemy connectable(engine/connection) ordatabase string URI or sqlite3 DBAPI2 connectionother DBAPI2 objects are not tested, please consider using SQLAlchemy
  warnings.warn(

2026-03-15 20:20:34,705:WARNING:c:\ProgramData\Anaconda3\lib\site-packages\pandas\io\sql.py:762: UserWarning: pandas only support SQLAlchemy connectable(engine/connection) ordatabase string URI or sqlite3 DBAPI2 connectionother DBAPI2 objects are not tested, please consider using SQLAlchemy
  warnings.warn(

2026-03-15 20:20:34,757:WARNING:c:\ProgramData\Anaconda3\lib\site-packages\pandas\io\sql.py:762: UserWarning: pandas only support SQLAlchemy connectable(engine/connection) ordatabase string URI or sqlite3 DBAPI2 connectionother DBAPI2 objects are not tested, please consider using SQLAlchemy
  warnings.warn(

2026-03-15 20:20:35,417:WARNING:C:\Users\savan\AppData\Local\Temp\ipykernel_42588\4086773308.py:1: FutureWarning: Treating datetime data as categorical rather than numeric in `.describe` is deprecated and will be removed in a future version of pandas. Specify `datetime_is_numeric=True` to silence this warning and adopt the future behavior now.
  loan_cashflow_df.describe()

2026-03-15 20:20:36,305:WARNING:c:\ProgramData\Anaconda3\lib\site-packages\pandas\io\sql.py:762: UserWarning: pandas only support SQLAlchemy connectable(engine/connection) ordatabase string URI or sqlite3 DBAPI2 connectionother DBAPI2 objects are not tested, please consider using SQLAlchemy
  warnings.warn(

2026-03-15 20:21:15,211:WARNING:C:\Users\savan\AppData\Roaming\Python\Python39\site-packages\xgboost\core.py:158: UserWarning: [20:21:15] WARNING: C:\buildkite-agent\builds\buildkite-windows-cpu-autoscaling-group-i-08cbc0333d8d4aae1-1\xgboost\xgboost-ci-windows\src\learner.cc:740: 
Parameters: { "use_label_encoder" } are not used.

  warnings.warn(smsg, UserWarning)

2026-03-15 20:21:15,690:WARNING:c:\ProgramData\Anaconda3\lib\site-packages\pandas\core\arraylike.py:397: RuntimeWarning: invalid value encountered in log1p
  result = getattr(ufunc, method)(*inputs, **kwargs)

2026-03-15 20:21:15,718:WARNING:C:\Users\savan\AppData\Roaming\Python\Python39\site-packages\xgboost\core.py:158: UserWarning: [20:21:15] WARNING: C:\buildkite-agent\builds\buildkite-windows-cpu-autoscaling-group-i-08cbc0333d8d4aae1-1\xgboost\xgboost-ci-windows\src\learner.cc:740: 
Parameters: { "use_label_encoder" } are not used.

  warnings.warn(smsg, UserWarning)

2026-03-15 20:21:16,215:WARNING:C:\Users\savan\AppData\Roaming\Python\Python39\site-packages\xgboost\core.py:158: UserWarning: [20:21:16] WARNING: C:\buildkite-agent\builds\buildkite-windows-cpu-autoscaling-group-i-08cbc0333d8d4aae1-1\xgboost\xgboost-ci-windows\src\learner.cc:740: 
Parameters: { "use_label_encoder" } are not used.

  warnings.warn(smsg, UserWarning)

2026-03-15 20:21:16,941:WARNING:C:\Users\savan\AppData\Roaming\Python\Python39\site-packages\xgboost\core.py:158: UserWarning: [20:21:16] WARNING: C:\buildkite-agent\builds\buildkite-windows-cpu-autoscaling-group-i-08cbc0333d8d4aae1-1\xgboost\xgboost-ci-windows\src\learner.cc:740: 
Parameters: { "use_label_encoder" } are not used.

  warnings.warn(smsg, UserWarning)

2026-03-15 20:21:17,039:WARNING:C:\Users\savan\AppData\Roaming\Python\Python39\site-packages\xgboost\core.py:158: UserWarning: [20:21:17] WARNING: C:\buildkite-agent\builds\buildkite-windows-cpu-autoscaling-group-i-08cbc0333d8d4aae1-1\xgboost\xgboost-ci-windows\src\learner.cc:740: 
Parameters: { "use_label_encoder" } are not used.

  warnings.warn(smsg, UserWarning)

2026-03-15 20:21:17,149:WARNING:C:\Users\savan\AppData\Roaming\Python\Python39\site-packages\xgboost\core.py:158: UserWarning: [20:21:17] WARNING: C:\buildkite-agent\builds\buildkite-windows-cpu-autoscaling-group-i-08cbc0333d8d4aae1-1\xgboost\xgboost-ci-windows\src\learner.cc:740: 
Parameters: { "use_label_encoder" } are not used.

  warnings.warn(smsg, UserWarning)

2026-03-15 20:21:17,248:WARNING:C:\Users\savan\AppData\Roaming\Python\Python39\site-packages\xgboost\core.py:158: UserWarning: [20:21:17] WARNING: C:\buildkite-agent\builds\buildkite-windows-cpu-autoscaling-group-i-08cbc0333d8d4aae1-1\xgboost\xgboost-ci-windows\src\learner.cc:740: 
Parameters: { "use_label_encoder" } are not used.

  warnings.warn(smsg, UserWarning)

2026-03-15 20:21:17,341:WARNING:C:\Users\savan\AppData\Roaming\Python\Python39\site-packages\xgboost\core.py:158: UserWarning: [20:21:17] WARNING: C:\buildkite-agent\builds\buildkite-windows-cpu-autoscaling-group-i-08cbc0333d8d4aae1-1\xgboost\xgboost-ci-windows\src\learner.cc:740: 
Parameters: { "use_label_encoder" } are not used.

  warnings.warn(smsg, UserWarning)

2026-03-15 20:21:17,468:WARNING:C:\Users\savan\AppData\Roaming\Python\Python39\site-packages\xgboost\core.py:158: UserWarning: [20:21:17] WARNING: C:\buildkite-agent\builds\buildkite-windows-cpu-autoscaling-group-i-08cbc0333d8d4aae1-1\xgboost\xgboost-ci-windows\src\learner.cc:740: 
Parameters: { "use_label_encoder" } are not used.

  warnings.warn(smsg, UserWarning)

2026-03-15 20:23:32,864:WARNING:C:\Users\savan\AppData\Local\Temp\ipykernel_42588\912277280.py:7: ClusterWarning: scipy.cluster: The symmetric non-negative hollow observation matrix looks suspiciously like an uncondensed distance matrix
  Z = linkage(gower_sample, method='average')

2026-03-15 20:28:21,729:WARNING:
'cuml' is a soft dependency and not included in the pycaret installation. Please run: `pip install cuml` to install.
2026-03-15 20:28:21,729:WARNING:
'cuml' is a soft dependency and not included in the pycaret installation. Please run: `pip install cuml` to install.
2026-03-15 20:28:21,729:WARNING:
'cuml' is a soft dependency and not included in the pycaret installation. Please run: `pip install cuml` to install.
2026-03-15 20:28:21,729:WARNING:
'cuml' is a soft dependency and not included in the pycaret installation. Please run: `pip install cuml` to install.
2026-03-15 20:28:22,745:WARNING:c:\ProgramData\Anaconda3\lib\site-packages\pandas\io\sql.py:762: UserWarning: pandas only support SQLAlchemy connectable(engine/connection) ordatabase string URI or sqlite3 DBAPI2 connectionother DBAPI2 objects are not tested, please consider using SQLAlchemy
  warnings.warn(

2026-03-15 20:28:22,802:WARNING:c:\ProgramData\Anaconda3\lib\site-packages\pandas\io\sql.py:762: UserWarning: pandas only support SQLAlchemy connectable(engine/connection) ordatabase string URI or sqlite3 DBAPI2 connectionother DBAPI2 objects are not tested, please consider using SQLAlchemy
  warnings.warn(

2026-03-15 20:28:22,969:WARNING:c:\ProgramData\Anaconda3\lib\site-packages\pandas\io\sql.py:762: UserWarning: pandas only support SQLAlchemy connectable(engine/connection) ordatabase string URI or sqlite3 DBAPI2 connectionother DBAPI2 objects are not tested, please consider using SQLAlchemy
  warnings.warn(

2026-03-15 20:28:24,824:WARNING:c:\ProgramData\Anaconda3\lib\site-packages\pandas\io\sql.py:762: UserWarning: pandas only support SQLAlchemy connectable(engine/connection) ordatabase string URI or sqlite3 DBAPI2 connectionother DBAPI2 objects are not tested, please consider using SQLAlchemy
  warnings.warn(

2026-03-15 20:28:24,880:WARNING:c:\ProgramData\Anaconda3\lib\site-packages\pandas\io\sql.py:762: UserWarning: pandas only support SQLAlchemy connectable(engine/connection) ordatabase string URI or sqlite3 DBAPI2 connectionother DBAPI2 objects are not tested, please consider using SQLAlchemy
  warnings.warn(

2026-03-15 20:28:25,538:WARNING:C:\Users\savan\AppData\Local\Temp\ipykernel_31768\4086773308.py:1: FutureWarning: Treating datetime data as categorical rather than numeric in `.describe` is deprecated and will be removed in a future version of pandas. Specify `datetime_is_numeric=True` to silence this warning and adopt the future behavior now.
  loan_cashflow_df.describe()

2026-03-15 20:28:26,649:WARNING:c:\ProgramData\Anaconda3\lib\site-packages\pandas\io\sql.py:762: UserWarning: pandas only support SQLAlchemy connectable(engine/connection) ordatabase string URI or sqlite3 DBAPI2 connectionother DBAPI2 objects are not tested, please consider using SQLAlchemy
  warnings.warn(

2026-03-15 20:29:05,819:WARNING:C:\Users\savan\AppData\Roaming\Python\Python39\site-packages\xgboost\core.py:158: UserWarning: [20:29:05] WARNING: C:\buildkite-agent\builds\buildkite-windows-cpu-autoscaling-group-i-08cbc0333d8d4aae1-1\xgboost\xgboost-ci-windows\src\learner.cc:740: 
Parameters: { "use_label_encoder" } are not used.

  warnings.warn(smsg, UserWarning)

2026-03-15 20:29:06,341:WARNING:c:\ProgramData\Anaconda3\lib\site-packages\pandas\core\arraylike.py:397: RuntimeWarning: invalid value encountered in log1p
  result = getattr(ufunc, method)(*inputs, **kwargs)

2026-03-15 20:29:06,384:WARNING:C:\Users\savan\AppData\Roaming\Python\Python39\site-packages\xgboost\core.py:158: UserWarning: [20:29:06] WARNING: C:\buildkite-agent\builds\buildkite-windows-cpu-autoscaling-group-i-08cbc0333d8d4aae1-1\xgboost\xgboost-ci-windows\src\learner.cc:740: 
Parameters: { "use_label_encoder" } are not used.

  warnings.warn(smsg, UserWarning)

2026-03-15 20:29:07,214:WARNING:C:\Users\savan\AppData\Roaming\Python\Python39\site-packages\xgboost\core.py:158: UserWarning: [20:29:07] WARNING: C:\buildkite-agent\builds\buildkite-windows-cpu-autoscaling-group-i-08cbc0333d8d4aae1-1\xgboost\xgboost-ci-windows\src\learner.cc:740: 
Parameters: { "use_label_encoder" } are not used.

  warnings.warn(smsg, UserWarning)

2026-03-15 20:29:09,997:WARNING:C:\Users\savan\AppData\Roaming\Python\Python39\site-packages\xgboost\core.py:158: UserWarning: [20:29:09] WARNING: C:\buildkite-agent\builds\buildkite-windows-cpu-autoscaling-group-i-08cbc0333d8d4aae1-1\xgboost\xgboost-ci-windows\src\learner.cc:740: 
Parameters: { "use_label_encoder" } are not used.

  warnings.warn(smsg, UserWarning)

2026-03-15 20:29:10,124:WARNING:C:\Users\savan\AppData\Roaming\Python\Python39\site-packages\xgboost\core.py:158: UserWarning: [20:29:10] WARNING: C:\buildkite-agent\builds\buildkite-windows-cpu-autoscaling-group-i-08cbc0333d8d4aae1-1\xgboost\xgboost-ci-windows\src\learner.cc:740: 
Parameters: { "use_label_encoder" } are not used.

  warnings.warn(smsg, UserWarning)

2026-03-15 20:29:10,242:WARNING:C:\Users\savan\AppData\Roaming\Python\Python39\site-packages\xgboost\core.py:158: UserWarning: [20:29:10] WARNING: C:\buildkite-agent\builds\buildkite-windows-cpu-autoscaling-group-i-08cbc0333d8d4aae1-1\xgboost\xgboost-ci-windows\src\learner.cc:740: 
Parameters: { "use_label_encoder" } are not used.

  warnings.warn(smsg, UserWarning)

2026-03-15 20:29:10,362:WARNING:C:\Users\savan\AppData\Roaming\Python\Python39\site-packages\xgboost\core.py:158: UserWarning: [20:29:10] WARNING: C:\buildkite-agent\builds\buildkite-windows-cpu-autoscaling-group-i-08cbc0333d8d4aae1-1\xgboost\xgboost-ci-windows\src\learner.cc:740: 
Parameters: { "use_label_encoder" } are not used.

  warnings.warn(smsg, UserWarning)

2026-03-15 20:29:10,496:WARNING:C:\Users\savan\AppData\Roaming\Python\Python39\site-packages\xgboost\core.py:158: UserWarning: [20:29:10] WARNING: C:\buildkite-agent\builds\buildkite-windows-cpu-autoscaling-group-i-08cbc0333d8d4aae1-1\xgboost\xgboost-ci-windows\src\learner.cc:740: 
Parameters: { "use_label_encoder" } are not used.

  warnings.warn(smsg, UserWarning)

2026-03-15 20:29:10,658:WARNING:C:\Users\savan\AppData\Roaming\Python\Python39\site-packages\xgboost\core.py:158: UserWarning: [20:29:10] WARNING: C:\buildkite-agent\builds\buildkite-windows-cpu-autoscaling-group-i-08cbc0333d8d4aae1-1\xgboost\xgboost-ci-windows\src\learner.cc:740: 
Parameters: { "use_label_encoder" } are not used.

  warnings.warn(smsg, UserWarning)

2026-03-15 20:31:24,527:WARNING:C:\Users\savan\AppData\Local\Temp\ipykernel_31768\912277280.py:7: ClusterWarning: scipy.cluster: The symmetric non-negative hollow observation matrix looks suspiciously like an uncondensed distance matrix
  Z = linkage(gower_sample, method='average')

2026-03-15 20:44:55,359:WARNING:
'cuml' is a soft dependency and not included in the pycaret installation. Please run: `pip install cuml` to install.
2026-03-15 20:44:55,359:WARNING:
'cuml' is a soft dependency and not included in the pycaret installation. Please run: `pip install cuml` to install.
2026-03-15 20:44:55,359:WARNING:
'cuml' is a soft dependency and not included in the pycaret installation. Please run: `pip install cuml` to install.
2026-03-15 20:44:55,359:WARNING:
'cuml' is a soft dependency and not included in the pycaret installation. Please run: `pip install cuml` to install.
2026-03-15 20:44:56,397:WARNING:c:\ProgramData\Anaconda3\lib\site-packages\pandas\io\sql.py:762: UserWarning: pandas only support SQLAlchemy connectable(engine/connection) ordatabase string URI or sqlite3 DBAPI2 connectionother DBAPI2 objects are not tested, please consider using SQLAlchemy
  warnings.warn(

2026-03-15 20:44:56,463:WARNING:c:\ProgramData\Anaconda3\lib\site-packages\pandas\io\sql.py:762: UserWarning: pandas only support SQLAlchemy connectable(engine/connection) ordatabase string URI or sqlite3 DBAPI2 connectionother DBAPI2 objects are not tested, please consider using SQLAlchemy
  warnings.warn(

2026-03-15 20:44:56,681:WARNING:c:\ProgramData\Anaconda3\lib\site-packages\pandas\io\sql.py:762: UserWarning: pandas only support SQLAlchemy connectable(engine/connection) ordatabase string URI or sqlite3 DBAPI2 connectionother DBAPI2 objects are not tested, please consider using SQLAlchemy
  warnings.warn(

2026-03-15 20:44:58,317:WARNING:c:\ProgramData\Anaconda3\lib\site-packages\pandas\io\sql.py:762: UserWarning: pandas only support SQLAlchemy connectable(engine/connection) ordatabase string URI or sqlite3 DBAPI2 connectionother DBAPI2 objects are not tested, please consider using SQLAlchemy
  warnings.warn(

2026-03-15 20:44:58,361:WARNING:c:\ProgramData\Anaconda3\lib\site-packages\pandas\io\sql.py:762: UserWarning: pandas only support SQLAlchemy connectable(engine/connection) ordatabase string URI or sqlite3 DBAPI2 connectionother DBAPI2 objects are not tested, please consider using SQLAlchemy
  warnings.warn(

2026-03-15 20:45:00,249:WARNING:C:\Users\savan\AppData\Local\Temp\ipykernel_41936\4086773308.py:1: FutureWarning: Treating datetime data as categorical rather than numeric in `.describe` is deprecated and will be removed in a future version of pandas. Specify `datetime_is_numeric=True` to silence this warning and adopt the future behavior now.
  loan_cashflow_df.describe()

2026-03-15 20:45:03,200:WARNING:c:\ProgramData\Anaconda3\lib\site-packages\pandas\io\sql.py:762: UserWarning: pandas only support SQLAlchemy connectable(engine/connection) ordatabase string URI or sqlite3 DBAPI2 connectionother DBAPI2 objects are not tested, please consider using SQLAlchemy
  warnings.warn(

2026-03-15 20:49:58,113:WARNING:c:\ProgramData\Anaconda3\lib\site-packages\pandas\io\sql.py:762: UserWarning: pandas only support SQLAlchemy connectable(engine/connection) ordatabase string URI or sqlite3 DBAPI2 connectionother DBAPI2 objects are not tested, please consider using SQLAlchemy
  warnings.warn(

2026-03-15 20:49:58,168:WARNING:c:\ProgramData\Anaconda3\lib\site-packages\pandas\io\sql.py:762: UserWarning: pandas only support SQLAlchemy connectable(engine/connection) ordatabase string URI or sqlite3 DBAPI2 connectionother DBAPI2 objects are not tested, please consider using SQLAlchemy
  warnings.warn(

2026-03-15 20:49:58,333:WARNING:c:\ProgramData\Anaconda3\lib\site-packages\pandas\io\sql.py:762: UserWarning: pandas only support SQLAlchemy connectable(engine/connection) ordatabase string URI or sqlite3 DBAPI2 connectionother DBAPI2 objects are not tested, please consider using SQLAlchemy
  warnings.warn(

2026-03-15 20:50:00,078:WARNING:c:\ProgramData\Anaconda3\lib\site-packages\pandas\io\sql.py:762: UserWarning: pandas only support SQLAlchemy connectable(engine/connection) ordatabase string URI or sqlite3 DBAPI2 connectionother DBAPI2 objects are not tested, please consider using SQLAlchemy
  warnings.warn(

2026-03-15 20:50:00,143:WARNING:c:\ProgramData\Anaconda3\lib\site-packages\pandas\io\sql.py:762: UserWarning: pandas only support SQLAlchemy connectable(engine/connection) ordatabase string URI or sqlite3 DBAPI2 connectionother DBAPI2 objects are not tested, please consider using SQLAlchemy
  warnings.warn(

2026-03-15 20:50:00,736:WARNING:C:\Users\savan\AppData\Local\Temp\ipykernel_41936\4086773308.py:1: FutureWarning: Treating datetime data as categorical rather than numeric in `.describe` is deprecated and will be removed in a future version of pandas. Specify `datetime_is_numeric=True` to silence this warning and adopt the future behavior now.
  loan_cashflow_df.describe()

2026-03-15 20:50:01,660:WARNING:c:\ProgramData\Anaconda3\lib\site-packages\pandas\io\sql.py:762: UserWarning: pandas only support SQLAlchemy connectable(engine/connection) ordatabase string URI or sqlite3 DBAPI2 connectionother DBAPI2 objects are not tested, please consider using SQLAlchemy
  warnings.warn(

2026-03-15 20:51:41,872:WARNING:c:\ProgramData\Anaconda3\lib\site-packages\pandas\io\sql.py:762: UserWarning: pandas only support SQLAlchemy connectable(engine/connection) ordatabase string URI or sqlite3 DBAPI2 connectionother DBAPI2 objects are not tested, please consider using SQLAlchemy
  warnings.warn(

2026-03-15 20:51:41,911:WARNING:c:\ProgramData\Anaconda3\lib\site-packages\pandas\io\sql.py:762: UserWarning: pandas only support SQLAlchemy connectable(engine/connection) ordatabase string URI or sqlite3 DBAPI2 connectionother DBAPI2 objects are not tested, please consider using SQLAlchemy
  warnings.warn(

2026-03-15 20:51:41,984:WARNING:c:\ProgramData\Anaconda3\lib\site-packages\pandas\io\sql.py:762: UserWarning: pandas only support SQLAlchemy connectable(engine/connection) ordatabase string URI or sqlite3 DBAPI2 connectionother DBAPI2 objects are not tested, please consider using SQLAlchemy
  warnings.warn(

2026-03-15 20:51:43,656:WARNING:c:\ProgramData\Anaconda3\lib\site-packages\pandas\io\sql.py:762: UserWarning: pandas only support SQLAlchemy connectable(engine/connection) ordatabase string URI or sqlite3 DBAPI2 connectionother DBAPI2 objects are not tested, please consider using SQLAlchemy
  warnings.warn(

2026-03-15 20:51:43,685:WARNING:c:\ProgramData\Anaconda3\lib\site-packages\pandas\io\sql.py:762: UserWarning: pandas only support SQLAlchemy connectable(engine/connection) ordatabase string URI or sqlite3 DBAPI2 connectionother DBAPI2 objects are not tested, please consider using SQLAlchemy
  warnings.warn(

2026-03-15 20:51:44,356:WARNING:C:\Users\savan\AppData\Local\Temp\ipykernel_41936\4086773308.py:1: FutureWarning: Treating datetime data as categorical rather than numeric in `.describe` is deprecated and will be removed in a future version of pandas. Specify `datetime_is_numeric=True` to silence this warning and adopt the future behavior now.
  loan_cashflow_df.describe()

2026-03-15 20:51:45,334:WARNING:c:\ProgramData\Anaconda3\lib\site-packages\pandas\io\sql.py:762: UserWarning: pandas only support SQLAlchemy connectable(engine/connection) ordatabase string URI or sqlite3 DBAPI2 connectionother DBAPI2 objects are not tested, please consider using SQLAlchemy
  warnings.warn(

2026-03-15 21:09:36,514:WARNING:
'cuml' is a soft dependency and not included in the pycaret installation. Please run: `pip install cuml` to install.
2026-03-15 21:09:36,514:WARNING:
'cuml' is a soft dependency and not included in the pycaret installation. Please run: `pip install cuml` to install.
2026-03-15 21:09:36,514:WARNING:
'cuml' is a soft dependency and not included in the pycaret installation. Please run: `pip install cuml` to install.
2026-03-15 21:09:36,514:WARNING:
'cuml' is a soft dependency and not included in the pycaret installation. Please run: `pip install cuml` to install.
2026-03-15 21:09:37,245:WARNING:c:\ProgramData\Anaconda3\lib\site-packages\pandas\io\sql.py:762: UserWarning: pandas only support SQLAlchemy connectable(engine/connection) ordatabase string URI or sqlite3 DBAPI2 connectionother DBAPI2 objects are not tested, please consider using SQLAlchemy
  warnings.warn(

2026-03-15 21:09:37,310:WARNING:c:\ProgramData\Anaconda3\lib\site-packages\pandas\io\sql.py:762: UserWarning: pandas only support SQLAlchemy connectable(engine/connection) ordatabase string URI or sqlite3 DBAPI2 connectionother DBAPI2 objects are not tested, please consider using SQLAlchemy
  warnings.warn(

2026-03-15 21:09:37,469:WARNING:c:\ProgramData\Anaconda3\lib\site-packages\pandas\io\sql.py:762: UserWarning: pandas only support SQLAlchemy connectable(engine/connection) ordatabase string URI or sqlite3 DBAPI2 connectionother DBAPI2 objects are not tested, please consider using SQLAlchemy
  warnings.warn(

2026-03-15 21:09:40,041:WARNING:c:\ProgramData\Anaconda3\lib\site-packages\pandas\io\sql.py:762: UserWarning: pandas only support SQLAlchemy connectable(engine/connection) ordatabase string URI or sqlite3 DBAPI2 connectionother DBAPI2 objects are not tested, please consider using SQLAlchemy
  warnings.warn(

2026-03-15 21:09:40,076:WARNING:c:\ProgramData\Anaconda3\lib\site-packages\pandas\io\sql.py:762: UserWarning: pandas only support SQLAlchemy connectable(engine/connection) ordatabase string URI or sqlite3 DBAPI2 connectionother DBAPI2 objects are not tested, please consider using SQLAlchemy
  warnings.warn(

2026-03-15 21:09:40,741:WARNING:C:\Users\savan\AppData\Local\Temp\ipykernel_44348\4086773308.py:1: FutureWarning: Treating datetime data as categorical rather than numeric in `.describe` is deprecated and will be removed in a future version of pandas. Specify `datetime_is_numeric=True` to silence this warning and adopt the future behavior now.
  loan_cashflow_df.describe()

2026-03-15 21:09:41,901:WARNING:c:\ProgramData\Anaconda3\lib\site-packages\pandas\io\sql.py:762: UserWarning: pandas only support SQLAlchemy connectable(engine/connection) ordatabase string URI or sqlite3 DBAPI2 connectionother DBAPI2 objects are not tested, please consider using SQLAlchemy
  warnings.warn(

2026-03-15 21:20:03,639:WARNING:
'cuml' is a soft dependency and not included in the pycaret installation. Please run: `pip install cuml` to install.
2026-03-15 21:20:03,639:WARNING:
'cuml' is a soft dependency and not included in the pycaret installation. Please run: `pip install cuml` to install.
2026-03-15 21:20:03,639:WARNING:
'cuml' is a soft dependency and not included in the pycaret installation. Please run: `pip install cuml` to install.
2026-03-15 21:20:03,639:WARNING:
'cuml' is a soft dependency and not included in the pycaret installation. Please run: `pip install cuml` to install.
2026-03-15 21:20:04,335:WARNING:c:\ProgramData\Anaconda3\lib\site-packages\pandas\io\sql.py:762: UserWarning: pandas only support SQLAlchemy connectable(engine/connection) ordatabase string URI or sqlite3 DBAPI2 connectionother DBAPI2 objects are not tested, please consider using SQLAlchemy
  warnings.warn(

2026-03-15 21:20:04,387:WARNING:c:\ProgramData\Anaconda3\lib\site-packages\pandas\io\sql.py:762: UserWarning: pandas only support SQLAlchemy connectable(engine/connection) ordatabase string URI or sqlite3 DBAPI2 connectionother DBAPI2 objects are not tested, please consider using SQLAlchemy
  warnings.warn(

2026-03-15 21:20:04,552:WARNING:c:\ProgramData\Anaconda3\lib\site-packages\pandas\io\sql.py:762: UserWarning: pandas only support SQLAlchemy connectable(engine/connection) ordatabase string URI or sqlite3 DBAPI2 connectionother DBAPI2 objects are not tested, please consider using SQLAlchemy
  warnings.warn(

2026-03-15 21:20:08,922:WARNING:c:\ProgramData\Anaconda3\lib\site-packages\pandas\io\sql.py:762: UserWarning: pandas only support SQLAlchemy connectable(engine/connection) ordatabase string URI or sqlite3 DBAPI2 connectionother DBAPI2 objects are not tested, please consider using SQLAlchemy
  warnings.warn(

2026-03-15 21:20:09,000:WARNING:c:\ProgramData\Anaconda3\lib\site-packages\pandas\io\sql.py:762: UserWarning: pandas only support SQLAlchemy connectable(engine/connection) ordatabase string URI or sqlite3 DBAPI2 connectionother DBAPI2 objects are not tested, please consider using SQLAlchemy
  warnings.warn(

2026-03-15 21:20:11,186:WARNING:C:\Users\savan\AppData\Local\Temp\ipykernel_43080\4086773308.py:1: FutureWarning: Treating datetime data as categorical rather than numeric in `.describe` is deprecated and will be removed in a future version of pandas. Specify `datetime_is_numeric=True` to silence this warning and adopt the future behavior now.
  loan_cashflow_df.describe()

2026-03-15 21:20:13,945:WARNING:c:\ProgramData\Anaconda3\lib\site-packages\pandas\io\sql.py:762: UserWarning: pandas only support SQLAlchemy connectable(engine/connection) ordatabase string URI or sqlite3 DBAPI2 connectionother DBAPI2 objects are not tested, please consider using SQLAlchemy
  warnings.warn(

2026-03-15 21:22:39,441:WARNING:
'cuml' is a soft dependency and not included in the pycaret installation. Please run: `pip install cuml` to install.
2026-03-15 21:22:39,441:WARNING:
'cuml' is a soft dependency and not included in the pycaret installation. Please run: `pip install cuml` to install.
2026-03-15 21:22:39,442:WARNING:
'cuml' is a soft dependency and not included in the pycaret installation. Please run: `pip install cuml` to install.
2026-03-15 21:22:39,442:WARNING:
'cuml' is a soft dependency and not included in the pycaret installation. Please run: `pip install cuml` to install.
2026-03-15 21:22:40,209:WARNING:c:\ProgramData\Anaconda3\lib\site-packages\pandas\io\sql.py:762: UserWarning: pandas only support SQLAlchemy connectable(engine/connection) ordatabase string URI or sqlite3 DBAPI2 connectionother DBAPI2 objects are not tested, please consider using SQLAlchemy
  warnings.warn(

2026-03-15 21:22:40,289:WARNING:c:\ProgramData\Anaconda3\lib\site-packages\pandas\io\sql.py:762: UserWarning: pandas only support SQLAlchemy connectable(engine/connection) ordatabase string URI or sqlite3 DBAPI2 connectionother DBAPI2 objects are not tested, please consider using SQLAlchemy
  warnings.warn(

2026-03-15 21:22:40,455:WARNING:c:\ProgramData\Anaconda3\lib\site-packages\pandas\io\sql.py:762: UserWarning: pandas only support SQLAlchemy connectable(engine/connection) ordatabase string URI or sqlite3 DBAPI2 connectionother DBAPI2 objects are not tested, please consider using SQLAlchemy
  warnings.warn(

2026-03-15 21:22:42,289:WARNING:c:\ProgramData\Anaconda3\lib\site-packages\pandas\io\sql.py:762: UserWarning: pandas only support SQLAlchemy connectable(engine/connection) ordatabase string URI or sqlite3 DBAPI2 connectionother DBAPI2 objects are not tested, please consider using SQLAlchemy
  warnings.warn(

2026-03-15 21:22:42,334:WARNING:c:\ProgramData\Anaconda3\lib\site-packages\pandas\io\sql.py:762: UserWarning: pandas only support SQLAlchemy connectable(engine/connection) ordatabase string URI or sqlite3 DBAPI2 connectionother DBAPI2 objects are not tested, please consider using SQLAlchemy
  warnings.warn(

2026-03-15 21:22:43,088:WARNING:C:\Users\savan\AppData\Local\Temp\ipykernel_35668\4086773308.py:1: FutureWarning: Treating datetime data as categorical rather than numeric in `.describe` is deprecated and will be removed in a future version of pandas. Specify `datetime_is_numeric=True` to silence this warning and adopt the future behavior now.
  loan_cashflow_df.describe()

2026-03-15 21:22:44,161:WARNING:c:\ProgramData\Anaconda3\lib\site-packages\pandas\io\sql.py:762: UserWarning: pandas only support SQLAlchemy connectable(engine/connection) ordatabase string URI or sqlite3 DBAPI2 connectionother DBAPI2 objects are not tested, please consider using SQLAlchemy
  warnings.warn(

2026-03-15 21:24:54,076:WARNING:
'cuml' is a soft dependency and not included in the pycaret installation. Please run: `pip install cuml` to install.
2026-03-15 21:24:54,076:WARNING:
'cuml' is a soft dependency and not included in the pycaret installation. Please run: `pip install cuml` to install.
2026-03-15 21:24:54,076:WARNING:
'cuml' is a soft dependency and not included in the pycaret installation. Please run: `pip install cuml` to install.
2026-03-15 21:24:54,076:WARNING:
'cuml' is a soft dependency and not included in the pycaret installation. Please run: `pip install cuml` to install.
2026-03-15 21:24:54,850:WARNING:c:\ProgramData\Anaconda3\lib\site-packages\pandas\io\sql.py:762: UserWarning: pandas only support SQLAlchemy connectable(engine/connection) ordatabase string URI or sqlite3 DBAPI2 connectionother DBAPI2 objects are not tested, please consider using SQLAlchemy
  warnings.warn(

2026-03-15 21:24:54,892:WARNING:c:\ProgramData\Anaconda3\lib\site-packages\pandas\io\sql.py:762: UserWarning: pandas only support SQLAlchemy connectable(engine/connection) ordatabase string URI or sqlite3 DBAPI2 connectionother DBAPI2 objects are not tested, please consider using SQLAlchemy
  warnings.warn(

2026-03-15 21:24:55,055:WARNING:c:\ProgramData\Anaconda3\lib\site-packages\pandas\io\sql.py:762: UserWarning: pandas only support SQLAlchemy connectable(engine/connection) ordatabase string URI or sqlite3 DBAPI2 connectionother DBAPI2 objects are not tested, please consider using SQLAlchemy
  warnings.warn(

2026-03-15 21:24:56,694:WARNING:c:\ProgramData\Anaconda3\lib\site-packages\pandas\io\sql.py:762: UserWarning: pandas only support SQLAlchemy connectable(engine/connection) ordatabase string URI or sqlite3 DBAPI2 connectionother DBAPI2 objects are not tested, please consider using SQLAlchemy
  warnings.warn(

2026-03-15 21:24:56,726:WARNING:c:\ProgramData\Anaconda3\lib\site-packages\pandas\io\sql.py:762: UserWarning: pandas only support SQLAlchemy connectable(engine/connection) ordatabase string URI or sqlite3 DBAPI2 connectionother DBAPI2 objects are not tested, please consider using SQLAlchemy
  warnings.warn(

2026-03-15 21:24:57,451:WARNING:C:\Users\savan\AppData\Local\Temp\ipykernel_32940\4086773308.py:1: FutureWarning: Treating datetime data as categorical rather than numeric in `.describe` is deprecated and will be removed in a future version of pandas. Specify `datetime_is_numeric=True` to silence this warning and adopt the future behavior now.
  loan_cashflow_df.describe()

2026-03-15 21:24:58,530:WARNING:c:\ProgramData\Anaconda3\lib\site-packages\pandas\io\sql.py:762: UserWarning: pandas only support SQLAlchemy connectable(engine/connection) ordatabase string URI or sqlite3 DBAPI2 connectionother DBAPI2 objects are not tested, please consider using SQLAlchemy
  warnings.warn(

2026-03-15 21:31:12,337:WARNING:
'cuml' is a soft dependency and not included in the pycaret installation. Please run: `pip install cuml` to install.
2026-03-15 21:31:12,338:WARNING:
'cuml' is a soft dependency and not included in the pycaret installation. Please run: `pip install cuml` to install.
2026-03-15 21:31:12,338:WARNING:
'cuml' is a soft dependency and not included in the pycaret installation. Please run: `pip install cuml` to install.
2026-03-15 21:31:12,338:WARNING:
'cuml' is a soft dependency and not included in the pycaret installation. Please run: `pip install cuml` to install.
2026-03-15 21:31:13,031:WARNING:c:\ProgramData\Anaconda3\lib\site-packages\pandas\io\sql.py:762: UserWarning: pandas only support SQLAlchemy connectable(engine/connection) ordatabase string URI or sqlite3 DBAPI2 connectionother DBAPI2 objects are not tested, please consider using SQLAlchemy
  warnings.warn(

2026-03-15 21:31:13,118:WARNING:c:\ProgramData\Anaconda3\lib\site-packages\pandas\io\sql.py:762: UserWarning: pandas only support SQLAlchemy connectable(engine/connection) ordatabase string URI or sqlite3 DBAPI2 connectionother DBAPI2 objects are not tested, please consider using SQLAlchemy
  warnings.warn(

2026-03-15 21:31:13,395:WARNING:c:\ProgramData\Anaconda3\lib\site-packages\pandas\io\sql.py:762: UserWarning: pandas only support SQLAlchemy connectable(engine/connection) ordatabase string URI or sqlite3 DBAPI2 connectionother DBAPI2 objects are not tested, please consider using SQLAlchemy
  warnings.warn(

2026-03-15 21:31:15,596:WARNING:c:\ProgramData\Anaconda3\lib\site-packages\pandas\io\sql.py:762: UserWarning: pandas only support SQLAlchemy connectable(engine/connection) ordatabase string URI or sqlite3 DBAPI2 connectionother DBAPI2 objects are not tested, please consider using SQLAlchemy
  warnings.warn(

2026-03-15 21:31:15,676:WARNING:c:\ProgramData\Anaconda3\lib\site-packages\pandas\io\sql.py:762: UserWarning: pandas only support SQLAlchemy connectable(engine/connection) ordatabase string URI or sqlite3 DBAPI2 connectionother DBAPI2 objects are not tested, please consider using SQLAlchemy
  warnings.warn(

2026-03-15 21:31:16,404:WARNING:C:\Users\savan\AppData\Local\Temp\ipykernel_40816\4086773308.py:1: FutureWarning: Treating datetime data as categorical rather than numeric in `.describe` is deprecated and will be removed in a future version of pandas. Specify `datetime_is_numeric=True` to silence this warning and adopt the future behavior now.
  loan_cashflow_df.describe()

2026-03-15 21:31:17,473:WARNING:c:\ProgramData\Anaconda3\lib\site-packages\pandas\io\sql.py:762: UserWarning: pandas only support SQLAlchemy connectable(engine/connection) ordatabase string URI or sqlite3 DBAPI2 connectionother DBAPI2 objects are not tested, please consider using SQLAlchemy
  warnings.warn(

2026-03-15 21:33:05,459:WARNING:
'cuml' is a soft dependency and not included in the pycaret installation. Please run: `pip install cuml` to install.
2026-03-15 21:33:05,459:WARNING:
'cuml' is a soft dependency and not included in the pycaret installation. Please run: `pip install cuml` to install.
2026-03-15 21:33:05,459:WARNING:
'cuml' is a soft dependency and not included in the pycaret installation. Please run: `pip install cuml` to install.
2026-03-15 21:33:05,459:WARNING:
'cuml' is a soft dependency and not included in the pycaret installation. Please run: `pip install cuml` to install.
2026-03-15 21:33:06,202:WARNING:c:\ProgramData\Anaconda3\lib\site-packages\pandas\io\sql.py:762: UserWarning: pandas only support SQLAlchemy connectable(engine/connection) ordatabase string URI or sqlite3 DBAPI2 connectionother DBAPI2 objects are not tested, please consider using SQLAlchemy
  warnings.warn(

2026-03-15 21:33:06,254:WARNING:c:\ProgramData\Anaconda3\lib\site-packages\pandas\io\sql.py:762: UserWarning: pandas only support SQLAlchemy connectable(engine/connection) ordatabase string URI or sqlite3 DBAPI2 connectionother DBAPI2 objects are not tested, please consider using SQLAlchemy
  warnings.warn(

2026-03-15 21:33:06,528:WARNING:c:\ProgramData\Anaconda3\lib\site-packages\pandas\io\sql.py:762: UserWarning: pandas only support SQLAlchemy connectable(engine/connection) ordatabase string URI or sqlite3 DBAPI2 connectionother DBAPI2 objects are not tested, please consider using SQLAlchemy
  warnings.warn(

2026-03-15 21:33:09,180:WARNING:c:\ProgramData\Anaconda3\lib\site-packages\pandas\io\sql.py:762: UserWarning: pandas only support SQLAlchemy connectable(engine/connection) ordatabase string URI or sqlite3 DBAPI2 connectionother DBAPI2 objects are not tested, please consider using SQLAlchemy
  warnings.warn(

2026-03-15 21:33:09,219:WARNING:c:\ProgramData\Anaconda3\lib\site-packages\pandas\io\sql.py:762: UserWarning: pandas only support SQLAlchemy connectable(engine/connection) ordatabase string URI or sqlite3 DBAPI2 connectionother DBAPI2 objects are not tested, please consider using SQLAlchemy
  warnings.warn(

2026-03-15 21:33:09,940:WARNING:C:\Users\savan\AppData\Local\Temp\ipykernel_44276\4086773308.py:1: FutureWarning: Treating datetime data as categorical rather than numeric in `.describe` is deprecated and will be removed in a future version of pandas. Specify `datetime_is_numeric=True` to silence this warning and adopt the future behavior now.
  loan_cashflow_df.describe()

2026-03-15 21:33:11,014:WARNING:c:\ProgramData\Anaconda3\lib\site-packages\pandas\io\sql.py:762: UserWarning: pandas only support SQLAlchemy connectable(engine/connection) ordatabase string URI or sqlite3 DBAPI2 connectionother DBAPI2 objects are not tested, please consider using SQLAlchemy
  warnings.warn(

2026-03-15 22:32:17,769:WARNING:
'cuml' is a soft dependency and not included in the pycaret installation. Please run: `pip install cuml` to install.
2026-03-15 22:32:17,769:WARNING:
'cuml' is a soft dependency and not included in the pycaret installation. Please run: `pip install cuml` to install.
2026-03-15 22:32:17,769:WARNING:
'cuml' is a soft dependency and not included in the pycaret installation. Please run: `pip install cuml` to install.
2026-03-15 22:32:17,769:WARNING:
'cuml' is a soft dependency and not included in the pycaret installation. Please run: `pip install cuml` to install.
2026-03-15 22:32:21,145:WARNING:c:\ProgramData\Anaconda3\lib\site-packages\pandas\io\sql.py:762: UserWarning: pandas only support SQLAlchemy connectable(engine/connection) ordatabase string URI or sqlite3 DBAPI2 connectionother DBAPI2 objects are not tested, please consider using SQLAlchemy
  warnings.warn(

2026-03-15 22:32:21,341:WARNING:c:\ProgramData\Anaconda3\lib\site-packages\pandas\io\sql.py:762: UserWarning: pandas only support SQLAlchemy connectable(engine/connection) ordatabase string URI or sqlite3 DBAPI2 connectionother DBAPI2 objects are not tested, please consider using SQLAlchemy
  warnings.warn(

2026-03-15 22:32:21,678:WARNING:c:\ProgramData\Anaconda3\lib\site-packages\pandas\io\sql.py:762: UserWarning: pandas only support SQLAlchemy connectable(engine/connection) ordatabase string URI or sqlite3 DBAPI2 connectionother DBAPI2 objects are not tested, please consider using SQLAlchemy
  warnings.warn(

2026-03-15 22:32:28,778:WARNING:c:\ProgramData\Anaconda3\lib\site-packages\pandas\io\sql.py:762: UserWarning: pandas only support SQLAlchemy connectable(engine/connection) ordatabase string URI or sqlite3 DBAPI2 connectionother DBAPI2 objects are not tested, please consider using SQLAlchemy
  warnings.warn(

2026-03-15 22:32:28,901:WARNING:c:\ProgramData\Anaconda3\lib\site-packages\pandas\io\sql.py:762: UserWarning: pandas only support SQLAlchemy connectable(engine/connection) ordatabase string URI or sqlite3 DBAPI2 connectionother DBAPI2 objects are not tested, please consider using SQLAlchemy
  warnings.warn(

2026-03-15 22:32:31,480:WARNING:C:\Users\savan\AppData\Local\Temp\ipykernel_27312\4086773308.py:1: FutureWarning: Treating datetime data as categorical rather than numeric in `.describe` is deprecated and will be removed in a future version of pandas. Specify `datetime_is_numeric=True` to silence this warning and adopt the future behavior now.
  loan_cashflow_df.describe()

2026-03-15 22:32:32,770:WARNING:c:\ProgramData\Anaconda3\lib\site-packages\pandas\io\sql.py:762: UserWarning: pandas only support SQLAlchemy connectable(engine/connection) ordatabase string URI or sqlite3 DBAPI2 connectionother DBAPI2 objects are not tested, please consider using SQLAlchemy
  warnings.warn(

2026-03-15 22:43:14,581:WARNING:
'cuml' is a soft dependency and not included in the pycaret installation. Please run: `pip install cuml` to install.
2026-03-15 22:43:14,581:WARNING:
'cuml' is a soft dependency and not included in the pycaret installation. Please run: `pip install cuml` to install.
2026-03-15 22:43:14,581:WARNING:
'cuml' is a soft dependency and not included in the pycaret installation. Please run: `pip install cuml` to install.
2026-03-15 22:43:14,581:WARNING:
'cuml' is a soft dependency and not included in the pycaret installation. Please run: `pip install cuml` to install.
2026-03-15 22:43:15,646:WARNING:c:\ProgramData\Anaconda3\lib\site-packages\pandas\io\sql.py:762: UserWarning: pandas only support SQLAlchemy connectable(engine/connection) ordatabase string URI or sqlite3 DBAPI2 connectionother DBAPI2 objects are not tested, please consider using SQLAlchemy
  warnings.warn(

2026-03-15 22:43:15,685:WARNING:c:\ProgramData\Anaconda3\lib\site-packages\pandas\io\sql.py:762: UserWarning: pandas only support SQLAlchemy connectable(engine/connection) ordatabase string URI or sqlite3 DBAPI2 connectionother DBAPI2 objects are not tested, please consider using SQLAlchemy
  warnings.warn(

2026-03-15 22:43:15,865:WARNING:c:\ProgramData\Anaconda3\lib\site-packages\pandas\io\sql.py:762: UserWarning: pandas only support SQLAlchemy connectable(engine/connection) ordatabase string URI or sqlite3 DBAPI2 connectionother DBAPI2 objects are not tested, please consider using SQLAlchemy
  warnings.warn(

2026-03-15 22:43:17,523:WARNING:c:\ProgramData\Anaconda3\lib\site-packages\pandas\io\sql.py:762: UserWarning: pandas only support SQLAlchemy connectable(engine/connection) ordatabase string URI or sqlite3 DBAPI2 connectionother DBAPI2 objects are not tested, please consider using SQLAlchemy
  warnings.warn(

2026-03-15 22:43:17,566:WARNING:c:\ProgramData\Anaconda3\lib\site-packages\pandas\io\sql.py:762: UserWarning: pandas only support SQLAlchemy connectable(engine/connection) ordatabase string URI or sqlite3 DBAPI2 connectionother DBAPI2 objects are not tested, please consider using SQLAlchemy
  warnings.warn(

2026-03-15 22:43:18,303:WARNING:C:\Users\savan\AppData\Local\Temp\ipykernel_14756\4086773308.py:1: FutureWarning: Treating datetime data as categorical rather than numeric in `.describe` is deprecated and will be removed in a future version of pandas. Specify `datetime_is_numeric=True` to silence this warning and adopt the future behavior now.
  loan_cashflow_df.describe()

2026-03-15 22:43:19,408:WARNING:c:\ProgramData\Anaconda3\lib\site-packages\pandas\io\sql.py:762: UserWarning: pandas only support SQLAlchemy connectable(engine/connection) ordatabase string URI or sqlite3 DBAPI2 connectionother DBAPI2 objects are not tested, please consider using SQLAlchemy
  warnings.warn(

2026-03-15 22:47:23,774:WARNING:
'cuml' is a soft dependency and not included in the pycaret installation. Please run: `pip install cuml` to install.
2026-03-15 22:47:23,774:WARNING:
'cuml' is a soft dependency and not included in the pycaret installation. Please run: `pip install cuml` to install.
2026-03-15 22:47:23,774:WARNING:
'cuml' is a soft dependency and not included in the pycaret installation. Please run: `pip install cuml` to install.
2026-03-15 22:47:23,774:WARNING:
'cuml' is a soft dependency and not included in the pycaret installation. Please run: `pip install cuml` to install.
2026-03-15 22:47:24,449:WARNING:c:\ProgramData\Anaconda3\lib\site-packages\pandas\io\sql.py:762: UserWarning: pandas only support SQLAlchemy connectable(engine/connection) ordatabase string URI or sqlite3 DBAPI2 connectionother DBAPI2 objects are not tested, please consider using SQLAlchemy
  warnings.warn(

2026-03-15 22:47:24,481:WARNING:c:\ProgramData\Anaconda3\lib\site-packages\pandas\io\sql.py:762: UserWarning: pandas only support SQLAlchemy connectable(engine/connection) ordatabase string URI or sqlite3 DBAPI2 connectionother DBAPI2 objects are not tested, please consider using SQLAlchemy
  warnings.warn(

2026-03-15 22:47:24,698:WARNING:c:\ProgramData\Anaconda3\lib\site-packages\pandas\io\sql.py:762: UserWarning: pandas only support SQLAlchemy connectable(engine/connection) ordatabase string URI or sqlite3 DBAPI2 connectionother DBAPI2 objects are not tested, please consider using SQLAlchemy
  warnings.warn(

2026-03-15 22:47:26,536:WARNING:c:\ProgramData\Anaconda3\lib\site-packages\pandas\io\sql.py:762: UserWarning: pandas only support SQLAlchemy connectable(engine/connection) ordatabase string URI or sqlite3 DBAPI2 connectionother DBAPI2 objects are not tested, please consider using SQLAlchemy
  warnings.warn(

2026-03-15 22:47:26,580:WARNING:c:\ProgramData\Anaconda3\lib\site-packages\pandas\io\sql.py:762: UserWarning: pandas only support SQLAlchemy connectable(engine/connection) ordatabase string URI or sqlite3 DBAPI2 connectionother DBAPI2 objects are not tested, please consider using SQLAlchemy
  warnings.warn(

2026-03-15 22:47:27,263:WARNING:C:\Users\savan\AppData\Local\Temp\ipykernel_25268\4086773308.py:1: FutureWarning: Treating datetime data as categorical rather than numeric in `.describe` is deprecated and will be removed in a future version of pandas. Specify `datetime_is_numeric=True` to silence this warning and adopt the future behavior now.
  loan_cashflow_df.describe()

2026-03-15 22:47:28,221:WARNING:c:\ProgramData\Anaconda3\lib\site-packages\pandas\io\sql.py:762: UserWarning: pandas only support SQLAlchemy connectable(engine/connection) ordatabase string URI or sqlite3 DBAPI2 connectionother DBAPI2 objects are not tested, please consider using SQLAlchemy
  warnings.warn(

2026-03-15 23:13:21,692:WARNING:
'cuml' is a soft dependency and not included in the pycaret installation. Please run: `pip install cuml` to install.
2026-03-15 23:13:21,692:WARNING:
'cuml' is a soft dependency and not included in the pycaret installation. Please run: `pip install cuml` to install.
2026-03-15 23:13:21,692:WARNING:
'cuml' is a soft dependency and not included in the pycaret installation. Please run: `pip install cuml` to install.
2026-03-15 23:13:21,693:WARNING:
'cuml' is a soft dependency and not included in the pycaret installation. Please run: `pip install cuml` to install.
2026-03-15 23:13:22,732:WARNING:c:\ProgramData\Anaconda3\lib\site-packages\pandas\io\sql.py:762: UserWarning: pandas only support SQLAlchemy connectable(engine/connection) ordatabase string URI or sqlite3 DBAPI2 connectionother DBAPI2 objects are not tested, please consider using SQLAlchemy
  warnings.warn(

2026-03-15 23:13:22,785:WARNING:c:\ProgramData\Anaconda3\lib\site-packages\pandas\io\sql.py:762: UserWarning: pandas only support SQLAlchemy connectable(engine/connection) ordatabase string URI or sqlite3 DBAPI2 connectionother DBAPI2 objects are not tested, please consider using SQLAlchemy
  warnings.warn(

2026-03-15 23:13:22,986:WARNING:c:\ProgramData\Anaconda3\lib\site-packages\pandas\io\sql.py:762: UserWarning: pandas only support SQLAlchemy connectable(engine/connection) ordatabase string URI or sqlite3 DBAPI2 connectionother DBAPI2 objects are not tested, please consider using SQLAlchemy
  warnings.warn(

2026-03-15 23:13:24,766:WARNING:c:\ProgramData\Anaconda3\lib\site-packages\pandas\io\sql.py:762: UserWarning: pandas only support SQLAlchemy connectable(engine/connection) ordatabase string URI or sqlite3 DBAPI2 connectionother DBAPI2 objects are not tested, please consider using SQLAlchemy
  warnings.warn(

2026-03-15 23:13:24,828:WARNING:c:\ProgramData\Anaconda3\lib\site-packages\pandas\io\sql.py:762: UserWarning: pandas only support SQLAlchemy connectable(engine/connection) ordatabase string URI or sqlite3 DBAPI2 connectionother DBAPI2 objects are not tested, please consider using SQLAlchemy
  warnings.warn(

2026-03-15 23:13:25,471:WARNING:C:\Users\savan\AppData\Local\Temp\ipykernel_43076\4086773308.py:1: FutureWarning: Treating datetime data as categorical rather than numeric in `.describe` is deprecated and will be removed in a future version of pandas. Specify `datetime_is_numeric=True` to silence this warning and adopt the future behavior now.
  loan_cashflow_df.describe()

2026-03-15 23:13:26,456:WARNING:c:\ProgramData\Anaconda3\lib\site-packages\pandas\io\sql.py:762: UserWarning: pandas only support SQLAlchemy connectable(engine/connection) ordatabase string URI or sqlite3 DBAPI2 connectionother DBAPI2 objects are not tested, please consider using SQLAlchemy
  warnings.warn(

2026-03-15 23:13:56,407:WARNING:C:\Users\savan\AppData\Roaming\Python\Python39\site-packages\xgboost\core.py:158: UserWarning: [23:13:56] WARNING: C:\buildkite-agent\builds\buildkite-windows-cpu-autoscaling-group-i-08cbc0333d8d4aae1-1\xgboost\xgboost-ci-windows\src\learner.cc:740: 
Parameters: { "use_label_encoder" } are not used.

  warnings.warn(smsg, UserWarning)

2026-03-15 23:13:56,706:WARNING:C:\Users\savan\AppData\Roaming\Python\Python39\site-packages\xgboost\core.py:158: UserWarning: [23:13:56] WARNING: C:\buildkite-agent\builds\buildkite-windows-cpu-autoscaling-group-i-08cbc0333d8d4aae1-1\xgboost\xgboost-ci-windows\src\learner.cc:740: 
Parameters: { "use_label_encoder" } are not used.

  warnings.warn(smsg, UserWarning)

2026-03-15 23:13:57,686:WARNING:C:\Users\savan\AppData\Roaming\Python\Python39\site-packages\xgboost\core.py:158: UserWarning: [23:13:57] WARNING: C:\buildkite-agent\builds\buildkite-windows-cpu-autoscaling-group-i-08cbc0333d8d4aae1-1\xgboost\xgboost-ci-windows\src\learner.cc:740: 
Parameters: { "use_label_encoder" } are not used.

  warnings.warn(smsg, UserWarning)

2026-03-15 23:13:58,141:WARNING:C:\Users\savan\AppData\Roaming\Python\Python39\site-packages\xgboost\core.py:158: UserWarning: [23:13:58] WARNING: C:\buildkite-agent\builds\buildkite-windows-cpu-autoscaling-group-i-08cbc0333d8d4aae1-1\xgboost\xgboost-ci-windows\src\learner.cc:740: 
Parameters: { "use_label_encoder" } are not used.

  warnings.warn(smsg, UserWarning)

2026-03-15 23:13:58,458:WARNING:C:\Users\savan\AppData\Roaming\Python\Python39\site-packages\xgboost\core.py:158: UserWarning: [23:13:58] WARNING: C:\buildkite-agent\builds\buildkite-windows-cpu-autoscaling-group-i-08cbc0333d8d4aae1-1\xgboost\xgboost-ci-windows\src\learner.cc:740: 
Parameters: { "use_label_encoder" } are not used.

  warnings.warn(smsg, UserWarning)

2026-03-15 23:13:58,858:WARNING:C:\Users\savan\AppData\Roaming\Python\Python39\site-packages\xgboost\core.py:158: UserWarning: [23:13:58] WARNING: C:\buildkite-agent\builds\buildkite-windows-cpu-autoscaling-group-i-08cbc0333d8d4aae1-1\xgboost\xgboost-ci-windows\src\learner.cc:740: 
Parameters: { "use_label_encoder" } are not used.

  warnings.warn(smsg, UserWarning)

2026-03-15 23:19:13,787:WARNING:
'cuml' is a soft dependency and not included in the pycaret installation. Please run: `pip install cuml` to install.
2026-03-15 23:19:13,787:WARNING:
'cuml' is a soft dependency and not included in the pycaret installation. Please run: `pip install cuml` to install.
2026-03-15 23:19:13,788:WARNING:
'cuml' is a soft dependency and not included in the pycaret installation. Please run: `pip install cuml` to install.
2026-03-15 23:19:13,788:WARNING:
'cuml' is a soft dependency and not included in the pycaret installation. Please run: `pip install cuml` to install.
2026-03-15 23:19:14,551:WARNING:c:\ProgramData\Anaconda3\lib\site-packages\pandas\io\sql.py:762: UserWarning: pandas only support SQLAlchemy connectable(engine/connection) ordatabase string URI or sqlite3 DBAPI2 connectionother DBAPI2 objects are not tested, please consider using SQLAlchemy
  warnings.warn(

2026-03-15 23:19:14,613:WARNING:c:\ProgramData\Anaconda3\lib\site-packages\pandas\io\sql.py:762: UserWarning: pandas only support SQLAlchemy connectable(engine/connection) ordatabase string URI or sqlite3 DBAPI2 connectionother DBAPI2 objects are not tested, please consider using SQLAlchemy
  warnings.warn(

2026-03-15 23:19:14,814:WARNING:c:\ProgramData\Anaconda3\lib\site-packages\pandas\io\sql.py:762: UserWarning: pandas only support SQLAlchemy connectable(engine/connection) ordatabase string URI or sqlite3 DBAPI2 connectionother DBAPI2 objects are not tested, please consider using SQLAlchemy
  warnings.warn(

2026-03-15 23:19:16,658:WARNING:c:\ProgramData\Anaconda3\lib\site-packages\pandas\io\sql.py:762: UserWarning: pandas only support SQLAlchemy connectable(engine/connection) ordatabase string URI or sqlite3 DBAPI2 connectionother DBAPI2 objects are not tested, please consider using SQLAlchemy
  warnings.warn(

2026-03-15 23:19:16,687:WARNING:c:\ProgramData\Anaconda3\lib\site-packages\pandas\io\sql.py:762: UserWarning: pandas only support SQLAlchemy connectable(engine/connection) ordatabase string URI or sqlite3 DBAPI2 connectionother DBAPI2 objects are not tested, please consider using SQLAlchemy
  warnings.warn(

2026-03-15 23:19:17,406:WARNING:C:\Users\savan\AppData\Local\Temp\ipykernel_43440\4086773308.py:1: FutureWarning: Treating datetime data as categorical rather than numeric in `.describe` is deprecated and will be removed in a future version of pandas. Specify `datetime_is_numeric=True` to silence this warning and adopt the future behavior now.
  loan_cashflow_df.describe()

2026-03-15 23:19:18,369:WARNING:c:\ProgramData\Anaconda3\lib\site-packages\pandas\io\sql.py:762: UserWarning: pandas only support SQLAlchemy connectable(engine/connection) ordatabase string URI or sqlite3 DBAPI2 connectionother DBAPI2 objects are not tested, please consider using SQLAlchemy
  warnings.warn(

2026-03-15 23:19:45,722:WARNING:C:\Users\savan\AppData\Roaming\Python\Python39\site-packages\xgboost\core.py:158: UserWarning: [23:19:45] WARNING: C:\buildkite-agent\builds\buildkite-windows-cpu-autoscaling-group-i-08cbc0333d8d4aae1-1\xgboost\xgboost-ci-windows\src\learner.cc:740: 
Parameters: { "use_label_encoder" } are not used.

  warnings.warn(smsg, UserWarning)

2026-03-15 23:19:45,853:WARNING:C:\Users\savan\AppData\Roaming\Python\Python39\site-packages\xgboost\core.py:158: UserWarning: [23:19:45] WARNING: C:\buildkite-agent\builds\buildkite-windows-cpu-autoscaling-group-i-08cbc0333d8d4aae1-1\xgboost\xgboost-ci-windows\src\learner.cc:740: 
Parameters: { "use_label_encoder" } are not used.

  warnings.warn(smsg, UserWarning)

2026-03-15 23:19:45,968:WARNING:C:\Users\savan\AppData\Roaming\Python\Python39\site-packages\xgboost\core.py:158: UserWarning: [23:19:45] WARNING: C:\buildkite-agent\builds\buildkite-windows-cpu-autoscaling-group-i-08cbc0333d8d4aae1-1\xgboost\xgboost-ci-windows\src\learner.cc:740: 
Parameters: { "use_label_encoder" } are not used.

  warnings.warn(smsg, UserWarning)

2026-03-15 23:19:46,092:WARNING:C:\Users\savan\AppData\Roaming\Python\Python39\site-packages\xgboost\core.py:158: UserWarning: [23:19:46] WARNING: C:\buildkite-agent\builds\buildkite-windows-cpu-autoscaling-group-i-08cbc0333d8d4aae1-1\xgboost\xgboost-ci-windows\src\learner.cc:740: 
Parameters: { "use_label_encoder" } are not used.

  warnings.warn(smsg, UserWarning)

2026-03-15 23:19:46,195:WARNING:C:\Users\savan\AppData\Roaming\Python\Python39\site-packages\xgboost\core.py:158: UserWarning: [23:19:46] WARNING: C:\buildkite-agent\builds\buildkite-windows-cpu-autoscaling-group-i-08cbc0333d8d4aae1-1\xgboost\xgboost-ci-windows\src\learner.cc:740: 
Parameters: { "use_label_encoder" } are not used.

  warnings.warn(smsg, UserWarning)

2026-03-15 23:19:46,350:WARNING:C:\Users\savan\AppData\Roaming\Python\Python39\site-packages\xgboost\core.py:158: UserWarning: [23:19:46] WARNING: C:\buildkite-agent\builds\buildkite-windows-cpu-autoscaling-group-i-08cbc0333d8d4aae1-1\xgboost\xgboost-ci-windows\src\learner.cc:740: 
Parameters: { "use_label_encoder" } are not used.

  warnings.warn(smsg, UserWarning)

2026-03-15 23:22:01,989:WARNING:C:\Users\savan\AppData\Local\Temp\ipykernel_43440\912277280.py:7: ClusterWarning: scipy.cluster: The symmetric non-negative hollow observation matrix looks suspiciously like an uncondensed distance matrix
  Z = linkage(gower_sample, method='average')

2026-03-15 23:48:37,713:WARNING:
'cuml' is a soft dependency and not included in the pycaret installation. Please run: `pip install cuml` to install.
2026-03-15 23:48:37,713:WARNING:
'cuml' is a soft dependency and not included in the pycaret installation. Please run: `pip install cuml` to install.
2026-03-15 23:48:37,713:WARNING:
'cuml' is a soft dependency and not included in the pycaret installation. Please run: `pip install cuml` to install.
2026-03-15 23:48:37,713:WARNING:
'cuml' is a soft dependency and not included in the pycaret installation. Please run: `pip install cuml` to install.
2026-03-15 23:48:41,299:WARNING:c:\ProgramData\Anaconda3\lib\site-packages\pandas\io\sql.py:762: UserWarning: pandas only support SQLAlchemy connectable(engine/connection) ordatabase string URI or sqlite3 DBAPI2 connectionother DBAPI2 objects are not tested, please consider using SQLAlchemy
  warnings.warn(

2026-03-15 23:48:41,346:WARNING:c:\ProgramData\Anaconda3\lib\site-packages\pandas\io\sql.py:762: UserWarning: pandas only support SQLAlchemy connectable(engine/connection) ordatabase string URI or sqlite3 DBAPI2 connectionother DBAPI2 objects are not tested, please consider using SQLAlchemy
  warnings.warn(

2026-03-15 23:48:41,432:WARNING:c:\ProgramData\Anaconda3\lib\site-packages\pandas\io\sql.py:762: UserWarning: pandas only support SQLAlchemy connectable(engine/connection) ordatabase string URI or sqlite3 DBAPI2 connectionother DBAPI2 objects are not tested, please consider using SQLAlchemy
  warnings.warn(

2026-03-15 23:48:43,566:WARNING:c:\ProgramData\Anaconda3\lib\site-packages\pandas\io\sql.py:762: UserWarning: pandas only support SQLAlchemy connectable(engine/connection) ordatabase string URI or sqlite3 DBAPI2 connectionother DBAPI2 objects are not tested, please consider using SQLAlchemy
  warnings.warn(

2026-03-15 23:48:43,635:WARNING:c:\ProgramData\Anaconda3\lib\site-packages\pandas\io\sql.py:762: UserWarning: pandas only support SQLAlchemy connectable(engine/connection) ordatabase string URI or sqlite3 DBAPI2 connectionother DBAPI2 objects are not tested, please consider using SQLAlchemy
  warnings.warn(

2026-03-15 23:48:44,306:WARNING:C:\Users\savan\AppData\Local\Temp\ipykernel_37484\4086773308.py:1: FutureWarning: Treating datetime data as categorical rather than numeric in `.describe` is deprecated and will be removed in a future version of pandas. Specify `datetime_is_numeric=True` to silence this warning and adopt the future behavior now.
  loan_cashflow_df.describe()

2026-03-15 23:48:45,614:WARNING:c:\ProgramData\Anaconda3\lib\site-packages\pandas\io\sql.py:762: UserWarning: pandas only support SQLAlchemy connectable(engine/connection) ordatabase string URI or sqlite3 DBAPI2 connectionother DBAPI2 objects are not tested, please consider using SQLAlchemy
  warnings.warn(

2026-03-15 23:49:16,298:WARNING:C:\Users\savan\AppData\Roaming\Python\Python39\site-packages\xgboost\core.py:158: UserWarning: [23:49:16] WARNING: C:\buildkite-agent\builds\buildkite-windows-cpu-autoscaling-group-i-08cbc0333d8d4aae1-1\xgboost\xgboost-ci-windows\src\learner.cc:740: 
Parameters: { "use_label_encoder" } are not used.

  warnings.warn(smsg, UserWarning)

2026-03-15 23:49:16,409:WARNING:C:\Users\savan\AppData\Roaming\Python\Python39\site-packages\xgboost\core.py:158: UserWarning: [23:49:16] WARNING: C:\buildkite-agent\builds\buildkite-windows-cpu-autoscaling-group-i-08cbc0333d8d4aae1-1\xgboost\xgboost-ci-windows\src\learner.cc:740: 
Parameters: { "use_label_encoder" } are not used.

  warnings.warn(smsg, UserWarning)

2026-03-15 23:49:16,514:WARNING:C:\Users\savan\AppData\Roaming\Python\Python39\site-packages\xgboost\core.py:158: UserWarning: [23:49:16] WARNING: C:\buildkite-agent\builds\buildkite-windows-cpu-autoscaling-group-i-08cbc0333d8d4aae1-1\xgboost\xgboost-ci-windows\src\learner.cc:740: 
Parameters: { "use_label_encoder" } are not used.

  warnings.warn(smsg, UserWarning)

2026-03-15 23:49:16,674:WARNING:C:\Users\savan\AppData\Roaming\Python\Python39\site-packages\xgboost\core.py:158: UserWarning: [23:49:16] WARNING: C:\buildkite-agent\builds\buildkite-windows-cpu-autoscaling-group-i-08cbc0333d8d4aae1-1\xgboost\xgboost-ci-windows\src\learner.cc:740: 
Parameters: { "use_label_encoder" } are not used.

  warnings.warn(smsg, UserWarning)

2026-03-15 23:49:16,791:WARNING:C:\Users\savan\AppData\Roaming\Python\Python39\site-packages\xgboost\core.py:158: UserWarning: [23:49:16] WARNING: C:\buildkite-agent\builds\buildkite-windows-cpu-autoscaling-group-i-08cbc0333d8d4aae1-1\xgboost\xgboost-ci-windows\src\learner.cc:740: 
Parameters: { "use_label_encoder" } are not used.

  warnings.warn(smsg, UserWarning)

2026-03-15 23:49:16,929:WARNING:C:\Users\savan\AppData\Roaming\Python\Python39\site-packages\xgboost\core.py:158: UserWarning: [23:49:16] WARNING: C:\buildkite-agent\builds\buildkite-windows-cpu-autoscaling-group-i-08cbc0333d8d4aae1-1\xgboost\xgboost-ci-windows\src\learner.cc:740: 
Parameters: { "use_label_encoder" } are not used.

  warnings.warn(smsg, UserWarning)

2026-03-15 23:51:32,464:WARNING:C:\Users\savan\AppData\Local\Temp\ipykernel_37484\912277280.py:7: ClusterWarning: scipy.cluster: The symmetric non-negative hollow observation matrix looks suspiciously like an uncondensed distance matrix
  Z = linkage(gower_sample, method='average')

2026-03-15 23:59:30,094:WARNING:
'cuml' is a soft dependency and not included in the pycaret installation. Please run: `pip install cuml` to install.
2026-03-15 23:59:30,094:WARNING:
'cuml' is a soft dependency and not included in the pycaret installation. Please run: `pip install cuml` to install.
2026-03-15 23:59:30,094:WARNING:
'cuml' is a soft dependency and not included in the pycaret installation. Please run: `pip install cuml` to install.
2026-03-15 23:59:30,094:WARNING:
'cuml' is a soft dependency and not included in the pycaret installation. Please run: `pip install cuml` to install.
2026-03-15 23:59:31,158:WARNING:c:\ProgramData\Anaconda3\lib\site-packages\pandas\io\sql.py:762: UserWarning: pandas only support SQLAlchemy connectable(engine/connection) ordatabase string URI or sqlite3 DBAPI2 connectionother DBAPI2 objects are not tested, please consider using SQLAlchemy
  warnings.warn(

2026-03-15 23:59:31,210:WARNING:c:\ProgramData\Anaconda3\lib\site-packages\pandas\io\sql.py:762: UserWarning: pandas only support SQLAlchemy connectable(engine/connection) ordatabase string URI or sqlite3 DBAPI2 connectionother DBAPI2 objects are not tested, please consider using SQLAlchemy
  warnings.warn(

2026-03-15 23:59:31,419:WARNING:c:\ProgramData\Anaconda3\lib\site-packages\pandas\io\sql.py:762: UserWarning: pandas only support SQLAlchemy connectable(engine/connection) ordatabase string URI or sqlite3 DBAPI2 connectionother DBAPI2 objects are not tested, please consider using SQLAlchemy
  warnings.warn(

2026-03-15 23:59:33,013:WARNING:c:\ProgramData\Anaconda3\lib\site-packages\pandas\io\sql.py:762: UserWarning: pandas only support SQLAlchemy connectable(engine/connection) ordatabase string URI or sqlite3 DBAPI2 connectionother DBAPI2 objects are not tested, please consider using SQLAlchemy
  warnings.warn(

2026-03-15 23:59:33,048:WARNING:c:\ProgramData\Anaconda3\lib\site-packages\pandas\io\sql.py:762: UserWarning: pandas only support SQLAlchemy connectable(engine/connection) ordatabase string URI or sqlite3 DBAPI2 connectionother DBAPI2 objects are not tested, please consider using SQLAlchemy
  warnings.warn(

2026-03-15 23:59:33,813:WARNING:C:\Users\savan\AppData\Local\Temp\ipykernel_35488\4086773308.py:1: FutureWarning: Treating datetime data as categorical rather than numeric in `.describe` is deprecated and will be removed in a future version of pandas. Specify `datetime_is_numeric=True` to silence this warning and adopt the future behavior now.
  loan_cashflow_df.describe()

2026-03-15 23:59:34,854:WARNING:c:\ProgramData\Anaconda3\lib\site-packages\pandas\io\sql.py:762: UserWarning: pandas only support SQLAlchemy connectable(engine/connection) ordatabase string URI or sqlite3 DBAPI2 connectionother DBAPI2 objects are not tested, please consider using SQLAlchemy
  warnings.warn(

2026-03-16 00:00:04,285:WARNING:C:\Users\savan\AppData\Roaming\Python\Python39\site-packages\xgboost\core.py:158: UserWarning: [00:00:04] WARNING: C:\buildkite-agent\builds\buildkite-windows-cpu-autoscaling-group-i-08cbc0333d8d4aae1-1\xgboost\xgboost-ci-windows\src\learner.cc:740: 
Parameters: { "use_label_encoder" } are not used.

  warnings.warn(smsg, UserWarning)

2026-03-16 00:00:04,437:WARNING:C:\Users\savan\AppData\Roaming\Python\Python39\site-packages\xgboost\core.py:158: UserWarning: [00:00:04] WARNING: C:\buildkite-agent\builds\buildkite-windows-cpu-autoscaling-group-i-08cbc0333d8d4aae1-1\xgboost\xgboost-ci-windows\src\learner.cc:740: 
Parameters: { "use_label_encoder" } are not used.

  warnings.warn(smsg, UserWarning)

2026-03-16 00:00:04,593:WARNING:C:\Users\savan\AppData\Roaming\Python\Python39\site-packages\xgboost\core.py:158: UserWarning: [00:00:04] WARNING: C:\buildkite-agent\builds\buildkite-windows-cpu-autoscaling-group-i-08cbc0333d8d4aae1-1\xgboost\xgboost-ci-windows\src\learner.cc:740: 
Parameters: { "use_label_encoder" } are not used.

  warnings.warn(smsg, UserWarning)

2026-03-16 00:00:04,738:WARNING:C:\Users\savan\AppData\Roaming\Python\Python39\site-packages\xgboost\core.py:158: UserWarning: [00:00:04] WARNING: C:\buildkite-agent\builds\buildkite-windows-cpu-autoscaling-group-i-08cbc0333d8d4aae1-1\xgboost\xgboost-ci-windows\src\learner.cc:740: 
Parameters: { "use_label_encoder" } are not used.

  warnings.warn(smsg, UserWarning)

2026-03-16 00:00:04,877:WARNING:C:\Users\savan\AppData\Roaming\Python\Python39\site-packages\xgboost\core.py:158: UserWarning: [00:00:04] WARNING: C:\buildkite-agent\builds\buildkite-windows-cpu-autoscaling-group-i-08cbc0333d8d4aae1-1\xgboost\xgboost-ci-windows\src\learner.cc:740: 
Parameters: { "use_label_encoder" } are not used.

  warnings.warn(smsg, UserWarning)

2026-03-16 00:00:05,041:WARNING:C:\Users\savan\AppData\Roaming\Python\Python39\site-packages\xgboost\core.py:158: UserWarning: [00:00:05] WARNING: C:\buildkite-agent\builds\buildkite-windows-cpu-autoscaling-group-i-08cbc0333d8d4aae1-1\xgboost\xgboost-ci-windows\src\learner.cc:740: 
Parameters: { "use_label_encoder" } are not used.

  warnings.warn(smsg, UserWarning)

2026-03-16 00:02:22,183:WARNING:C:\Users\savan\AppData\Local\Temp\ipykernel_35488\912277280.py:7: ClusterWarning: scipy.cluster: The symmetric non-negative hollow observation matrix looks suspiciously like an uncondensed distance matrix
  Z = linkage(gower_sample, method='average')

2026-03-16 00:11:53,084:WARNING:
'cuml' is a soft dependency and not included in the pycaret installation. Please run: `pip install cuml` to install.
2026-03-16 00:11:53,084:WARNING:
'cuml' is a soft dependency and not included in the pycaret installation. Please run: `pip install cuml` to install.
2026-03-16 00:11:53,085:WARNING:
'cuml' is a soft dependency and not included in the pycaret installation. Please run: `pip install cuml` to install.
2026-03-16 00:11:53,085:WARNING:
'cuml' is a soft dependency and not included in the pycaret installation. Please run: `pip install cuml` to install.
2026-03-16 00:11:53,782:WARNING:c:\ProgramData\Anaconda3\lib\site-packages\pandas\io\sql.py:762: UserWarning: pandas only support SQLAlchemy connectable(engine/connection) ordatabase string URI or sqlite3 DBAPI2 connectionother DBAPI2 objects are not tested, please consider using SQLAlchemy
  warnings.warn(

2026-03-16 00:11:53,843:WARNING:c:\ProgramData\Anaconda3\lib\site-packages\pandas\io\sql.py:762: UserWarning: pandas only support SQLAlchemy connectable(engine/connection) ordatabase string URI or sqlite3 DBAPI2 connectionother DBAPI2 objects are not tested, please consider using SQLAlchemy
  warnings.warn(

2026-03-16 00:11:54,022:WARNING:c:\ProgramData\Anaconda3\lib\site-packages\pandas\io\sql.py:762: UserWarning: pandas only support SQLAlchemy connectable(engine/connection) ordatabase string URI or sqlite3 DBAPI2 connectionother DBAPI2 objects are not tested, please consider using SQLAlchemy
  warnings.warn(

2026-03-16 00:11:55,964:WARNING:c:\ProgramData\Anaconda3\lib\site-packages\pandas\io\sql.py:762: UserWarning: pandas only support SQLAlchemy connectable(engine/connection) ordatabase string URI or sqlite3 DBAPI2 connectionother DBAPI2 objects are not tested, please consider using SQLAlchemy
  warnings.warn(

2026-03-16 00:11:56,007:WARNING:c:\ProgramData\Anaconda3\lib\site-packages\pandas\io\sql.py:762: UserWarning: pandas only support SQLAlchemy connectable(engine/connection) ordatabase string URI or sqlite3 DBAPI2 connectionother DBAPI2 objects are not tested, please consider using SQLAlchemy
  warnings.warn(

2026-03-16 00:11:56,682:WARNING:C:\Users\savan\AppData\Local\Temp\ipykernel_46100\4086773308.py:1: FutureWarning: Treating datetime data as categorical rather than numeric in `.describe` is deprecated and will be removed in a future version of pandas. Specify `datetime_is_numeric=True` to silence this warning and adopt the future behavior now.
  loan_cashflow_df.describe()

2026-03-16 00:11:57,795:WARNING:c:\ProgramData\Anaconda3\lib\site-packages\pandas\io\sql.py:762: UserWarning: pandas only support SQLAlchemy connectable(engine/connection) ordatabase string URI or sqlite3 DBAPI2 connectionother DBAPI2 objects are not tested, please consider using SQLAlchemy
  warnings.warn(

2026-03-16 00:14:32,466:WARNING:
'cuml' is a soft dependency and not included in the pycaret installation. Please run: `pip install cuml` to install.
2026-03-16 00:14:32,467:WARNING:
'cuml' is a soft dependency and not included in the pycaret installation. Please run: `pip install cuml` to install.
2026-03-16 00:14:32,467:WARNING:
'cuml' is a soft dependency and not included in the pycaret installation. Please run: `pip install cuml` to install.
2026-03-16 00:14:32,467:WARNING:
'cuml' is a soft dependency and not included in the pycaret installation. Please run: `pip install cuml` to install.
2026-03-16 00:14:33,175:WARNING:c:\ProgramData\Anaconda3\lib\site-packages\pandas\io\sql.py:762: UserWarning: pandas only support SQLAlchemy connectable(engine/connection) ordatabase string URI or sqlite3 DBAPI2 connectionother DBAPI2 objects are not tested, please consider using SQLAlchemy
  warnings.warn(

2026-03-16 00:14:33,284:WARNING:c:\ProgramData\Anaconda3\lib\site-packages\pandas\io\sql.py:762: UserWarning: pandas only support SQLAlchemy connectable(engine/connection) ordatabase string URI or sqlite3 DBAPI2 connectionother DBAPI2 objects are not tested, please consider using SQLAlchemy
  warnings.warn(

2026-03-16 00:14:33,500:WARNING:c:\ProgramData\Anaconda3\lib\site-packages\pandas\io\sql.py:762: UserWarning: pandas only support SQLAlchemy connectable(engine/connection) ordatabase string URI or sqlite3 DBAPI2 connectionother DBAPI2 objects are not tested, please consider using SQLAlchemy
  warnings.warn(

2026-03-16 00:14:36,021:WARNING:c:\ProgramData\Anaconda3\lib\site-packages\pandas\io\sql.py:762: UserWarning: pandas only support SQLAlchemy connectable(engine/connection) ordatabase string URI or sqlite3 DBAPI2 connectionother DBAPI2 objects are not tested, please consider using SQLAlchemy
  warnings.warn(

2026-03-16 00:14:36,056:WARNING:c:\ProgramData\Anaconda3\lib\site-packages\pandas\io\sql.py:762: UserWarning: pandas only support SQLAlchemy connectable(engine/connection) ordatabase string URI or sqlite3 DBAPI2 connectionother DBAPI2 objects are not tested, please consider using SQLAlchemy
  warnings.warn(

2026-03-16 00:14:36,736:WARNING:C:\Users\savan\AppData\Local\Temp\ipykernel_44456\4086773308.py:1: FutureWarning: Treating datetime data as categorical rather than numeric in `.describe` is deprecated and will be removed in a future version of pandas. Specify `datetime_is_numeric=True` to silence this warning and adopt the future behavior now.
  loan_cashflow_df.describe()

2026-03-16 00:14:37,742:WARNING:c:\ProgramData\Anaconda3\lib\site-packages\pandas\io\sql.py:762: UserWarning: pandas only support SQLAlchemy connectable(engine/connection) ordatabase string URI or sqlite3 DBAPI2 connectionother DBAPI2 objects are not tested, please consider using SQLAlchemy
  warnings.warn(

2026-03-16 00:15:04,943:WARNING:C:\Users\savan\AppData\Roaming\Python\Python39\site-packages\xgboost\core.py:158: UserWarning: [00:15:04] WARNING: C:\buildkite-agent\builds\buildkite-windows-cpu-autoscaling-group-i-08cbc0333d8d4aae1-1\xgboost\xgboost-ci-windows\src\learner.cc:740: 
Parameters: { "use_label_encoder" } are not used.

  warnings.warn(smsg, UserWarning)

2026-03-16 00:15:05,064:WARNING:C:\Users\savan\AppData\Roaming\Python\Python39\site-packages\xgboost\core.py:158: UserWarning: [00:15:05] WARNING: C:\buildkite-agent\builds\buildkite-windows-cpu-autoscaling-group-i-08cbc0333d8d4aae1-1\xgboost\xgboost-ci-windows\src\learner.cc:740: 
Parameters: { "use_label_encoder" } are not used.

  warnings.warn(smsg, UserWarning)

2026-03-16 00:15:05,178:WARNING:C:\Users\savan\AppData\Roaming\Python\Python39\site-packages\xgboost\core.py:158: UserWarning: [00:15:05] WARNING: C:\buildkite-agent\builds\buildkite-windows-cpu-autoscaling-group-i-08cbc0333d8d4aae1-1\xgboost\xgboost-ci-windows\src\learner.cc:740: 
Parameters: { "use_label_encoder" } are not used.

  warnings.warn(smsg, UserWarning)

2026-03-16 00:15:05,284:WARNING:C:\Users\savan\AppData\Roaming\Python\Python39\site-packages\xgboost\core.py:158: UserWarning: [00:15:05] WARNING: C:\buildkite-agent\builds\buildkite-windows-cpu-autoscaling-group-i-08cbc0333d8d4aae1-1\xgboost\xgboost-ci-windows\src\learner.cc:740: 
Parameters: { "use_label_encoder" } are not used.

  warnings.warn(smsg, UserWarning)

2026-03-16 00:15:05,382:WARNING:C:\Users\savan\AppData\Roaming\Python\Python39\site-packages\xgboost\core.py:158: UserWarning: [00:15:05] WARNING: C:\buildkite-agent\builds\buildkite-windows-cpu-autoscaling-group-i-08cbc0333d8d4aae1-1\xgboost\xgboost-ci-windows\src\learner.cc:740: 
Parameters: { "use_label_encoder" } are not used.

  warnings.warn(smsg, UserWarning)

2026-03-16 00:15:05,506:WARNING:C:\Users\savan\AppData\Roaming\Python\Python39\site-packages\xgboost\core.py:158: UserWarning: [00:15:05] WARNING: C:\buildkite-agent\builds\buildkite-windows-cpu-autoscaling-group-i-08cbc0333d8d4aae1-1\xgboost\xgboost-ci-windows\src\learner.cc:740: 
Parameters: { "use_label_encoder" } are not used.

  warnings.warn(smsg, UserWarning)

2026-03-16 00:17:47,835:WARNING:C:\Users\savan\AppData\Local\Temp\ipykernel_44456\912277280.py:7: ClusterWarning: scipy.cluster: The symmetric non-negative hollow observation matrix looks suspiciously like an uncondensed distance matrix
  Z = linkage(gower_sample, method='average')

2026-03-16 00:39:13,665:WARNING:
'cuml' is a soft dependency and not included in the pycaret installation. Please run: `pip install cuml` to install.
2026-03-16 00:39:13,666:WARNING:
'cuml' is a soft dependency and not included in the pycaret installation. Please run: `pip install cuml` to install.
2026-03-16 00:39:13,666:WARNING:
'cuml' is a soft dependency and not included in the pycaret installation. Please run: `pip install cuml` to install.
2026-03-16 00:39:13,666:WARNING:
'cuml' is a soft dependency and not included in the pycaret installation. Please run: `pip install cuml` to install.
2026-03-16 00:39:14,416:WARNING:c:\ProgramData\Anaconda3\lib\site-packages\pandas\io\sql.py:762: UserWarning: pandas only support SQLAlchemy connectable(engine/connection) ordatabase string URI or sqlite3 DBAPI2 connectionother DBAPI2 objects are not tested, please consider using SQLAlchemy
  warnings.warn(

2026-03-16 00:39:14,520:WARNING:c:\ProgramData\Anaconda3\lib\site-packages\pandas\io\sql.py:762: UserWarning: pandas only support SQLAlchemy connectable(engine/connection) ordatabase string URI or sqlite3 DBAPI2 connectionother DBAPI2 objects are not tested, please consider using SQLAlchemy
  warnings.warn(

2026-03-16 00:39:14,723:WARNING:c:\ProgramData\Anaconda3\lib\site-packages\pandas\io\sql.py:762: UserWarning: pandas only support SQLAlchemy connectable(engine/connection) ordatabase string URI or sqlite3 DBAPI2 connectionother DBAPI2 objects are not tested, please consider using SQLAlchemy
  warnings.warn(

2026-03-16 00:39:16,696:WARNING:c:\ProgramData\Anaconda3\lib\site-packages\pandas\io\sql.py:762: UserWarning: pandas only support SQLAlchemy connectable(engine/connection) ordatabase string URI or sqlite3 DBAPI2 connectionother DBAPI2 objects are not tested, please consider using SQLAlchemy
  warnings.warn(

2026-03-16 00:39:16,751:WARNING:c:\ProgramData\Anaconda3\lib\site-packages\pandas\io\sql.py:762: UserWarning: pandas only support SQLAlchemy connectable(engine/connection) ordatabase string URI or sqlite3 DBAPI2 connectionother DBAPI2 objects are not tested, please consider using SQLAlchemy
  warnings.warn(

2026-03-16 00:39:17,459:WARNING:C:\Users\savan\AppData\Local\Temp\ipykernel_41308\4086773308.py:1: FutureWarning: Treating datetime data as categorical rather than numeric in `.describe` is deprecated and will be removed in a future version of pandas. Specify `datetime_is_numeric=True` to silence this warning and adopt the future behavior now.
  loan_cashflow_df.describe()

2026-03-16 00:39:18,502:WARNING:c:\ProgramData\Anaconda3\lib\site-packages\pandas\io\sql.py:762: UserWarning: pandas only support SQLAlchemy connectable(engine/connection) ordatabase string URI or sqlite3 DBAPI2 connectionother DBAPI2 objects are not tested, please consider using SQLAlchemy
  warnings.warn(

2026-03-16 01:05:39,141:WARNING:
'cuml' is a soft dependency and not included in the pycaret installation. Please run: `pip install cuml` to install.
2026-03-16 01:05:39,141:WARNING:
'cuml' is a soft dependency and not included in the pycaret installation. Please run: `pip install cuml` to install.
2026-03-16 01:05:39,141:WARNING:
'cuml' is a soft dependency and not included in the pycaret installation. Please run: `pip install cuml` to install.
2026-03-16 01:05:39,142:WARNING:
'cuml' is a soft dependency and not included in the pycaret installation. Please run: `pip install cuml` to install.
2026-03-16 01:05:40,682:WARNING:C:\ProgramData\Anaconda3\lib\site-packages\pandas\io\sql.py:762: UserWarning: pandas only support SQLAlchemy connectable(engine/connection) ordatabase string URI or sqlite3 DBAPI2 connectionother DBAPI2 objects are not tested, please consider using SQLAlchemy
  warnings.warn(

2026-03-16 01:05:40,730:WARNING:C:\ProgramData\Anaconda3\lib\site-packages\pandas\io\sql.py:762: UserWarning: pandas only support SQLAlchemy connectable(engine/connection) ordatabase string URI or sqlite3 DBAPI2 connectionother DBAPI2 objects are not tested, please consider using SQLAlchemy
  warnings.warn(

2026-03-16 01:05:40,814:WARNING:C:\ProgramData\Anaconda3\lib\site-packages\pandas\io\sql.py:762: UserWarning: pandas only support SQLAlchemy connectable(engine/connection) ordatabase string URI or sqlite3 DBAPI2 connectionother DBAPI2 objects are not tested, please consider using SQLAlchemy
  warnings.warn(

2026-03-16 01:05:42,765:WARNING:C:\ProgramData\Anaconda3\lib\site-packages\pandas\io\sql.py:762: UserWarning: pandas only support SQLAlchemy connectable(engine/connection) ordatabase string URI or sqlite3 DBAPI2 connectionother DBAPI2 objects are not tested, please consider using SQLAlchemy
  warnings.warn(

2026-03-16 01:05:42,812:WARNING:C:\ProgramData\Anaconda3\lib\site-packages\pandas\io\sql.py:762: UserWarning: pandas only support SQLAlchemy connectable(engine/connection) ordatabase string URI or sqlite3 DBAPI2 connectionother DBAPI2 objects are not tested, please consider using SQLAlchemy
  warnings.warn(

2026-03-16 01:05:42,880:WARNING:C:\ProgramData\Anaconda3\lib\site-packages\pandas\io\sql.py:762: UserWarning: pandas only support SQLAlchemy connectable(engine/connection) ordatabase string URI or sqlite3 DBAPI2 connectionother DBAPI2 objects are not tested, please consider using SQLAlchemy
  warnings.warn(

2026-03-16 01:05:43,531:WARNING:C:\Users\savan\AppData\Roaming\Python\Python39\site-packages\xgboost\core.py:158: UserWarning: [01:05:43] WARNING: C:\buildkite-agent\builds\buildkite-windows-cpu-autoscaling-group-i-08cbc0333d8d4aae1-1\xgboost\xgboost-ci-windows\src\learner.cc:740: 
Parameters: { "use_label_encoder" } are not used.

  warnings.warn(smsg, UserWarning)

2026-03-16 01:10:56,979:WARNING:
'cuml' is a soft dependency and not included in the pycaret installation. Please run: `pip install cuml` to install.
2026-03-16 01:10:56,979:WARNING:
'cuml' is a soft dependency and not included in the pycaret installation. Please run: `pip install cuml` to install.
2026-03-16 01:10:56,979:WARNING:
'cuml' is a soft dependency and not included in the pycaret installation. Please run: `pip install cuml` to install.
2026-03-16 01:10:56,979:WARNING:
'cuml' is a soft dependency and not included in the pycaret installation. Please run: `pip install cuml` to install.
2026-03-16 01:10:58,231:WARNING:c:\ProgramData\Anaconda3\lib\site-packages\pandas\io\sql.py:762: UserWarning: pandas only support SQLAlchemy connectable(engine/connection) ordatabase string URI or sqlite3 DBAPI2 connectionother DBAPI2 objects are not tested, please consider using SQLAlchemy
  warnings.warn(

2026-03-16 01:10:58,274:WARNING:c:\ProgramData\Anaconda3\lib\site-packages\pandas\io\sql.py:762: UserWarning: pandas only support SQLAlchemy connectable(engine/connection) ordatabase string URI or sqlite3 DBAPI2 connectionother DBAPI2 objects are not tested, please consider using SQLAlchemy
  warnings.warn(

2026-03-16 01:10:58,444:WARNING:c:\ProgramData\Anaconda3\lib\site-packages\pandas\io\sql.py:762: UserWarning: pandas only support SQLAlchemy connectable(engine/connection) ordatabase string URI or sqlite3 DBAPI2 connectionother DBAPI2 objects are not tested, please consider using SQLAlchemy
  warnings.warn(

2026-03-16 01:11:00,360:WARNING:c:\ProgramData\Anaconda3\lib\site-packages\pandas\io\sql.py:762: UserWarning: pandas only support SQLAlchemy connectable(engine/connection) ordatabase string URI or sqlite3 DBAPI2 connectionother DBAPI2 objects are not tested, please consider using SQLAlchemy
  warnings.warn(

2026-03-16 01:11:00,416:WARNING:c:\ProgramData\Anaconda3\lib\site-packages\pandas\io\sql.py:762: UserWarning: pandas only support SQLAlchemy connectable(engine/connection) ordatabase string URI or sqlite3 DBAPI2 connectionother DBAPI2 objects are not tested, please consider using SQLAlchemy
  warnings.warn(

2026-03-16 01:11:01,100:WARNING:C:\Users\savan\AppData\Local\Temp\ipykernel_30040\4086773308.py:1: FutureWarning: Treating datetime data as categorical rather than numeric in `.describe` is deprecated and will be removed in a future version of pandas. Specify `datetime_is_numeric=True` to silence this warning and adopt the future behavior now.
  loan_cashflow_df.describe()

2026-03-16 01:11:02,243:WARNING:c:\ProgramData\Anaconda3\lib\site-packages\pandas\io\sql.py:762: UserWarning: pandas only support SQLAlchemy connectable(engine/connection) ordatabase string URI or sqlite3 DBAPI2 connectionother DBAPI2 objects are not tested, please consider using SQLAlchemy
  warnings.warn(

2026-03-16 01:14:05,646:WARNING:
'cuml' is a soft dependency and not included in the pycaret installation. Please run: `pip install cuml` to install.
2026-03-16 01:14:05,646:WARNING:
'cuml' is a soft dependency and not included in the pycaret installation. Please run: `pip install cuml` to install.
2026-03-16 01:14:05,646:WARNING:
'cuml' is a soft dependency and not included in the pycaret installation. Please run: `pip install cuml` to install.
2026-03-16 01:14:05,646:WARNING:
'cuml' is a soft dependency and not included in the pycaret installation. Please run: `pip install cuml` to install.
2026-03-16 01:14:06,418:WARNING:c:\ProgramData\Anaconda3\lib\site-packages\pandas\io\sql.py:762: UserWarning: pandas only support SQLAlchemy connectable(engine/connection) ordatabase string URI or sqlite3 DBAPI2 connectionother DBAPI2 objects are not tested, please consider using SQLAlchemy
  warnings.warn(

2026-03-16 01:14:06,544:WARNING:c:\ProgramData\Anaconda3\lib\site-packages\pandas\io\sql.py:762: UserWarning: pandas only support SQLAlchemy connectable(engine/connection) ordatabase string URI or sqlite3 DBAPI2 connectionother DBAPI2 objects are not tested, please consider using SQLAlchemy
  warnings.warn(

2026-03-16 01:14:06,766:WARNING:c:\ProgramData\Anaconda3\lib\site-packages\pandas\io\sql.py:762: UserWarning: pandas only support SQLAlchemy connectable(engine/connection) ordatabase string URI or sqlite3 DBAPI2 connectionother DBAPI2 objects are not tested, please consider using SQLAlchemy
  warnings.warn(

2026-03-16 01:14:08,568:WARNING:c:\ProgramData\Anaconda3\lib\site-packages\pandas\io\sql.py:762: UserWarning: pandas only support SQLAlchemy connectable(engine/connection) ordatabase string URI or sqlite3 DBAPI2 connectionother DBAPI2 objects are not tested, please consider using SQLAlchemy
  warnings.warn(

2026-03-16 01:14:08,610:WARNING:c:\ProgramData\Anaconda3\lib\site-packages\pandas\io\sql.py:762: UserWarning: pandas only support SQLAlchemy connectable(engine/connection) ordatabase string URI or sqlite3 DBAPI2 connectionother DBAPI2 objects are not tested, please consider using SQLAlchemy
  warnings.warn(

2026-03-16 01:14:09,355:WARNING:C:\Users\savan\AppData\Local\Temp\ipykernel_17920\4086773308.py:1: FutureWarning: Treating datetime data as categorical rather than numeric in `.describe` is deprecated and will be removed in a future version of pandas. Specify `datetime_is_numeric=True` to silence this warning and adopt the future behavior now.
  loan_cashflow_df.describe()

2026-03-16 01:14:10,389:WARNING:c:\ProgramData\Anaconda3\lib\site-packages\pandas\io\sql.py:762: UserWarning: pandas only support SQLAlchemy connectable(engine/connection) ordatabase string URI or sqlite3 DBAPI2 connectionother DBAPI2 objects are not tested, please consider using SQLAlchemy
  warnings.warn(

2026-03-16 01:17:12,332:WARNING:C:\Users\savan\AppData\Local\Temp\ipykernel_17920\912277280.py:7: ClusterWarning: scipy.cluster: The symmetric non-negative hollow observation matrix looks suspiciously like an uncondensed distance matrix
  Z = linkage(gower_sample, method='average')

2026-03-16 01:23:46,963:WARNING:
'cuml' is a soft dependency and not included in the pycaret installation. Please run: `pip install cuml` to install.
2026-03-16 01:23:46,963:WARNING:
'cuml' is a soft dependency and not included in the pycaret installation. Please run: `pip install cuml` to install.
2026-03-16 01:23:46,963:WARNING:
'cuml' is a soft dependency and not included in the pycaret installation. Please run: `pip install cuml` to install.
2026-03-16 01:23:46,963:WARNING:
'cuml' is a soft dependency and not included in the pycaret installation. Please run: `pip install cuml` to install.
2026-03-16 01:23:53,978:WARNING:C:\Users\savan\Downloads\FYP\streamlit_pipeline.py:30: UserWarning: pandas only supports SQLAlchemy connectable (engine/connection) or database string URI or sqlite3 DBAPI2 connection. Other DBAPI2 objects are not tested. Please consider using SQLAlchemy.
  customer_df = pd.read_sql("SELECT * FROM CUSTOMER_DETAILS", conn)

2026-03-16 01:23:54,039:WARNING:C:\Users\savan\Downloads\FYP\streamlit_pipeline.py:31: UserWarning: pandas only supports SQLAlchemy connectable (engine/connection) or database string URI or sqlite3 DBAPI2 connection. Other DBAPI2 objects are not tested. Please consider using SQLAlchemy.
  account_df = pd.read_sql("SELECT * FROM ACCOUNT_DETAILS", conn)

2026-03-16 01:23:54,130:WARNING:C:\Users\savan\Downloads\FYP\streamlit_pipeline.py:32: UserWarning: pandas only supports SQLAlchemy connectable (engine/connection) or database string URI or sqlite3 DBAPI2 connection. Other DBAPI2 objects are not tested. Please consider using SQLAlchemy.
  transaction_df = pd.read_sql("SELECT * FROM TRANSACTION_DETAILS", conn)

2026-03-16 01:23:55,713:WARNING:C:\Users\savan\Downloads\FYP\streamlit_pipeline.py:33: UserWarning: pandas only supports SQLAlchemy connectable (engine/connection) or database string URI or sqlite3 DBAPI2 connection. Other DBAPI2 objects are not tested. Please consider using SQLAlchemy.
  loan_cashflow_df = pd.read_sql("SELECT * FROM LOAN_CASHFLOW", conn)

2026-03-16 01:23:55,829:WARNING:C:\Users\savan\Downloads\FYP\streamlit_pipeline.py:34: UserWarning: pandas only supports SQLAlchemy connectable (engine/connection) or database string URI or sqlite3 DBAPI2 connection. Other DBAPI2 objects are not tested. Please consider using SQLAlchemy.
  repayment_df = pd.read_sql("SELECT * FROM REPAYMENT", conn)

2026-03-16 01:23:55,902:WARNING:C:\Users\savan\Downloads\FYP\streamlit_pipeline.py:176: UserWarning: pandas only supports SQLAlchemy connectable (engine/connection) or database string URI or sqlite3 DBAPI2 connection. Other DBAPI2 objects are not tested. Please consider using SQLAlchemy.
  valid_employment_status = pd.read_sql(

2026-03-16 01:23:56,278:WARNING:C:\Users\savan\Downloads\FYP\streamlit_pipeline.py:731: DeprecationWarning: is_categorical_dtype is deprecated and will be removed in a future version. Use isinstance(dtype, pd.CategoricalDtype) instead
  if pd.api.types.is_categorical_dtype(model_data[col]):

2026-03-16 01:23:56,653:WARNING:C:\Users\savan\AppData\Local\Programs\Python\Python311\Lib\site-packages\xgboost\training.py:200: UserWarning: [01:23:56] WARNING: C:\actions-runner\_work\xgboost\xgboost\src\learner.cc:782: 
Parameters: { "use_label_encoder" } are not used.

  bst.update(dtrain, iteration=i, fobj=obj)

2026-03-18 23:23:10,177:WARNING:
'cuml' is a soft dependency and not included in the pycaret installation. Please run: `pip install cuml` to install.
2026-03-18 23:23:10,177:WARNING:
'cuml' is a soft dependency and not included in the pycaret installation. Please run: `pip install cuml` to install.
2026-03-18 23:23:10,177:WARNING:
'cuml' is a soft dependency and not included in the pycaret installation. Please run: `pip install cuml` to install.
2026-03-18 23:23:10,177:WARNING:
'cuml' is a soft dependency and not included in the pycaret installation. Please run: `pip install cuml` to install.
2026-03-18 23:23:15,597:WARNING:c:\ProgramData\Anaconda3\lib\site-packages\pandas\io\sql.py:762: UserWarning: pandas only support SQLAlchemy connectable(engine/connection) ordatabase string URI or sqlite3 DBAPI2 connectionother DBAPI2 objects are not tested, please consider using SQLAlchemy
  warnings.warn(

2026-03-18 23:23:15,693:WARNING:c:\ProgramData\Anaconda3\lib\site-packages\pandas\io\sql.py:762: UserWarning: pandas only support SQLAlchemy connectable(engine/connection) ordatabase string URI or sqlite3 DBAPI2 connectionother DBAPI2 objects are not tested, please consider using SQLAlchemy
  warnings.warn(

2026-03-18 23:23:15,787:WARNING:c:\ProgramData\Anaconda3\lib\site-packages\pandas\io\sql.py:762: UserWarning: pandas only support SQLAlchemy connectable(engine/connection) ordatabase string URI or sqlite3 DBAPI2 connectionother DBAPI2 objects are not tested, please consider using SQLAlchemy
  warnings.warn(

2026-03-18 23:23:17,588:WARNING:c:\ProgramData\Anaconda3\lib\site-packages\pandas\io\sql.py:762: UserWarning: pandas only support SQLAlchemy connectable(engine/connection) ordatabase string URI or sqlite3 DBAPI2 connectionother DBAPI2 objects are not tested, please consider using SQLAlchemy
  warnings.warn(

2026-03-18 23:23:17,677:WARNING:c:\ProgramData\Anaconda3\lib\site-packages\pandas\io\sql.py:762: UserWarning: pandas only support SQLAlchemy connectable(engine/connection) ordatabase string URI or sqlite3 DBAPI2 connectionother DBAPI2 objects are not tested, please consider using SQLAlchemy
  warnings.warn(

2026-03-18 23:23:18,372:WARNING:C:\Users\savan\AppData\Local\Temp\ipykernel_16000\4086773308.py:1: FutureWarning: Treating datetime data as categorical rather than numeric in `.describe` is deprecated and will be removed in a future version of pandas. Specify `datetime_is_numeric=True` to silence this warning and adopt the future behavior now.
  loan_cashflow_df.describe()

2026-03-18 23:23:19,873:WARNING:c:\ProgramData\Anaconda3\lib\site-packages\pandas\io\sql.py:762: UserWarning: pandas only support SQLAlchemy connectable(engine/connection) ordatabase string URI or sqlite3 DBAPI2 connectionother DBAPI2 objects are not tested, please consider using SQLAlchemy
  warnings.warn(

2026-03-18 23:26:17,516:WARNING:C:\Users\savan\AppData\Local\Temp\ipykernel_16000\912277280.py:7: ClusterWarning: scipy.cluster: The symmetric non-negative hollow observation matrix looks suspiciously like an uncondensed distance matrix
  Z = linkage(gower_sample, method='average')

2026-03-18 23:30:39,209:WARNING:c:\ProgramData\Anaconda3\lib\site-packages\pandas\io\sql.py:762: UserWarning: pandas only support SQLAlchemy connectable(engine/connection) ordatabase string URI or sqlite3 DBAPI2 connectionother DBAPI2 objects are not tested, please consider using SQLAlchemy
  warnings.warn(

2026-03-18 23:30:39,255:WARNING:c:\ProgramData\Anaconda3\lib\site-packages\pandas\io\sql.py:762: UserWarning: pandas only support SQLAlchemy connectable(engine/connection) ordatabase string URI or sqlite3 DBAPI2 connectionother DBAPI2 objects are not tested, please consider using SQLAlchemy
  warnings.warn(

2026-03-18 23:30:39,346:WARNING:c:\ProgramData\Anaconda3\lib\site-packages\pandas\io\sql.py:762: UserWarning: pandas only support SQLAlchemy connectable(engine/connection) ordatabase string URI or sqlite3 DBAPI2 connectionother DBAPI2 objects are not tested, please consider using SQLAlchemy
  warnings.warn(

2026-03-18 23:30:41,387:WARNING:c:\ProgramData\Anaconda3\lib\site-packages\pandas\io\sql.py:762: UserWarning: pandas only support SQLAlchemy connectable(engine/connection) ordatabase string URI or sqlite3 DBAPI2 connectionother DBAPI2 objects are not tested, please consider using SQLAlchemy
  warnings.warn(

2026-03-18 23:30:41,505:WARNING:c:\ProgramData\Anaconda3\lib\site-packages\pandas\io\sql.py:762: UserWarning: pandas only support SQLAlchemy connectable(engine/connection) ordatabase string URI or sqlite3 DBAPI2 connectionother DBAPI2 objects are not tested, please consider using SQLAlchemy
  warnings.warn(

2026-03-18 23:30:42,234:WARNING:C:\Users\savan\AppData\Local\Temp\ipykernel_16000\4086773308.py:1: FutureWarning: Treating datetime data as categorical rather than numeric in `.describe` is deprecated and will be removed in a future version of pandas. Specify `datetime_is_numeric=True` to silence this warning and adopt the future behavior now.
  loan_cashflow_df.describe()

2026-03-18 23:30:43,095:WARNING:c:\ProgramData\Anaconda3\lib\site-packages\pandas\io\sql.py:762: UserWarning: pandas only support SQLAlchemy connectable(engine/connection) ordatabase string URI or sqlite3 DBAPI2 connectionother DBAPI2 objects are not tested, please consider using SQLAlchemy
  warnings.warn(

2026-03-18 23:33:44,014:WARNING:
'cuml' is a soft dependency and not included in the pycaret installation. Please run: `pip install cuml` to install.
2026-03-18 23:33:44,014:WARNING:
'cuml' is a soft dependency and not included in the pycaret installation. Please run: `pip install cuml` to install.
2026-03-18 23:33:44,014:WARNING:
'cuml' is a soft dependency and not included in the pycaret installation. Please run: `pip install cuml` to install.
2026-03-18 23:33:44,014:WARNING:
'cuml' is a soft dependency and not included in the pycaret installation. Please run: `pip install cuml` to install.
2026-03-18 23:33:50,636:WARNING:C:\Users\savan\Downloads\FYP\streamlit_pipeline.py:30: UserWarning: pandas only supports SQLAlchemy connectable (engine/connection) or database string URI or sqlite3 DBAPI2 connection. Other DBAPI2 objects are not tested. Please consider using SQLAlchemy.
  customer_df = pd.read_sql("SELECT * FROM CUSTOMER_DETAILS", conn)

2026-03-18 23:33:50,673:WARNING:C:\Users\savan\Downloads\FYP\streamlit_pipeline.py:31: UserWarning: pandas only supports SQLAlchemy connectable (engine/connection) or database string URI or sqlite3 DBAPI2 connection. Other DBAPI2 objects are not tested. Please consider using SQLAlchemy.
  account_df = pd.read_sql("SELECT * FROM ACCOUNT_DETAILS", conn)

2026-03-18 23:33:50,741:WARNING:C:\Users\savan\Downloads\FYP\streamlit_pipeline.py:32: UserWarning: pandas only supports SQLAlchemy connectable (engine/connection) or database string URI or sqlite3 DBAPI2 connection. Other DBAPI2 objects are not tested. Please consider using SQLAlchemy.
  transaction_df = pd.read_sql("SELECT * FROM TRANSACTION_DETAILS", conn)

2026-03-18 23:33:52,134:WARNING:C:\Users\savan\Downloads\FYP\streamlit_pipeline.py:33: UserWarning: pandas only supports SQLAlchemy connectable (engine/connection) or database string URI or sqlite3 DBAPI2 connection. Other DBAPI2 objects are not tested. Please consider using SQLAlchemy.
  loan_cashflow_df = pd.read_sql("SELECT * FROM LOAN_CASHFLOW", conn)

2026-03-18 23:33:52,180:WARNING:C:\Users\savan\Downloads\FYP\streamlit_pipeline.py:34: UserWarning: pandas only supports SQLAlchemy connectable (engine/connection) or database string URI or sqlite3 DBAPI2 connection. Other DBAPI2 objects are not tested. Please consider using SQLAlchemy.
  repayment_df = pd.read_sql("SELECT * FROM REPAYMENT", conn)

2026-03-18 23:33:52,236:WARNING:C:\Users\savan\Downloads\FYP\streamlit_pipeline.py:176: UserWarning: pandas only supports SQLAlchemy connectable (engine/connection) or database string URI or sqlite3 DBAPI2 connection. Other DBAPI2 objects are not tested. Please consider using SQLAlchemy.
  valid_employment_status = pd.read_sql(

2026-03-18 23:33:52,562:WARNING:C:\Users\savan\Downloads\FYP\streamlit_pipeline.py:731: DeprecationWarning: is_categorical_dtype is deprecated and will be removed in a future version. Use isinstance(dtype, pd.CategoricalDtype) instead
  if pd.api.types.is_categorical_dtype(model_data[col]):

2026-03-18 23:33:54,577:WARNING:C:\Users\savan\AppData\Local\Programs\Python\Python311\Lib\site-packages\xgboost\training.py:200: UserWarning: [23:33:54] WARNING: C:\actions-runner\_work\xgboost\xgboost\src\learner.cc:782: 
Parameters: { "use_label_encoder" } are not used.

  bst.update(dtrain, iteration=i, fobj=obj)

2026-03-18 23:34:31,151:WARNING:C:\Users\savan\AppData\Local\Temp\ipykernel_16000\912277280.py:7: ClusterWarning: scipy.cluster: The symmetric non-negative hollow observation matrix looks suspiciously like an uncondensed distance matrix
  Z = linkage(gower_sample, method='average')

2026-03-19 00:03:18,690:WARNING:
'cuml' is a soft dependency and not included in the pycaret installation. Please run: `pip install cuml` to install.
2026-03-19 00:03:18,691:WARNING:
'cuml' is a soft dependency and not included in the pycaret installation. Please run: `pip install cuml` to install.
2026-03-19 00:03:18,691:WARNING:
'cuml' is a soft dependency and not included in the pycaret installation. Please run: `pip install cuml` to install.
2026-03-19 00:03:18,691:WARNING:
'cuml' is a soft dependency and not included in the pycaret installation. Please run: `pip install cuml` to install.
2026-03-19 00:03:19,671:WARNING:c:\ProgramData\Anaconda3\lib\site-packages\pandas\io\sql.py:762: UserWarning: pandas only support SQLAlchemy connectable(engine/connection) ordatabase string URI or sqlite3 DBAPI2 connectionother DBAPI2 objects are not tested, please consider using SQLAlchemy
  warnings.warn(

2026-03-19 00:03:19,700:WARNING:c:\ProgramData\Anaconda3\lib\site-packages\pandas\io\sql.py:762: UserWarning: pandas only support SQLAlchemy connectable(engine/connection) ordatabase string URI or sqlite3 DBAPI2 connectionother DBAPI2 objects are not tested, please consider using SQLAlchemy
  warnings.warn(

2026-03-19 00:03:19,868:WARNING:c:\ProgramData\Anaconda3\lib\site-packages\pandas\io\sql.py:762: UserWarning: pandas only support SQLAlchemy connectable(engine/connection) ordatabase string URI or sqlite3 DBAPI2 connectionother DBAPI2 objects are not tested, please consider using SQLAlchemy
  warnings.warn(

2026-03-19 00:03:21,536:WARNING:c:\ProgramData\Anaconda3\lib\site-packages\pandas\io\sql.py:762: UserWarning: pandas only support SQLAlchemy connectable(engine/connection) ordatabase string URI or sqlite3 DBAPI2 connectionother DBAPI2 objects are not tested, please consider using SQLAlchemy
  warnings.warn(

2026-03-19 00:03:21,574:WARNING:c:\ProgramData\Anaconda3\lib\site-packages\pandas\io\sql.py:762: UserWarning: pandas only support SQLAlchemy connectable(engine/connection) ordatabase string URI or sqlite3 DBAPI2 connectionother DBAPI2 objects are not tested, please consider using SQLAlchemy
  warnings.warn(

2026-03-19 00:03:22,333:WARNING:C:\Users\savan\AppData\Local\Temp\ipykernel_29440\4086773308.py:1: FutureWarning: Treating datetime data as categorical rather than numeric in `.describe` is deprecated and will be removed in a future version of pandas. Specify `datetime_is_numeric=True` to silence this warning and adopt the future behavior now.
  loan_cashflow_df.describe()

2026-03-19 00:03:23,429:WARNING:c:\ProgramData\Anaconda3\lib\site-packages\pandas\io\sql.py:762: UserWarning: pandas only support SQLAlchemy connectable(engine/connection) ordatabase string URI or sqlite3 DBAPI2 connectionother DBAPI2 objects are not tested, please consider using SQLAlchemy
  warnings.warn(

2026-03-19 00:04:50,367:WARNING:
'cuml' is a soft dependency and not included in the pycaret installation. Please run: `pip install cuml` to install.
2026-03-19 00:04:50,367:WARNING:
'cuml' is a soft dependency and not included in the pycaret installation. Please run: `pip install cuml` to install.
2026-03-19 00:04:50,367:WARNING:
'cuml' is a soft dependency and not included in the pycaret installation. Please run: `pip install cuml` to install.
2026-03-19 00:04:50,367:WARNING:
'cuml' is a soft dependency and not included in the pycaret installation. Please run: `pip install cuml` to install.
2026-03-19 00:04:52,158:WARNING:C:\Users\savan\Downloads\FYP\streamlit_pipeline.py:30: UserWarning: pandas only supports SQLAlchemy connectable (engine/connection) or database string URI or sqlite3 DBAPI2 connection. Other DBAPI2 objects are not tested. Please consider using SQLAlchemy.
  customer_df = pd.read_sql("SELECT * FROM CUSTOMER_DETAILS", conn)

2026-03-19 00:04:52,198:WARNING:C:\Users\savan\Downloads\FYP\streamlit_pipeline.py:31: UserWarning: pandas only supports SQLAlchemy connectable (engine/connection) or database string URI or sqlite3 DBAPI2 connection. Other DBAPI2 objects are not tested. Please consider using SQLAlchemy.
  account_df = pd.read_sql("SELECT * FROM ACCOUNT_DETAILS", conn)

2026-03-19 00:04:52,320:WARNING:C:\Users\savan\Downloads\FYP\streamlit_pipeline.py:32: UserWarning: pandas only supports SQLAlchemy connectable (engine/connection) or database string URI or sqlite3 DBAPI2 connection. Other DBAPI2 objects are not tested. Please consider using SQLAlchemy.
  transaction_df = pd.read_sql("SELECT * FROM TRANSACTION_DETAILS", conn)

2026-03-19 00:04:53,788:WARNING:C:\Users\savan\Downloads\FYP\streamlit_pipeline.py:33: UserWarning: pandas only supports SQLAlchemy connectable (engine/connection) or database string URI or sqlite3 DBAPI2 connection. Other DBAPI2 objects are not tested. Please consider using SQLAlchemy.
  loan_cashflow_df = pd.read_sql("SELECT * FROM LOAN_CASHFLOW", conn)

2026-03-19 00:04:53,856:WARNING:C:\Users\savan\Downloads\FYP\streamlit_pipeline.py:34: UserWarning: pandas only supports SQLAlchemy connectable (engine/connection) or database string URI or sqlite3 DBAPI2 connection. Other DBAPI2 objects are not tested. Please consider using SQLAlchemy.
  repayment_df = pd.read_sql("SELECT * FROM REPAYMENT", conn)

2026-03-19 00:04:53,946:WARNING:C:\Users\savan\Downloads\FYP\streamlit_pipeline.py:199: UserWarning: pandas only supports SQLAlchemy connectable (engine/connection) or database string URI or sqlite3 DBAPI2 connection. Other DBAPI2 objects are not tested. Please consider using SQLAlchemy.
  valid_employment_status = pd.read_sql(

2026-03-19 00:04:54,304:WARNING:C:\Users\savan\Downloads\FYP\streamlit_pipeline.py:754: DeprecationWarning: is_categorical_dtype is deprecated and will be removed in a future version. Use isinstance(dtype, pd.CategoricalDtype) instead
  if pd.api.types.is_categorical_dtype(model_data[col]):

2026-03-19 00:04:54,577:WARNING:C:\Users\savan\AppData\Local\Programs\Python\Python311\Lib\site-packages\xgboost\training.py:200: UserWarning: [00:04:54] WARNING: C:\actions-runner\_work\xgboost\xgboost\src\learner.cc:782: 
Parameters: { "use_label_encoder" } are not used.

  bst.update(dtrain, iteration=i, fobj=obj)

2026-03-19 00:07:00,421:WARNING:C:\Users\savan\AppData\Local\Temp\ipykernel_29440\912277280.py:7: ClusterWarning: scipy.cluster: The symmetric non-negative hollow observation matrix looks suspiciously like an uncondensed distance matrix
  Z = linkage(gower_sample, method='average')

2026-03-20 22:36:22,463:WARNING:
'cuml' is a soft dependency and not included in the pycaret installation. Please run: `pip install cuml` to install.
2026-03-20 22:36:22,463:WARNING:
'cuml' is a soft dependency and not included in the pycaret installation. Please run: `pip install cuml` to install.
2026-03-20 22:36:22,463:WARNING:
'cuml' is a soft dependency and not included in the pycaret installation. Please run: `pip install cuml` to install.
2026-03-20 22:36:22,463:WARNING:
'cuml' is a soft dependency and not included in the pycaret installation. Please run: `pip install cuml` to install.
2026-03-20 22:36:28,956:WARNING:C:\Users\savan\Downloads\FYP\streamlit_pipeline.py:30: UserWarning: pandas only supports SQLAlchemy connectable (engine/connection) or database string URI or sqlite3 DBAPI2 connection. Other DBAPI2 objects are not tested. Please consider using SQLAlchemy.
  customer_df = pd.read_sql("SELECT * FROM CUSTOMER_DETAILS", conn)

2026-03-20 22:36:29,035:WARNING:C:\Users\savan\Downloads\FYP\streamlit_pipeline.py:31: UserWarning: pandas only supports SQLAlchemy connectable (engine/connection) or database string URI or sqlite3 DBAPI2 connection. Other DBAPI2 objects are not tested. Please consider using SQLAlchemy.
  account_df = pd.read_sql("SELECT * FROM ACCOUNT_DETAILS", conn)

2026-03-20 22:36:29,120:WARNING:C:\Users\savan\Downloads\FYP\streamlit_pipeline.py:32: UserWarning: pandas only supports SQLAlchemy connectable (engine/connection) or database string URI or sqlite3 DBAPI2 connection. Other DBAPI2 objects are not tested. Please consider using SQLAlchemy.
  transaction_df = pd.read_sql("SELECT * FROM TRANSACTION_DETAILS", conn)

2026-03-20 22:36:30,518:WARNING:C:\Users\savan\Downloads\FYP\streamlit_pipeline.py:33: UserWarning: pandas only supports SQLAlchemy connectable (engine/connection) or database string URI or sqlite3 DBAPI2 connection. Other DBAPI2 objects are not tested. Please consider using SQLAlchemy.
  loan_cashflow_df = pd.read_sql("SELECT * FROM LOAN_CASHFLOW", conn)

2026-03-20 22:36:30,566:WARNING:C:\Users\savan\Downloads\FYP\streamlit_pipeline.py:34: UserWarning: pandas only supports SQLAlchemy connectable (engine/connection) or database string URI or sqlite3 DBAPI2 connection. Other DBAPI2 objects are not tested. Please consider using SQLAlchemy.
  repayment_df = pd.read_sql("SELECT * FROM REPAYMENT", conn)

2026-03-20 22:36:30,685:WARNING:C:\Users\savan\Downloads\FYP\streamlit_pipeline.py:199: UserWarning: pandas only supports SQLAlchemy connectable (engine/connection) or database string URI or sqlite3 DBAPI2 connection. Other DBAPI2 objects are not tested. Please consider using SQLAlchemy.
  valid_employment_status = pd.read_sql(

2026-03-20 22:36:31,085:WARNING:C:\Users\savan\Downloads\FYP\streamlit_pipeline.py:754: DeprecationWarning: is_categorical_dtype is deprecated and will be removed in a future version. Use isinstance(dtype, pd.CategoricalDtype) instead
  if pd.api.types.is_categorical_dtype(model_data[col]):

2026-03-20 22:36:31,509:WARNING:C:\Users\savan\AppData\Local\Programs\Python\Python311\Lib\site-packages\xgboost\training.py:200: UserWarning: [22:36:31] WARNING: C:\actions-runner\_work\xgboost\xgboost\src\learner.cc:782: 
Parameters: { "use_label_encoder" } are not used.

  bst.update(dtrain, iteration=i, fobj=obj)

2026-03-20 22:58:18,680:WARNING:
'cuml' is a soft dependency and not included in the pycaret installation. Please run: `pip install cuml` to install.
2026-03-20 22:58:18,680:WARNING:
'cuml' is a soft dependency and not included in the pycaret installation. Please run: `pip install cuml` to install.
2026-03-20 22:58:18,680:WARNING:
'cuml' is a soft dependency and not included in the pycaret installation. Please run: `pip install cuml` to install.
2026-03-20 22:58:18,680:WARNING:
'cuml' is a soft dependency and not included in the pycaret installation. Please run: `pip install cuml` to install.
2026-03-20 22:58:20,101:WARNING:C:\Users\savan\Downloads\FYP\streamlit_pipeline.py:30: UserWarning: pandas only supports SQLAlchemy connectable (engine/connection) or database string URI or sqlite3 DBAPI2 connection. Other DBAPI2 objects are not tested. Please consider using SQLAlchemy.
  customer_df = pd.read_sql("SELECT * FROM CUSTOMER_DETAILS", conn)

2026-03-20 22:58:20,134:WARNING:C:\Users\savan\Downloads\FYP\streamlit_pipeline.py:31: UserWarning: pandas only supports SQLAlchemy connectable (engine/connection) or database string URI or sqlite3 DBAPI2 connection. Other DBAPI2 objects are not tested. Please consider using SQLAlchemy.
  account_df = pd.read_sql("SELECT * FROM ACCOUNT_DETAILS", conn)

2026-03-20 22:58:20,197:WARNING:C:\Users\savan\Downloads\FYP\streamlit_pipeline.py:32: UserWarning: pandas only supports SQLAlchemy connectable (engine/connection) or database string URI or sqlite3 DBAPI2 connection. Other DBAPI2 objects are not tested. Please consider using SQLAlchemy.
  transaction_df = pd.read_sql("SELECT * FROM TRANSACTION_DETAILS", conn)

2026-03-20 22:58:22,028:WARNING:C:\Users\savan\Downloads\FYP\streamlit_pipeline.py:33: UserWarning: pandas only supports SQLAlchemy connectable (engine/connection) or database string URI or sqlite3 DBAPI2 connection. Other DBAPI2 objects are not tested. Please consider using SQLAlchemy.
  loan_cashflow_df = pd.read_sql("SELECT * FROM LOAN_CASHFLOW", conn)

2026-03-20 22:58:22,096:WARNING:C:\Users\savan\Downloads\FYP\streamlit_pipeline.py:34: UserWarning: pandas only supports SQLAlchemy connectable (engine/connection) or database string URI or sqlite3 DBAPI2 connection. Other DBAPI2 objects are not tested. Please consider using SQLAlchemy.
  repayment_df = pd.read_sql("SELECT * FROM REPAYMENT", conn)

2026-03-20 22:58:22,174:WARNING:C:\Users\savan\Downloads\FYP\streamlit_pipeline.py:199: UserWarning: pandas only supports SQLAlchemy connectable (engine/connection) or database string URI or sqlite3 DBAPI2 connection. Other DBAPI2 objects are not tested. Please consider using SQLAlchemy.
  valid_employment_status = pd.read_sql(

2026-03-20 22:58:22,528:WARNING:C:\Users\savan\Downloads\FYP\streamlit_pipeline.py:754: DeprecationWarning: is_categorical_dtype is deprecated and will be removed in a future version. Use isinstance(dtype, pd.CategoricalDtype) instead
  if pd.api.types.is_categorical_dtype(model_data[col]):

2026-03-20 22:58:22,747:WARNING:C:\Users\savan\AppData\Local\Programs\Python\Python311\Lib\site-packages\xgboost\training.py:200: UserWarning: [22:58:22] WARNING: C:\actions-runner\_work\xgboost\xgboost\src\learner.cc:782: 
Parameters: { "use_label_encoder" } are not used.

  bst.update(dtrain, iteration=i, fobj=obj)

2026-03-20 22:58:44,077:WARNING:
'cuml' is a soft dependency and not included in the pycaret installation. Please run: `pip install cuml` to install.
2026-03-20 22:58:44,077:WARNING:
'cuml' is a soft dependency and not included in the pycaret installation. Please run: `pip install cuml` to install.
2026-03-20 22:58:44,077:WARNING:
'cuml' is a soft dependency and not included in the pycaret installation. Please run: `pip install cuml` to install.
2026-03-20 22:58:44,077:WARNING:
'cuml' is a soft dependency and not included in the pycaret installation. Please run: `pip install cuml` to install.
2026-03-20 22:58:45,478:WARNING:C:\Users\savan\Downloads\FYP\streamlit_pipeline.py:30: UserWarning: pandas only supports SQLAlchemy connectable (engine/connection) or database string URI or sqlite3 DBAPI2 connection. Other DBAPI2 objects are not tested. Please consider using SQLAlchemy.
  customer_df = pd.read_sql("SELECT * FROM CUSTOMER_DETAILS", conn)

2026-03-20 22:58:45,585:WARNING:C:\Users\savan\Downloads\FYP\streamlit_pipeline.py:31: UserWarning: pandas only supports SQLAlchemy connectable (engine/connection) or database string URI or sqlite3 DBAPI2 connection. Other DBAPI2 objects are not tested. Please consider using SQLAlchemy.
  account_df = pd.read_sql("SELECT * FROM ACCOUNT_DETAILS", conn)

2026-03-20 22:58:45,678:WARNING:C:\Users\savan\Downloads\FYP\streamlit_pipeline.py:32: UserWarning: pandas only supports SQLAlchemy connectable (engine/connection) or database string URI or sqlite3 DBAPI2 connection. Other DBAPI2 objects are not tested. Please consider using SQLAlchemy.
  transaction_df = pd.read_sql("SELECT * FROM TRANSACTION_DETAILS", conn)

2026-03-20 22:58:47,270:WARNING:C:\Users\savan\Downloads\FYP\streamlit_pipeline.py:33: UserWarning: pandas only supports SQLAlchemy connectable (engine/connection) or database string URI or sqlite3 DBAPI2 connection. Other DBAPI2 objects are not tested. Please consider using SQLAlchemy.
  loan_cashflow_df = pd.read_sql("SELECT * FROM LOAN_CASHFLOW", conn)

2026-03-20 22:58:47,289:WARNING:C:\Users\savan\Downloads\FYP\streamlit_pipeline.py:34: UserWarning: pandas only supports SQLAlchemy connectable (engine/connection) or database string URI or sqlite3 DBAPI2 connection. Other DBAPI2 objects are not tested. Please consider using SQLAlchemy.
  repayment_df = pd.read_sql("SELECT * FROM REPAYMENT", conn)

2026-03-20 22:58:47,353:WARNING:C:\Users\savan\Downloads\FYP\streamlit_pipeline.py:199: UserWarning: pandas only supports SQLAlchemy connectable (engine/connection) or database string URI or sqlite3 DBAPI2 connection. Other DBAPI2 objects are not tested. Please consider using SQLAlchemy.
  valid_employment_status = pd.read_sql(

2026-03-20 22:58:47,697:WARNING:C:\Users\savan\Downloads\FYP\streamlit_pipeline.py:754: DeprecationWarning: is_categorical_dtype is deprecated and will be removed in a future version. Use isinstance(dtype, pd.CategoricalDtype) instead
  if pd.api.types.is_categorical_dtype(model_data[col]):

2026-03-20 22:58:47,869:WARNING:C:\Users\savan\AppData\Local\Programs\Python\Python311\Lib\site-packages\xgboost\training.py:200: UserWarning: [22:58:47] WARNING: C:\actions-runner\_work\xgboost\xgboost\src\learner.cc:782: 
Parameters: { "use_label_encoder" } are not used.

  bst.update(dtrain, iteration=i, fobj=obj)

2026-03-20 23:00:26,580:WARNING:
'cuml' is a soft dependency and not included in the pycaret installation. Please run: `pip install cuml` to install.
2026-03-20 23:00:26,580:WARNING:
'cuml' is a soft dependency and not included in the pycaret installation. Please run: `pip install cuml` to install.
2026-03-20 23:00:26,580:WARNING:
'cuml' is a soft dependency and not included in the pycaret installation. Please run: `pip install cuml` to install.
2026-03-20 23:00:26,580:WARNING:
'cuml' is a soft dependency and not included in the pycaret installation. Please run: `pip install cuml` to install.
2026-03-20 23:00:27,773:WARNING:C:\Users\savan\Downloads\FYP\streamlit_pipeline.py:30: UserWarning: pandas only supports SQLAlchemy connectable (engine/connection) or database string URI or sqlite3 DBAPI2 connection. Other DBAPI2 objects are not tested. Please consider using SQLAlchemy.
  customer_df = pd.read_sql("SELECT * FROM CUSTOMER_DETAILS", conn)

2026-03-20 23:00:27,797:WARNING:C:\Users\savan\Downloads\FYP\streamlit_pipeline.py:31: UserWarning: pandas only supports SQLAlchemy connectable (engine/connection) or database string URI or sqlite3 DBAPI2 connection. Other DBAPI2 objects are not tested. Please consider using SQLAlchemy.
  account_df = pd.read_sql("SELECT * FROM ACCOUNT_DETAILS", conn)

2026-03-20 23:00:27,892:WARNING:C:\Users\savan\Downloads\FYP\streamlit_pipeline.py:32: UserWarning: pandas only supports SQLAlchemy connectable (engine/connection) or database string URI or sqlite3 DBAPI2 connection. Other DBAPI2 objects are not tested. Please consider using SQLAlchemy.
  transaction_df = pd.read_sql("SELECT * FROM TRANSACTION_DETAILS", conn)

2026-03-20 23:00:29,232:WARNING:C:\Users\savan\Downloads\FYP\streamlit_pipeline.py:33: UserWarning: pandas only supports SQLAlchemy connectable (engine/connection) or database string URI or sqlite3 DBAPI2 connection. Other DBAPI2 objects are not tested. Please consider using SQLAlchemy.
  loan_cashflow_df = pd.read_sql("SELECT * FROM LOAN_CASHFLOW", conn)

2026-03-20 23:00:29,277:WARNING:C:\Users\savan\Downloads\FYP\streamlit_pipeline.py:34: UserWarning: pandas only supports SQLAlchemy connectable (engine/connection) or database string URI or sqlite3 DBAPI2 connection. Other DBAPI2 objects are not tested. Please consider using SQLAlchemy.
  repayment_df = pd.read_sql("SELECT * FROM REPAYMENT", conn)

2026-03-20 23:00:29,343:WARNING:C:\Users\savan\Downloads\FYP\streamlit_pipeline.py:199: UserWarning: pandas only supports SQLAlchemy connectable (engine/connection) or database string URI or sqlite3 DBAPI2 connection. Other DBAPI2 objects are not tested. Please consider using SQLAlchemy.
  valid_employment_status = pd.read_sql(

2026-03-20 23:00:29,670:WARNING:C:\Users\savan\Downloads\FYP\streamlit_pipeline.py:754: DeprecationWarning: is_categorical_dtype is deprecated and will be removed in a future version. Use isinstance(dtype, pd.CategoricalDtype) instead
  if pd.api.types.is_categorical_dtype(model_data[col]):

2026-03-20 23:00:29,850:WARNING:C:\Users\savan\AppData\Local\Programs\Python\Python311\Lib\site-packages\xgboost\training.py:200: UserWarning: [23:00:29] WARNING: C:\actions-runner\_work\xgboost\xgboost\src\learner.cc:782: 
Parameters: { "use_label_encoder" } are not used.

  bst.update(dtrain, iteration=i, fobj=obj)

2026-03-20 23:00:58,280:WARNING:
'cuml' is a soft dependency and not included in the pycaret installation. Please run: `pip install cuml` to install.
2026-03-20 23:00:58,280:WARNING:
'cuml' is a soft dependency and not included in the pycaret installation. Please run: `pip install cuml` to install.
2026-03-20 23:00:58,280:WARNING:
'cuml' is a soft dependency and not included in the pycaret installation. Please run: `pip install cuml` to install.
2026-03-20 23:00:58,280:WARNING:
'cuml' is a soft dependency and not included in the pycaret installation. Please run: `pip install cuml` to install.
2026-03-20 23:00:59,523:WARNING:C:\Users\savan\Downloads\FYP\streamlit_pipeline.py:30: UserWarning: pandas only supports SQLAlchemy connectable (engine/connection) or database string URI or sqlite3 DBAPI2 connection. Other DBAPI2 objects are not tested. Please consider using SQLAlchemy.
  customer_df = pd.read_sql("SELECT * FROM CUSTOMER_DETAILS", conn)

2026-03-20 23:00:59,551:WARNING:C:\Users\savan\Downloads\FYP\streamlit_pipeline.py:31: UserWarning: pandas only supports SQLAlchemy connectable (engine/connection) or database string URI or sqlite3 DBAPI2 connection. Other DBAPI2 objects are not tested. Please consider using SQLAlchemy.
  account_df = pd.read_sql("SELECT * FROM ACCOUNT_DETAILS", conn)

2026-03-20 23:00:59,710:WARNING:C:\Users\savan\Downloads\FYP\streamlit_pipeline.py:32: UserWarning: pandas only supports SQLAlchemy connectable (engine/connection) or database string URI or sqlite3 DBAPI2 connection. Other DBAPI2 objects are not tested. Please consider using SQLAlchemy.
  transaction_df = pd.read_sql("SELECT * FROM TRANSACTION_DETAILS", conn)

2026-03-20 23:01:02,051:WARNING:C:\Users\savan\Downloads\FYP\streamlit_pipeline.py:33: UserWarning: pandas only supports SQLAlchemy connectable (engine/connection) or database string URI or sqlite3 DBAPI2 connection. Other DBAPI2 objects are not tested. Please consider using SQLAlchemy.
  loan_cashflow_df = pd.read_sql("SELECT * FROM LOAN_CASHFLOW", conn)

2026-03-20 23:01:02,098:WARNING:C:\Users\savan\Downloads\FYP\streamlit_pipeline.py:34: UserWarning: pandas only supports SQLAlchemy connectable (engine/connection) or database string URI or sqlite3 DBAPI2 connection. Other DBAPI2 objects are not tested. Please consider using SQLAlchemy.
  repayment_df = pd.read_sql("SELECT * FROM REPAYMENT", conn)

2026-03-20 23:01:02,146:WARNING:C:\Users\savan\Downloads\FYP\streamlit_pipeline.py:199: UserWarning: pandas only supports SQLAlchemy connectable (engine/connection) or database string URI or sqlite3 DBAPI2 connection. Other DBAPI2 objects are not tested. Please consider using SQLAlchemy.
  valid_employment_status = pd.read_sql(

2026-03-20 23:01:02,472:WARNING:C:\Users\savan\Downloads\FYP\streamlit_pipeline.py:754: DeprecationWarning: is_categorical_dtype is deprecated and will be removed in a future version. Use isinstance(dtype, pd.CategoricalDtype) instead
  if pd.api.types.is_categorical_dtype(model_data[col]):

2026-03-20 23:01:02,635:WARNING:C:\Users\savan\AppData\Local\Programs\Python\Python311\Lib\site-packages\xgboost\training.py:200: UserWarning: [23:01:02] WARNING: C:\actions-runner\_work\xgboost\xgboost\src\learner.cc:782: 
Parameters: { "use_label_encoder" } are not used.

  bst.update(dtrain, iteration=i, fobj=obj)

2026-03-20 23:01:48,512:WARNING:
'cuml' is a soft dependency and not included in the pycaret installation. Please run: `pip install cuml` to install.
2026-03-20 23:01:48,512:WARNING:
'cuml' is a soft dependency and not included in the pycaret installation. Please run: `pip install cuml` to install.
2026-03-20 23:01:48,512:WARNING:
'cuml' is a soft dependency and not included in the pycaret installation. Please run: `pip install cuml` to install.
2026-03-20 23:01:48,512:WARNING:
'cuml' is a soft dependency and not included in the pycaret installation. Please run: `pip install cuml` to install.
2026-03-20 23:01:49,785:WARNING:C:\Users\savan\Downloads\FYP\streamlit_pipeline.py:30: UserWarning: pandas only supports SQLAlchemy connectable (engine/connection) or database string URI or sqlite3 DBAPI2 connection. Other DBAPI2 objects are not tested. Please consider using SQLAlchemy.
  customer_df = pd.read_sql("SELECT * FROM CUSTOMER_DETAILS", conn)

2026-03-20 23:01:49,847:WARNING:C:\Users\savan\Downloads\FYP\streamlit_pipeline.py:31: UserWarning: pandas only supports SQLAlchemy connectable (engine/connection) or database string URI or sqlite3 DBAPI2 connection. Other DBAPI2 objects are not tested. Please consider using SQLAlchemy.
  account_df = pd.read_sql("SELECT * FROM ACCOUNT_DETAILS", conn)

2026-03-20 23:01:49,926:WARNING:C:\Users\savan\Downloads\FYP\streamlit_pipeline.py:32: UserWarning: pandas only supports SQLAlchemy connectable (engine/connection) or database string URI or sqlite3 DBAPI2 connection. Other DBAPI2 objects are not tested. Please consider using SQLAlchemy.
  transaction_df = pd.read_sql("SELECT * FROM TRANSACTION_DETAILS", conn)

2026-03-20 23:01:51,619:WARNING:C:\Users\savan\Downloads\FYP\streamlit_pipeline.py:33: UserWarning: pandas only supports SQLAlchemy connectable (engine/connection) or database string URI or sqlite3 DBAPI2 connection. Other DBAPI2 objects are not tested. Please consider using SQLAlchemy.
  loan_cashflow_df = pd.read_sql("SELECT * FROM LOAN_CASHFLOW", conn)

2026-03-20 23:01:51,666:WARNING:C:\Users\savan\Downloads\FYP\streamlit_pipeline.py:34: UserWarning: pandas only supports SQLAlchemy connectable (engine/connection) or database string URI or sqlite3 DBAPI2 connection. Other DBAPI2 objects are not tested. Please consider using SQLAlchemy.
  repayment_df = pd.read_sql("SELECT * FROM REPAYMENT", conn)

2026-03-20 23:01:51,758:WARNING:C:\Users\savan\Downloads\FYP\streamlit_pipeline.py:199: UserWarning: pandas only supports SQLAlchemy connectable (engine/connection) or database string URI or sqlite3 DBAPI2 connection. Other DBAPI2 objects are not tested. Please consider using SQLAlchemy.
  valid_employment_status = pd.read_sql(

2026-03-20 23:01:52,091:WARNING:C:\Users\savan\Downloads\FYP\streamlit_pipeline.py:754: DeprecationWarning: is_categorical_dtype is deprecated and will be removed in a future version. Use isinstance(dtype, pd.CategoricalDtype) instead
  if pd.api.types.is_categorical_dtype(model_data[col]):

2026-03-20 23:01:52,275:WARNING:C:\Users\savan\AppData\Local\Programs\Python\Python311\Lib\site-packages\xgboost\training.py:200: UserWarning: [23:01:52] WARNING: C:\actions-runner\_work\xgboost\xgboost\src\learner.cc:782: 
Parameters: { "use_label_encoder" } are not used.

  bst.update(dtrain, iteration=i, fobj=obj)

2026-03-20 23:03:02,964:WARNING:
'cuml' is a soft dependency and not included in the pycaret installation. Please run: `pip install cuml` to install.
2026-03-20 23:03:02,964:WARNING:
'cuml' is a soft dependency and not included in the pycaret installation. Please run: `pip install cuml` to install.
2026-03-20 23:03:02,964:WARNING:
'cuml' is a soft dependency and not included in the pycaret installation. Please run: `pip install cuml` to install.
2026-03-20 23:03:02,964:WARNING:
'cuml' is a soft dependency and not included in the pycaret installation. Please run: `pip install cuml` to install.
2026-03-20 23:03:04,320:WARNING:C:\Users\savan\Downloads\FYP\streamlit_pipeline.py:30: UserWarning: pandas only supports SQLAlchemy connectable (engine/connection) or database string URI or sqlite3 DBAPI2 connection. Other DBAPI2 objects are not tested. Please consider using SQLAlchemy.
  customer_df = pd.read_sql("SELECT * FROM CUSTOMER_DETAILS", conn)

2026-03-20 23:03:04,400:WARNING:C:\Users\savan\Downloads\FYP\streamlit_pipeline.py:31: UserWarning: pandas only supports SQLAlchemy connectable (engine/connection) or database string URI or sqlite3 DBAPI2 connection. Other DBAPI2 objects are not tested. Please consider using SQLAlchemy.
  account_df = pd.read_sql("SELECT * FROM ACCOUNT_DETAILS", conn)

2026-03-20 23:03:04,477:WARNING:C:\Users\savan\Downloads\FYP\streamlit_pipeline.py:32: UserWarning: pandas only supports SQLAlchemy connectable (engine/connection) or database string URI or sqlite3 DBAPI2 connection. Other DBAPI2 objects are not tested. Please consider using SQLAlchemy.
  transaction_df = pd.read_sql("SELECT * FROM TRANSACTION_DETAILS", conn)

2026-03-20 23:03:05,935:WARNING:C:\Users\savan\Downloads\FYP\streamlit_pipeline.py:33: UserWarning: pandas only supports SQLAlchemy connectable (engine/connection) or database string URI or sqlite3 DBAPI2 connection. Other DBAPI2 objects are not tested. Please consider using SQLAlchemy.
  loan_cashflow_df = pd.read_sql("SELECT * FROM LOAN_CASHFLOW", conn)

2026-03-20 23:03:06,009:WARNING:C:\Users\savan\Downloads\FYP\streamlit_pipeline.py:34: UserWarning: pandas only supports SQLAlchemy connectable (engine/connection) or database string URI or sqlite3 DBAPI2 connection. Other DBAPI2 objects are not tested. Please consider using SQLAlchemy.
  repayment_df = pd.read_sql("SELECT * FROM REPAYMENT", conn)

2026-03-20 23:03:06,088:WARNING:C:\Users\savan\Downloads\FYP\streamlit_pipeline.py:199: UserWarning: pandas only supports SQLAlchemy connectable (engine/connection) or database string URI or sqlite3 DBAPI2 connection. Other DBAPI2 objects are not tested. Please consider using SQLAlchemy.
  valid_employment_status = pd.read_sql(

2026-03-20 23:03:06,425:WARNING:C:\Users\savan\Downloads\FYP\streamlit_pipeline.py:754: DeprecationWarning: is_categorical_dtype is deprecated and will be removed in a future version. Use isinstance(dtype, pd.CategoricalDtype) instead
  if pd.api.types.is_categorical_dtype(model_data[col]):

2026-03-20 23:03:06,595:WARNING:C:\Users\savan\AppData\Local\Programs\Python\Python311\Lib\site-packages\xgboost\training.py:200: UserWarning: [23:03:06] WARNING: C:\actions-runner\_work\xgboost\xgboost\src\learner.cc:782: 
Parameters: { "use_label_encoder" } are not used.

  bst.update(dtrain, iteration=i, fobj=obj)

2026-04-04 00:02:52,850:WARNING:
'cuml' is a soft dependency and not included in the pycaret installation. Please run: `pip install cuml` to install.
2026-04-04 00:02:52,851:WARNING:
'cuml' is a soft dependency and not included in the pycaret installation. Please run: `pip install cuml` to install.
2026-04-04 00:02:52,851:WARNING:
'cuml' is a soft dependency and not included in the pycaret installation. Please run: `pip install cuml` to install.
2026-04-04 00:02:52,851:WARNING:
'cuml' is a soft dependency and not included in the pycaret installation. Please run: `pip install cuml` to install.
2026-04-04 00:02:56,500:WARNING:c:\ProgramData\Anaconda3\lib\site-packages\pandas\io\sql.py:762: UserWarning: pandas only support SQLAlchemy connectable(engine/connection) ordatabase string URI or sqlite3 DBAPI2 connectionother DBAPI2 objects are not tested, please consider using SQLAlchemy
  warnings.warn(

2026-04-04 00:02:56,551:WARNING:c:\ProgramData\Anaconda3\lib\site-packages\pandas\io\sql.py:762: UserWarning: pandas only support SQLAlchemy connectable(engine/connection) ordatabase string URI or sqlite3 DBAPI2 connectionother DBAPI2 objects are not tested, please consider using SQLAlchemy
  warnings.warn(

2026-04-04 00:02:56,628:WARNING:c:\ProgramData\Anaconda3\lib\site-packages\pandas\io\sql.py:762: UserWarning: pandas only support SQLAlchemy connectable(engine/connection) ordatabase string URI or sqlite3 DBAPI2 connectionother DBAPI2 objects are not tested, please consider using SQLAlchemy
  warnings.warn(

2026-04-04 00:02:58,188:WARNING:c:\ProgramData\Anaconda3\lib\site-packages\pandas\io\sql.py:762: UserWarning: pandas only support SQLAlchemy connectable(engine/connection) ordatabase string URI or sqlite3 DBAPI2 connectionother DBAPI2 objects are not tested, please consider using SQLAlchemy
  warnings.warn(

2026-04-04 00:02:58,229:WARNING:c:\ProgramData\Anaconda3\lib\site-packages\pandas\io\sql.py:762: UserWarning: pandas only support SQLAlchemy connectable(engine/connection) ordatabase string URI or sqlite3 DBAPI2 connectionother DBAPI2 objects are not tested, please consider using SQLAlchemy
  warnings.warn(

2026-04-04 00:02:58,913:WARNING:C:\Users\savan\AppData\Local\Temp\ipykernel_36956\4086773308.py:1: FutureWarning: Treating datetime data as categorical rather than numeric in `.describe` is deprecated and will be removed in a future version of pandas. Specify `datetime_is_numeric=True` to silence this warning and adopt the future behavior now.
  loan_cashflow_df.describe()

2026-04-04 00:03:00,380:WARNING:c:\ProgramData\Anaconda3\lib\site-packages\pandas\io\sql.py:762: UserWarning: pandas only support SQLAlchemy connectable(engine/connection) ordatabase string URI or sqlite3 DBAPI2 connectionother DBAPI2 objects are not tested, please consider using SQLAlchemy
  warnings.warn(

2026-04-04 00:05:49,419:WARNING:C:\Users\savan\AppData\Local\Temp\ipykernel_36956\912277280.py:7: ClusterWarning: scipy.cluster: The symmetric non-negative hollow observation matrix looks suspiciously like an uncondensed distance matrix
  Z = linkage(gower_sample, method='average')

2026-04-04 00:13:59,460:WARNING:
'cuml' is a soft dependency and not included in the pycaret installation. Please run: `pip install cuml` to install.
2026-04-04 00:13:59,461:WARNING:
'cuml' is a soft dependency and not included in the pycaret installation. Please run: `pip install cuml` to install.
2026-04-04 00:13:59,461:WARNING:
'cuml' is a soft dependency and not included in the pycaret installation. Please run: `pip install cuml` to install.
2026-04-04 00:13:59,461:WARNING:
'cuml' is a soft dependency and not included in the pycaret installation. Please run: `pip install cuml` to install.
2026-04-04 00:14:05,618:WARNING:C:\Users\savan\Downloads\FYP\streamlit_pipeline.py:30: UserWarning: pandas only supports SQLAlchemy connectable (engine/connection) or database string URI or sqlite3 DBAPI2 connection. Other DBAPI2 objects are not tested. Please consider using SQLAlchemy.
  customer_df = pd.read_sql("SELECT * FROM CUSTOMER_DETAILS", conn)

2026-04-04 00:14:05,659:WARNING:C:\Users\savan\Downloads\FYP\streamlit_pipeline.py:31: UserWarning: pandas only supports SQLAlchemy connectable (engine/connection) or database string URI or sqlite3 DBAPI2 connection. Other DBAPI2 objects are not tested. Please consider using SQLAlchemy.
  account_df = pd.read_sql("SELECT * FROM ACCOUNT_DETAILS", conn)

2026-04-04 00:14:05,743:WARNING:C:\Users\savan\Downloads\FYP\streamlit_pipeline.py:32: UserWarning: pandas only supports SQLAlchemy connectable (engine/connection) or database string URI or sqlite3 DBAPI2 connection. Other DBAPI2 objects are not tested. Please consider using SQLAlchemy.
  transaction_df = pd.read_sql("SELECT * FROM TRANSACTION_DETAILS", conn)

2026-04-04 00:14:07,449:WARNING:C:\Users\savan\Downloads\FYP\streamlit_pipeline.py:33: UserWarning: pandas only supports SQLAlchemy connectable (engine/connection) or database string URI or sqlite3 DBAPI2 connection. Other DBAPI2 objects are not tested. Please consider using SQLAlchemy.
  loan_cashflow_df = pd.read_sql("SELECT * FROM LOAN_CASHFLOW", conn)

2026-04-04 00:14:07,482:WARNING:C:\Users\savan\Downloads\FYP\streamlit_pipeline.py:34: UserWarning: pandas only supports SQLAlchemy connectable (engine/connection) or database string URI or sqlite3 DBAPI2 connection. Other DBAPI2 objects are not tested. Please consider using SQLAlchemy.
  repayment_df = pd.read_sql("SELECT * FROM REPAYMENT", conn)

2026-04-04 00:14:07,564:WARNING:C:\Users\savan\Downloads\FYP\streamlit_pipeline.py:199: UserWarning: pandas only supports SQLAlchemy connectable (engine/connection) or database string URI or sqlite3 DBAPI2 connection. Other DBAPI2 objects are not tested. Please consider using SQLAlchemy.
  valid_employment_status = pd.read_sql(

2026-04-04 00:14:07,967:WARNING:C:\Users\savan\Downloads\FYP\streamlit_pipeline.py:754: DeprecationWarning: is_categorical_dtype is deprecated and will be removed in a future version. Use isinstance(dtype, pd.CategoricalDtype) instead
  if pd.api.types.is_categorical_dtype(model_data[col]):

2026-04-04 00:14:08,313:WARNING:C:\Users\savan\AppData\Local\Programs\Python\Python311\Lib\site-packages\xgboost\training.py:200: UserWarning: [00:14:08] WARNING: C:\actions-runner\_work\xgboost\xgboost\src\learner.cc:782: 
Parameters: { "use_label_encoder" } are not used.

  bst.update(dtrain, iteration=i, fobj=obj)

2026-04-05 10:48:57,111:WARNING:
'cuml' is a soft dependency and not included in the pycaret installation. Please run: `pip install cuml` to install.
2026-04-05 10:48:57,111:WARNING:
'cuml' is a soft dependency and not included in the pycaret installation. Please run: `pip install cuml` to install.
2026-04-05 10:48:57,111:WARNING:
'cuml' is a soft dependency and not included in the pycaret installation. Please run: `pip install cuml` to install.
2026-04-05 10:48:57,111:WARNING:
'cuml' is a soft dependency and not included in the pycaret installation. Please run: `pip install cuml` to install.
2026-04-05 10:49:00,882:WARNING:c:\ProgramData\Anaconda3\lib\site-packages\pandas\io\sql.py:762: UserWarning: pandas only support SQLAlchemy connectable(engine/connection) ordatabase string URI or sqlite3 DBAPI2 connectionother DBAPI2 objects are not tested, please consider using SQLAlchemy
  warnings.warn(

2026-04-05 10:49:00,984:WARNING:c:\ProgramData\Anaconda3\lib\site-packages\pandas\io\sql.py:762: UserWarning: pandas only support SQLAlchemy connectable(engine/connection) ordatabase string URI or sqlite3 DBAPI2 connectionother DBAPI2 objects are not tested, please consider using SQLAlchemy
  warnings.warn(

2026-04-05 10:49:01,098:WARNING:c:\ProgramData\Anaconda3\lib\site-packages\pandas\io\sql.py:762: UserWarning: pandas only support SQLAlchemy connectable(engine/connection) ordatabase string URI or sqlite3 DBAPI2 connectionother DBAPI2 objects are not tested, please consider using SQLAlchemy
  warnings.warn(

2026-04-05 10:51:26,725:WARNING:c:\ProgramData\Anaconda3\lib\site-packages\pandas\io\sql.py:762: UserWarning: pandas only support SQLAlchemy connectable(engine/connection) ordatabase string URI or sqlite3 DBAPI2 connectionother DBAPI2 objects are not tested, please consider using SQLAlchemy
  warnings.warn(

2026-04-05 10:51:26,794:WARNING:c:\ProgramData\Anaconda3\lib\site-packages\pandas\io\sql.py:762: UserWarning: pandas only support SQLAlchemy connectable(engine/connection) ordatabase string URI or sqlite3 DBAPI2 connectionother DBAPI2 objects are not tested, please consider using SQLAlchemy
  warnings.warn(

2026-04-05 10:51:27,482:WARNING:C:\Users\savan\AppData\Local\Temp\ipykernel_6092\4086773308.py:1: FutureWarning: Treating datetime data as categorical rather than numeric in `.describe` is deprecated and will be removed in a future version of pandas. Specify `datetime_is_numeric=True` to silence this warning and adopt the future behavior now.
  loan_cashflow_df.describe()

2026-04-05 10:51:29,010:WARNING:c:\ProgramData\Anaconda3\lib\site-packages\pandas\io\sql.py:762: UserWarning: pandas only support SQLAlchemy connectable(engine/connection) ordatabase string URI or sqlite3 DBAPI2 connectionother DBAPI2 objects are not tested, please consider using SQLAlchemy
  warnings.warn(

2026-04-05 11:03:41,507:WARNING:
'cuml' is a soft dependency and not included in the pycaret installation. Please run: `pip install cuml` to install.
2026-04-05 11:03:41,508:WARNING:
'cuml' is a soft dependency and not included in the pycaret installation. Please run: `pip install cuml` to install.
2026-04-05 11:03:41,508:WARNING:
'cuml' is a soft dependency and not included in the pycaret installation. Please run: `pip install cuml` to install.
2026-04-05 11:03:41,508:WARNING:
'cuml' is a soft dependency and not included in the pycaret installation. Please run: `pip install cuml` to install.
2026-04-05 11:03:42,858:WARNING:c:\ProgramData\Anaconda3\lib\site-packages\pandas\io\sql.py:762: UserWarning: pandas only support SQLAlchemy connectable(engine/connection) ordatabase string URI or sqlite3 DBAPI2 connectionother DBAPI2 objects are not tested, please consider using SQLAlchemy
  warnings.warn(

2026-04-05 11:03:42,915:WARNING:c:\ProgramData\Anaconda3\lib\site-packages\pandas\io\sql.py:762: UserWarning: pandas only support SQLAlchemy connectable(engine/connection) ordatabase string URI or sqlite3 DBAPI2 connectionother DBAPI2 objects are not tested, please consider using SQLAlchemy
  warnings.warn(

2026-04-05 11:03:43,004:WARNING:c:\ProgramData\Anaconda3\lib\site-packages\pandas\io\sql.py:762: UserWarning: pandas only support SQLAlchemy connectable(engine/connection) ordatabase string URI or sqlite3 DBAPI2 connectionother DBAPI2 objects are not tested, please consider using SQLAlchemy
  warnings.warn(

2026-04-05 11:03:44,541:WARNING:c:\ProgramData\Anaconda3\lib\site-packages\pandas\io\sql.py:762: UserWarning: pandas only support SQLAlchemy connectable(engine/connection) ordatabase string URI or sqlite3 DBAPI2 connectionother DBAPI2 objects are not tested, please consider using SQLAlchemy
  warnings.warn(

2026-04-05 11:03:44,587:WARNING:c:\ProgramData\Anaconda3\lib\site-packages\pandas\io\sql.py:762: UserWarning: pandas only support SQLAlchemy connectable(engine/connection) ordatabase string URI or sqlite3 DBAPI2 connectionother DBAPI2 objects are not tested, please consider using SQLAlchemy
  warnings.warn(

2026-04-05 11:03:45,300:WARNING:C:\Users\savan\AppData\Local\Temp\ipykernel_13784\4086773308.py:1: FutureWarning: Treating datetime data as categorical rather than numeric in `.describe` is deprecated and will be removed in a future version of pandas. Specify `datetime_is_numeric=True` to silence this warning and adopt the future behavior now.
  loan_cashflow_df.describe()

2026-04-05 11:03:46,296:WARNING:c:\ProgramData\Anaconda3\lib\site-packages\pandas\io\sql.py:762: UserWarning: pandas only support SQLAlchemy connectable(engine/connection) ordatabase string URI or sqlite3 DBAPI2 connectionother DBAPI2 objects are not tested, please consider using SQLAlchemy
  warnings.warn(

2026-04-05 11:18:54,295:WARNING:c:\ProgramData\Anaconda3\lib\site-packages\pandas\io\sql.py:762: UserWarning: pandas only support SQLAlchemy connectable(engine/connection) ordatabase string URI or sqlite3 DBAPI2 connectionother DBAPI2 objects are not tested, please consider using SQLAlchemy
  warnings.warn(

2026-04-05 11:18:54,336:WARNING:c:\ProgramData\Anaconda3\lib\site-packages\pandas\io\sql.py:762: UserWarning: pandas only support SQLAlchemy connectable(engine/connection) ordatabase string URI or sqlite3 DBAPI2 connectionother DBAPI2 objects are not tested, please consider using SQLAlchemy
  warnings.warn(

2026-04-05 11:18:54,407:WARNING:c:\ProgramData\Anaconda3\lib\site-packages\pandas\io\sql.py:762: UserWarning: pandas only support SQLAlchemy connectable(engine/connection) ordatabase string URI or sqlite3 DBAPI2 connectionother DBAPI2 objects are not tested, please consider using SQLAlchemy
  warnings.warn(

2026-04-05 11:18:55,954:WARNING:c:\ProgramData\Anaconda3\lib\site-packages\pandas\io\sql.py:762: UserWarning: pandas only support SQLAlchemy connectable(engine/connection) ordatabase string URI or sqlite3 DBAPI2 connectionother DBAPI2 objects are not tested, please consider using SQLAlchemy
  warnings.warn(

2026-04-05 11:18:56,002:WARNING:c:\ProgramData\Anaconda3\lib\site-packages\pandas\io\sql.py:762: UserWarning: pandas only support SQLAlchemy connectable(engine/connection) ordatabase string URI or sqlite3 DBAPI2 connectionother DBAPI2 objects are not tested, please consider using SQLAlchemy
  warnings.warn(

2026-04-05 11:18:56,699:WARNING:C:\Users\savan\AppData\Local\Temp\ipykernel_13784\4086773308.py:1: FutureWarning: Treating datetime data as categorical rather than numeric in `.describe` is deprecated and will be removed in a future version of pandas. Specify `datetime_is_numeric=True` to silence this warning and adopt the future behavior now.
  loan_cashflow_df.describe()

2026-04-05 11:18:57,599:WARNING:c:\ProgramData\Anaconda3\lib\site-packages\pandas\io\sql.py:762: UserWarning: pandas only support SQLAlchemy connectable(engine/connection) ordatabase string URI or sqlite3 DBAPI2 connectionother DBAPI2 objects are not tested, please consider using SQLAlchemy
  warnings.warn(

2026-04-05 12:22:24,861:WARNING:
'cuml' is a soft dependency and not included in the pycaret installation. Please run: `pip install cuml` to install.
2026-04-05 12:22:24,861:WARNING:
'cuml' is a soft dependency and not included in the pycaret installation. Please run: `pip install cuml` to install.
2026-04-05 12:22:24,861:WARNING:
'cuml' is a soft dependency and not included in the pycaret installation. Please run: `pip install cuml` to install.
2026-04-05 12:22:24,861:WARNING:
'cuml' is a soft dependency and not included in the pycaret installation. Please run: `pip install cuml` to install.
2026-04-05 12:22:25,592:WARNING:c:\ProgramData\Anaconda3\lib\site-packages\pandas\io\sql.py:762: UserWarning: pandas only support SQLAlchemy connectable(engine/connection) ordatabase string URI or sqlite3 DBAPI2 connectionother DBAPI2 objects are not tested, please consider using SQLAlchemy
  warnings.warn(

2026-04-05 12:22:25,635:WARNING:c:\ProgramData\Anaconda3\lib\site-packages\pandas\io\sql.py:762: UserWarning: pandas only support SQLAlchemy connectable(engine/connection) ordatabase string URI or sqlite3 DBAPI2 connectionother DBAPI2 objects are not tested, please consider using SQLAlchemy
  warnings.warn(

2026-04-05 12:22:25,712:WARNING:c:\ProgramData\Anaconda3\lib\site-packages\pandas\io\sql.py:762: UserWarning: pandas only support SQLAlchemy connectable(engine/connection) ordatabase string URI or sqlite3 DBAPI2 connectionother DBAPI2 objects are not tested, please consider using SQLAlchemy
  warnings.warn(

2026-04-05 12:22:27,295:WARNING:c:\ProgramData\Anaconda3\lib\site-packages\pandas\io\sql.py:762: UserWarning: pandas only support SQLAlchemy connectable(engine/connection) ordatabase string URI or sqlite3 DBAPI2 connectionother DBAPI2 objects are not tested, please consider using SQLAlchemy
  warnings.warn(

2026-04-05 12:22:27,357:WARNING:c:\ProgramData\Anaconda3\lib\site-packages\pandas\io\sql.py:762: UserWarning: pandas only support SQLAlchemy connectable(engine/connection) ordatabase string URI or sqlite3 DBAPI2 connectionother DBAPI2 objects are not tested, please consider using SQLAlchemy
  warnings.warn(

2026-04-05 12:22:28,150:WARNING:C:\Users\savan\AppData\Local\Temp\ipykernel_19040\4086773308.py:1: FutureWarning: Treating datetime data as categorical rather than numeric in `.describe` is deprecated and will be removed in a future version of pandas. Specify `datetime_is_numeric=True` to silence this warning and adopt the future behavior now.
  loan_cashflow_df.describe()

2026-04-05 12:22:29,224:WARNING:c:\ProgramData\Anaconda3\lib\site-packages\pandas\io\sql.py:762: UserWarning: pandas only support SQLAlchemy connectable(engine/connection) ordatabase string URI or sqlite3 DBAPI2 connectionother DBAPI2 objects are not tested, please consider using SQLAlchemy
  warnings.warn(

2026-04-05 12:33:42,077:WARNING:C:\Users\savan\AppData\Local\Temp\ipykernel_19040\912277280.py:7: ClusterWarning: scipy.cluster: The symmetric non-negative hollow observation matrix looks suspiciously like an uncondensed distance matrix
  Z = linkage(gower_sample, method='average')

2026-04-05 12:46:01,558:WARNING:
'cuml' is a soft dependency and not included in the pycaret installation. Please run: `pip install cuml` to install.
2026-04-05 12:46:01,558:WARNING:
'cuml' is a soft dependency and not included in the pycaret installation. Please run: `pip install cuml` to install.
2026-04-05 12:46:01,558:WARNING:
'cuml' is a soft dependency and not included in the pycaret installation. Please run: `pip install cuml` to install.
2026-04-05 12:46:01,558:WARNING:
'cuml' is a soft dependency and not included in the pycaret installation. Please run: `pip install cuml` to install.
2026-04-05 12:46:02,342:WARNING:c:\ProgramData\Anaconda3\lib\site-packages\pandas\io\sql.py:762: UserWarning: pandas only support SQLAlchemy connectable(engine/connection) ordatabase string URI or sqlite3 DBAPI2 connectionother DBAPI2 objects are not tested, please consider using SQLAlchemy
  warnings.warn(

2026-04-05 12:46:02,397:WARNING:c:\ProgramData\Anaconda3\lib\site-packages\pandas\io\sql.py:762: UserWarning: pandas only support SQLAlchemy connectable(engine/connection) ordatabase string URI or sqlite3 DBAPI2 connectionother DBAPI2 objects are not tested, please consider using SQLAlchemy
  warnings.warn(

2026-04-05 12:46:02,474:WARNING:c:\ProgramData\Anaconda3\lib\site-packages\pandas\io\sql.py:762: UserWarning: pandas only support SQLAlchemy connectable(engine/connection) ordatabase string URI or sqlite3 DBAPI2 connectionother DBAPI2 objects are not tested, please consider using SQLAlchemy
  warnings.warn(

2026-04-05 12:46:04,021:WARNING:c:\ProgramData\Anaconda3\lib\site-packages\pandas\io\sql.py:762: UserWarning: pandas only support SQLAlchemy connectable(engine/connection) ordatabase string URI or sqlite3 DBAPI2 connectionother DBAPI2 objects are not tested, please consider using SQLAlchemy
  warnings.warn(

2026-04-05 12:46:04,072:WARNING:c:\ProgramData\Anaconda3\lib\site-packages\pandas\io\sql.py:762: UserWarning: pandas only support SQLAlchemy connectable(engine/connection) ordatabase string URI or sqlite3 DBAPI2 connectionother DBAPI2 objects are not tested, please consider using SQLAlchemy
  warnings.warn(

2026-04-05 12:46:04,773:WARNING:C:\Users\savan\AppData\Local\Temp\ipykernel_27544\4086773308.py:1: FutureWarning: Treating datetime data as categorical rather than numeric in `.describe` is deprecated and will be removed in a future version of pandas. Specify `datetime_is_numeric=True` to silence this warning and adopt the future behavior now.
  loan_cashflow_df.describe()

2026-04-05 12:46:05,799:WARNING:c:\ProgramData\Anaconda3\lib\site-packages\pandas\io\sql.py:762: UserWarning: pandas only support SQLAlchemy connectable(engine/connection) ordatabase string URI or sqlite3 DBAPI2 connectionother DBAPI2 objects are not tested, please consider using SQLAlchemy
  warnings.warn(

2026-04-05 12:47:20,019:WARNING:
'cuml' is a soft dependency and not included in the pycaret installation. Please run: `pip install cuml` to install.
2026-04-05 12:47:20,019:WARNING:
'cuml' is a soft dependency and not included in the pycaret installation. Please run: `pip install cuml` to install.
2026-04-05 12:47:20,019:WARNING:
'cuml' is a soft dependency and not included in the pycaret installation. Please run: `pip install cuml` to install.
2026-04-05 12:47:20,019:WARNING:
'cuml' is a soft dependency and not included in the pycaret installation. Please run: `pip install cuml` to install.
2026-04-05 12:47:20,806:WARNING:c:\ProgramData\Anaconda3\lib\site-packages\pandas\io\sql.py:762: UserWarning: pandas only support SQLAlchemy connectable(engine/connection) ordatabase string URI or sqlite3 DBAPI2 connectionother DBAPI2 objects are not tested, please consider using SQLAlchemy
  warnings.warn(

2026-04-05 12:47:20,855:WARNING:c:\ProgramData\Anaconda3\lib\site-packages\pandas\io\sql.py:762: UserWarning: pandas only support SQLAlchemy connectable(engine/connection) ordatabase string URI or sqlite3 DBAPI2 connectionother DBAPI2 objects are not tested, please consider using SQLAlchemy
  warnings.warn(

2026-04-05 12:47:20,944:WARNING:c:\ProgramData\Anaconda3\lib\site-packages\pandas\io\sql.py:762: UserWarning: pandas only support SQLAlchemy connectable(engine/connection) ordatabase string URI or sqlite3 DBAPI2 connectionother DBAPI2 objects are not tested, please consider using SQLAlchemy
  warnings.warn(

2026-04-05 12:47:22,586:WARNING:c:\ProgramData\Anaconda3\lib\site-packages\pandas\io\sql.py:762: UserWarning: pandas only support SQLAlchemy connectable(engine/connection) ordatabase string URI or sqlite3 DBAPI2 connectionother DBAPI2 objects are not tested, please consider using SQLAlchemy
  warnings.warn(

2026-04-05 12:47:22,629:WARNING:c:\ProgramData\Anaconda3\lib\site-packages\pandas\io\sql.py:762: UserWarning: pandas only support SQLAlchemy connectable(engine/connection) ordatabase string URI or sqlite3 DBAPI2 connectionother DBAPI2 objects are not tested, please consider using SQLAlchemy
  warnings.warn(

2026-04-05 12:47:23,338:WARNING:C:\Users\savan\AppData\Local\Temp\ipykernel_15200\4086773308.py:1: FutureWarning: Treating datetime data as categorical rather than numeric in `.describe` is deprecated and will be removed in a future version of pandas. Specify `datetime_is_numeric=True` to silence this warning and adopt the future behavior now.
  loan_cashflow_df.describe()

2026-04-05 12:47:24,434:WARNING:c:\ProgramData\Anaconda3\lib\site-packages\pandas\io\sql.py:762: UserWarning: pandas only support SQLAlchemy connectable(engine/connection) ordatabase string URI or sqlite3 DBAPI2 connectionother DBAPI2 objects are not tested, please consider using SQLAlchemy
  warnings.warn(

2026-04-05 12:49:42,477:WARNING:
'cuml' is a soft dependency and not included in the pycaret installation. Please run: `pip install cuml` to install.
2026-04-05 12:49:42,477:WARNING:
'cuml' is a soft dependency and not included in the pycaret installation. Please run: `pip install cuml` to install.
2026-04-05 12:49:42,477:WARNING:
'cuml' is a soft dependency and not included in the pycaret installation. Please run: `pip install cuml` to install.
2026-04-05 12:49:42,477:WARNING:
'cuml' is a soft dependency and not included in the pycaret installation. Please run: `pip install cuml` to install.
2026-04-05 12:49:43,215:WARNING:c:\ProgramData\Anaconda3\lib\site-packages\pandas\io\sql.py:762: UserWarning: pandas only support SQLAlchemy connectable(engine/connection) ordatabase string URI or sqlite3 DBAPI2 connectionother DBAPI2 objects are not tested, please consider using SQLAlchemy
  warnings.warn(

2026-04-05 12:49:43,252:WARNING:c:\ProgramData\Anaconda3\lib\site-packages\pandas\io\sql.py:762: UserWarning: pandas only support SQLAlchemy connectable(engine/connection) ordatabase string URI or sqlite3 DBAPI2 connectionother DBAPI2 objects are not tested, please consider using SQLAlchemy
  warnings.warn(

2026-04-05 12:49:43,355:WARNING:c:\ProgramData\Anaconda3\lib\site-packages\pandas\io\sql.py:762: UserWarning: pandas only support SQLAlchemy connectable(engine/connection) ordatabase string URI or sqlite3 DBAPI2 connectionother DBAPI2 objects are not tested, please consider using SQLAlchemy
  warnings.warn(

2026-04-05 12:49:44,863:WARNING:c:\ProgramData\Anaconda3\lib\site-packages\pandas\io\sql.py:762: UserWarning: pandas only support SQLAlchemy connectable(engine/connection) ordatabase string URI or sqlite3 DBAPI2 connectionother DBAPI2 objects are not tested, please consider using SQLAlchemy
  warnings.warn(

2026-04-05 12:49:44,939:WARNING:c:\ProgramData\Anaconda3\lib\site-packages\pandas\io\sql.py:762: UserWarning: pandas only support SQLAlchemy connectable(engine/connection) ordatabase string URI or sqlite3 DBAPI2 connectionother DBAPI2 objects are not tested, please consider using SQLAlchemy
  warnings.warn(

2026-04-05 12:49:45,657:WARNING:C:\Users\savan\AppData\Local\Temp\ipykernel_19180\4086773308.py:1: FutureWarning: Treating datetime data as categorical rather than numeric in `.describe` is deprecated and will be removed in a future version of pandas. Specify `datetime_is_numeric=True` to silence this warning and adopt the future behavior now.
  loan_cashflow_df.describe()

2026-04-05 12:49:46,853:WARNING:c:\ProgramData\Anaconda3\lib\site-packages\pandas\io\sql.py:762: UserWarning: pandas only support SQLAlchemy connectable(engine/connection) ordatabase string URI or sqlite3 DBAPI2 connectionother DBAPI2 objects are not tested, please consider using SQLAlchemy
  warnings.warn(

2026-04-05 12:56:22,706:WARNING:C:\Users\savan\AppData\Local\Temp\ipykernel_19180\912277280.py:7: ClusterWarning: scipy.cluster: The symmetric non-negative hollow observation matrix looks suspiciously like an uncondensed distance matrix
  Z = linkage(gower_sample, method='average')

2026-04-05 13:08:49,889:WARNING:
'cuml' is a soft dependency and not included in the pycaret installation. Please run: `pip install cuml` to install.
2026-04-05 13:08:49,889:WARNING:
'cuml' is a soft dependency and not included in the pycaret installation. Please run: `pip install cuml` to install.
2026-04-05 13:08:49,889:WARNING:
'cuml' is a soft dependency and not included in the pycaret installation. Please run: `pip install cuml` to install.
2026-04-05 13:08:49,889:WARNING:
'cuml' is a soft dependency and not included in the pycaret installation. Please run: `pip install cuml` to install.
2026-04-05 13:08:56,746:WARNING:C:\Users\savan\Downloads\FYP\streamlit_pipeline.py:30: UserWarning: pandas only supports SQLAlchemy connectable (engine/connection) or database string URI or sqlite3 DBAPI2 connection. Other DBAPI2 objects are not tested. Please consider using SQLAlchemy.
  customer_df = pd.read_sql("SELECT * FROM CUSTOMER_DETAILS", conn)

2026-04-05 13:08:56,810:WARNING:C:\Users\savan\Downloads\FYP\streamlit_pipeline.py:31: UserWarning: pandas only supports SQLAlchemy connectable (engine/connection) or database string URI or sqlite3 DBAPI2 connection. Other DBAPI2 objects are not tested. Please consider using SQLAlchemy.
  account_df = pd.read_sql("SELECT * FROM ACCOUNT_DETAILS", conn)

2026-04-05 13:08:56,889:WARNING:C:\Users\savan\Downloads\FYP\streamlit_pipeline.py:32: UserWarning: pandas only supports SQLAlchemy connectable (engine/connection) or database string URI or sqlite3 DBAPI2 connection. Other DBAPI2 objects are not tested. Please consider using SQLAlchemy.
  transaction_df = pd.read_sql("SELECT * FROM TRANSACTION_DETAILS", conn)

2026-04-05 13:08:58,421:WARNING:C:\Users\savan\Downloads\FYP\streamlit_pipeline.py:33: UserWarning: pandas only supports SQLAlchemy connectable (engine/connection) or database string URI or sqlite3 DBAPI2 connection. Other DBAPI2 objects are not tested. Please consider using SQLAlchemy.
  loan_cashflow_df = pd.read_sql("SELECT * FROM LOAN_CASHFLOW", conn)

2026-04-05 13:08:58,543:WARNING:C:\Users\savan\Downloads\FYP\streamlit_pipeline.py:34: UserWarning: pandas only supports SQLAlchemy connectable (engine/connection) or database string URI or sqlite3 DBAPI2 connection. Other DBAPI2 objects are not tested. Please consider using SQLAlchemy.
  repayment_df = pd.read_sql("SELECT * FROM REPAYMENT", conn)

2026-04-05 13:08:58,672:WARNING:C:\Users\savan\Downloads\FYP\streamlit_pipeline.py:199: UserWarning: pandas only supports SQLAlchemy connectable (engine/connection) or database string URI or sqlite3 DBAPI2 connection. Other DBAPI2 objects are not tested. Please consider using SQLAlchemy.
  valid_employment_status = pd.read_sql(

2026-04-05 13:08:59,090:WARNING:C:\Users\savan\Downloads\FYP\streamlit_pipeline.py:754: DeprecationWarning: is_categorical_dtype is deprecated and will be removed in a future version. Use isinstance(dtype, pd.CategoricalDtype) instead
  if pd.api.types.is_categorical_dtype(model_data[col]):

2026-04-05 13:10:32,339:WARNING:
'cuml' is a soft dependency and not included in the pycaret installation. Please run: `pip install cuml` to install.
2026-04-05 13:10:32,339:WARNING:
'cuml' is a soft dependency and not included in the pycaret installation. Please run: `pip install cuml` to install.
2026-04-05 13:10:32,339:WARNING:
'cuml' is a soft dependency and not included in the pycaret installation. Please run: `pip install cuml` to install.
2026-04-05 13:10:32,339:WARNING:
'cuml' is a soft dependency and not included in the pycaret installation. Please run: `pip install cuml` to install.
2026-04-05 13:10:33,555:WARNING:C:\Users\savan\Downloads\FYP\streamlit_pipeline.py:30: UserWarning: pandas only supports SQLAlchemy connectable (engine/connection) or database string URI or sqlite3 DBAPI2 connection. Other DBAPI2 objects are not tested. Please consider using SQLAlchemy.
  customer_df = pd.read_sql("SELECT * FROM CUSTOMER_DETAILS", conn)

2026-04-05 13:10:33,608:WARNING:C:\Users\savan\Downloads\FYP\streamlit_pipeline.py:31: UserWarning: pandas only supports SQLAlchemy connectable (engine/connection) or database string URI or sqlite3 DBAPI2 connection. Other DBAPI2 objects are not tested. Please consider using SQLAlchemy.
  account_df = pd.read_sql("SELECT * FROM ACCOUNT_DETAILS", conn)

2026-04-05 13:10:33,697:WARNING:C:\Users\savan\Downloads\FYP\streamlit_pipeline.py:32: UserWarning: pandas only supports SQLAlchemy connectable (engine/connection) or database string URI or sqlite3 DBAPI2 connection. Other DBAPI2 objects are not tested. Please consider using SQLAlchemy.
  transaction_df = pd.read_sql("SELECT * FROM TRANSACTION_DETAILS", conn)

2026-04-05 13:10:40,153:WARNING:C:\Users\savan\Downloads\FYP\streamlit_pipeline.py:33: UserWarning: pandas only supports SQLAlchemy connectable (engine/connection) or database string URI or sqlite3 DBAPI2 connection. Other DBAPI2 objects are not tested. Please consider using SQLAlchemy.
  loan_cashflow_df = pd.read_sql("SELECT * FROM LOAN_CASHFLOW", conn)

2026-04-05 13:10:40,192:WARNING:C:\Users\savan\Downloads\FYP\streamlit_pipeline.py:34: UserWarning: pandas only supports SQLAlchemy connectable (engine/connection) or database string URI or sqlite3 DBAPI2 connection. Other DBAPI2 objects are not tested. Please consider using SQLAlchemy.
  repayment_df = pd.read_sql("SELECT * FROM REPAYMENT", conn)

2026-04-05 13:10:40,256:WARNING:C:\Users\savan\Downloads\FYP\streamlit_pipeline.py:199: UserWarning: pandas only supports SQLAlchemy connectable (engine/connection) or database string URI or sqlite3 DBAPI2 connection. Other DBAPI2 objects are not tested. Please consider using SQLAlchemy.
  valid_employment_status = pd.read_sql(

2026-04-05 13:10:40,590:WARNING:C:\Users\savan\Downloads\FYP\streamlit_pipeline.py:754: DeprecationWarning: is_categorical_dtype is deprecated and will be removed in a future version. Use isinstance(dtype, pd.CategoricalDtype) instead
  if pd.api.types.is_categorical_dtype(model_data[col]):

2026-04-05 18:20:32,702:WARNING:
'cuml' is a soft dependency and not included in the pycaret installation. Please run: `pip install cuml` to install.
2026-04-05 18:20:32,702:WARNING:
'cuml' is a soft dependency and not included in the pycaret installation. Please run: `pip install cuml` to install.
2026-04-05 18:20:32,702:WARNING:
'cuml' is a soft dependency and not included in the pycaret installation. Please run: `pip install cuml` to install.
2026-04-05 18:20:32,702:WARNING:
'cuml' is a soft dependency and not included in the pycaret installation. Please run: `pip install cuml` to install.
2026-04-05 18:20:35,816:WARNING:c:\ProgramData\Anaconda3\lib\site-packages\pandas\io\sql.py:762: UserWarning: pandas only support SQLAlchemy connectable(engine/connection) ordatabase string URI or sqlite3 DBAPI2 connectionother DBAPI2 objects are not tested, please consider using SQLAlchemy
  warnings.warn(

2026-04-05 18:20:35,862:WARNING:c:\ProgramData\Anaconda3\lib\site-packages\pandas\io\sql.py:762: UserWarning: pandas only support SQLAlchemy connectable(engine/connection) ordatabase string URI or sqlite3 DBAPI2 connectionother DBAPI2 objects are not tested, please consider using SQLAlchemy
  warnings.warn(

2026-04-05 18:20:35,939:WARNING:c:\ProgramData\Anaconda3\lib\site-packages\pandas\io\sql.py:762: UserWarning: pandas only support SQLAlchemy connectable(engine/connection) ordatabase string URI or sqlite3 DBAPI2 connectionother DBAPI2 objects are not tested, please consider using SQLAlchemy
  warnings.warn(

2026-04-05 18:20:37,595:WARNING:c:\ProgramData\Anaconda3\lib\site-packages\pandas\io\sql.py:762: UserWarning: pandas only support SQLAlchemy connectable(engine/connection) ordatabase string URI or sqlite3 DBAPI2 connectionother DBAPI2 objects are not tested, please consider using SQLAlchemy
  warnings.warn(

2026-04-05 18:20:37,666:WARNING:c:\ProgramData\Anaconda3\lib\site-packages\pandas\io\sql.py:762: UserWarning: pandas only support SQLAlchemy connectable(engine/connection) ordatabase string URI or sqlite3 DBAPI2 connectionother DBAPI2 objects are not tested, please consider using SQLAlchemy
  warnings.warn(

2026-04-05 18:20:38,668:WARNING:C:\Users\savan\AppData\Local\Temp\ipykernel_11704\4086773308.py:1: FutureWarning: Treating datetime data as categorical rather than numeric in `.describe` is deprecated and will be removed in a future version of pandas. Specify `datetime_is_numeric=True` to silence this warning and adopt the future behavior now.
  loan_cashflow_df.describe()

2026-04-05 18:20:39,982:WARNING:c:\ProgramData\Anaconda3\lib\site-packages\pandas\io\sql.py:762: UserWarning: pandas only support SQLAlchemy connectable(engine/connection) ordatabase string URI or sqlite3 DBAPI2 connectionother DBAPI2 objects are not tested, please consider using SQLAlchemy
  warnings.warn(

2026-04-05 19:18:23,174:WARNING:C:\Users\savan\AppData\Local\Temp\ipykernel_11704\912277280.py:7: ClusterWarning: scipy.cluster: The symmetric non-negative hollow observation matrix looks suspiciously like an uncondensed distance matrix
  Z = linkage(gower_sample, method='average')

2026-04-05 19:30:16,874:WARNING:
'cuml' is a soft dependency and not included in the pycaret installation. Please run: `pip install cuml` to install.
2026-04-05 19:30:16,876:WARNING:
'cuml' is a soft dependency and not included in the pycaret installation. Please run: `pip install cuml` to install.
2026-04-05 19:30:16,876:WARNING:
'cuml' is a soft dependency and not included in the pycaret installation. Please run: `pip install cuml` to install.
2026-04-05 19:30:16,876:WARNING:
'cuml' is a soft dependency and not included in the pycaret installation. Please run: `pip install cuml` to install.
2026-04-05 19:30:20,609:WARNING:c:\ProgramData\Anaconda3\lib\site-packages\pandas\io\sql.py:762: UserWarning: pandas only support SQLAlchemy connectable(engine/connection) ordatabase string URI or sqlite3 DBAPI2 connectionother DBAPI2 objects are not tested, please consider using SQLAlchemy
  warnings.warn(

2026-04-05 19:30:20,693:WARNING:c:\ProgramData\Anaconda3\lib\site-packages\pandas\io\sql.py:762: UserWarning: pandas only support SQLAlchemy connectable(engine/connection) ordatabase string URI or sqlite3 DBAPI2 connectionother DBAPI2 objects are not tested, please consider using SQLAlchemy
  warnings.warn(

2026-04-05 19:30:20,876:WARNING:c:\ProgramData\Anaconda3\lib\site-packages\pandas\io\sql.py:762: UserWarning: pandas only support SQLAlchemy connectable(engine/connection) ordatabase string URI or sqlite3 DBAPI2 connectionother DBAPI2 objects are not tested, please consider using SQLAlchemy
  warnings.warn(

2026-04-05 19:30:24,916:WARNING:c:\ProgramData\Anaconda3\lib\site-packages\pandas\io\sql.py:762: UserWarning: pandas only support SQLAlchemy connectable(engine/connection) ordatabase string URI or sqlite3 DBAPI2 connectionother DBAPI2 objects are not tested, please consider using SQLAlchemy
  warnings.warn(

2026-04-05 19:30:24,984:WARNING:c:\ProgramData\Anaconda3\lib\site-packages\pandas\io\sql.py:762: UserWarning: pandas only support SQLAlchemy connectable(engine/connection) ordatabase string URI or sqlite3 DBAPI2 connectionother DBAPI2 objects are not tested, please consider using SQLAlchemy
  warnings.warn(

2026-04-05 19:30:27,430:WARNING:C:\Users\savan\AppData\Local\Temp\ipykernel_8896\4086773308.py:1: FutureWarning: Treating datetime data as categorical rather than numeric in `.describe` is deprecated and will be removed in a future version of pandas. Specify `datetime_is_numeric=True` to silence this warning and adopt the future behavior now.
  loan_cashflow_df.describe()

2026-04-05 19:30:30,606:WARNING:c:\ProgramData\Anaconda3\lib\site-packages\pandas\io\sql.py:762: UserWarning: pandas only support SQLAlchemy connectable(engine/connection) ordatabase string URI or sqlite3 DBAPI2 connectionother DBAPI2 objects are not tested, please consider using SQLAlchemy
  warnings.warn(

2026-04-05 19:36:30,859:WARNING:C:\Users\savan\AppData\Local\Temp\ipykernel_8896\912277280.py:7: ClusterWarning: scipy.cluster: The symmetric non-negative hollow observation matrix looks suspiciously like an uncondensed distance matrix
  Z = linkage(gower_sample, method='average')

2026-04-05 20:13:35,329:WARNING:
'cuml' is a soft dependency and not included in the pycaret installation. Please run: `pip install cuml` to install.
2026-04-05 20:13:35,330:WARNING:
'cuml' is a soft dependency and not included in the pycaret installation. Please run: `pip install cuml` to install.
2026-04-05 20:13:35,330:WARNING:
'cuml' is a soft dependency and not included in the pycaret installation. Please run: `pip install cuml` to install.
2026-04-05 20:13:35,330:WARNING:
'cuml' is a soft dependency and not included in the pycaret installation. Please run: `pip install cuml` to install.
2026-04-05 20:13:43,030:WARNING:C:\Users\savan\Downloads\FYP\streamlit_pipeline_1.py:33: UserWarning: pandas only supports SQLAlchemy connectable (engine/connection) or database string URI or sqlite3 DBAPI2 connection. Other DBAPI2 objects are not tested. Please consider using SQLAlchemy.
  customer_df = pd.read_sql("SELECT * FROM CUSTOMER_DETAILS", conn)

2026-04-05 20:13:43,094:WARNING:C:\Users\savan\Downloads\FYP\streamlit_pipeline_1.py:34: UserWarning: pandas only supports SQLAlchemy connectable (engine/connection) or database string URI or sqlite3 DBAPI2 connection. Other DBAPI2 objects are not tested. Please consider using SQLAlchemy.
  account_df = pd.read_sql("SELECT * FROM ACCOUNT_DETAILS", conn)

2026-04-05 20:13:43,182:WARNING:C:\Users\savan\Downloads\FYP\streamlit_pipeline_1.py:35: UserWarning: pandas only supports SQLAlchemy connectable (engine/connection) or database string URI or sqlite3 DBAPI2 connection. Other DBAPI2 objects are not tested. Please consider using SQLAlchemy.
  transaction_df = pd.read_sql("SELECT * FROM TRANSACTION_DETAILS", conn)

2026-04-05 20:13:44,724:WARNING:C:\Users\savan\Downloads\FYP\streamlit_pipeline_1.py:36: UserWarning: pandas only supports SQLAlchemy connectable (engine/connection) or database string URI or sqlite3 DBAPI2 connection. Other DBAPI2 objects are not tested. Please consider using SQLAlchemy.
  loan_cashflow_df = pd.read_sql("SELECT * FROM LOAN_CASHFLOW", conn)

2026-04-05 20:13:44,780:WARNING:C:\Users\savan\Downloads\FYP\streamlit_pipeline_1.py:37: UserWarning: pandas only supports SQLAlchemy connectable (engine/connection) or database string URI or sqlite3 DBAPI2 connection. Other DBAPI2 objects are not tested. Please consider using SQLAlchemy.
  repayment_df = pd.read_sql("SELECT * FROM REPAYMENT", conn)

2026-04-05 20:13:45,435:WARNING:C:\Users\savan\Downloads\FYP\streamlit_pipeline_1.py:209: UserWarning: pandas only supports SQLAlchemy connectable (engine/connection) or database string URI or sqlite3 DBAPI2 connection. Other DBAPI2 objects are not tested. Please consider using SQLAlchemy.
  valid_employment_status = pd.read_sql(

2026-04-05 20:15:03,346:WARNING:
'cuml' is a soft dependency and not included in the pycaret installation. Please run: `pip install cuml` to install.
2026-04-05 20:15:03,347:WARNING:
'cuml' is a soft dependency and not included in the pycaret installation. Please run: `pip install cuml` to install.
2026-04-05 20:15:03,347:WARNING:
'cuml' is a soft dependency and not included in the pycaret installation. Please run: `pip install cuml` to install.
2026-04-05 20:15:03,347:WARNING:
'cuml' is a soft dependency and not included in the pycaret installation. Please run: `pip install cuml` to install.
2026-04-05 20:15:04,860:WARNING:C:\Users\savan\Downloads\FYP\streamlit_pipeline_1.py:33: UserWarning: pandas only supports SQLAlchemy connectable (engine/connection) or database string URI or sqlite3 DBAPI2 connection. Other DBAPI2 objects are not tested. Please consider using SQLAlchemy.
  customer_df = pd.read_sql("SELECT * FROM CUSTOMER_DETAILS", conn)

2026-04-05 20:15:04,920:WARNING:C:\Users\savan\Downloads\FYP\streamlit_pipeline_1.py:34: UserWarning: pandas only supports SQLAlchemy connectable (engine/connection) or database string URI or sqlite3 DBAPI2 connection. Other DBAPI2 objects are not tested. Please consider using SQLAlchemy.
  account_df = pd.read_sql("SELECT * FROM ACCOUNT_DETAILS", conn)

2026-04-05 20:15:05,009:WARNING:C:\Users\savan\Downloads\FYP\streamlit_pipeline_1.py:35: UserWarning: pandas only supports SQLAlchemy connectable (engine/connection) or database string URI or sqlite3 DBAPI2 connection. Other DBAPI2 objects are not tested. Please consider using SQLAlchemy.
  transaction_df = pd.read_sql("SELECT * FROM TRANSACTION_DETAILS", conn)

2026-04-05 20:15:06,738:WARNING:C:\Users\savan\Downloads\FYP\streamlit_pipeline_1.py:36: UserWarning: pandas only supports SQLAlchemy connectable (engine/connection) or database string URI or sqlite3 DBAPI2 connection. Other DBAPI2 objects are not tested. Please consider using SQLAlchemy.
  loan_cashflow_df = pd.read_sql("SELECT * FROM LOAN_CASHFLOW", conn)

2026-04-05 20:15:06,785:WARNING:C:\Users\savan\Downloads\FYP\streamlit_pipeline_1.py:37: UserWarning: pandas only supports SQLAlchemy connectable (engine/connection) or database string URI or sqlite3 DBAPI2 connection. Other DBAPI2 objects are not tested. Please consider using SQLAlchemy.
  repayment_df = pd.read_sql("SELECT * FROM REPAYMENT", conn)

2026-04-05 20:15:06,942:WARNING:C:\Users\savan\Downloads\FYP\streamlit_pipeline_1.py:209: UserWarning: pandas only supports SQLAlchemy connectable (engine/connection) or database string URI or sqlite3 DBAPI2 connection. Other DBAPI2 objects are not tested. Please consider using SQLAlchemy.
  valid_employment_status = pd.read_sql(

2026-04-05 20:17:42,732:WARNING:
'cuml' is a soft dependency and not included in the pycaret installation. Please run: `pip install cuml` to install.
2026-04-05 20:17:42,732:WARNING:
'cuml' is a soft dependency and not included in the pycaret installation. Please run: `pip install cuml` to install.
2026-04-05 20:17:42,732:WARNING:
'cuml' is a soft dependency and not included in the pycaret installation. Please run: `pip install cuml` to install.
2026-04-05 20:17:42,732:WARNING:
'cuml' is a soft dependency and not included in the pycaret installation. Please run: `pip install cuml` to install.
2026-04-05 20:17:44,220:WARNING:C:\Users\savan\Downloads\FYP\streamlit_pipeline_1.py:33: UserWarning: pandas only supports SQLAlchemy connectable (engine/connection) or database string URI or sqlite3 DBAPI2 connection. Other DBAPI2 objects are not tested. Please consider using SQLAlchemy.
  customer_df = pd.read_sql("SELECT * FROM CUSTOMER_DETAILS", conn)

2026-04-05 20:17:44,258:WARNING:C:\Users\savan\Downloads\FYP\streamlit_pipeline_1.py:34: UserWarning: pandas only supports SQLAlchemy connectable (engine/connection) or database string URI or sqlite3 DBAPI2 connection. Other DBAPI2 objects are not tested. Please consider using SQLAlchemy.
  account_df = pd.read_sql("SELECT * FROM ACCOUNT_DETAILS", conn)

2026-04-05 20:17:44,336:WARNING:C:\Users\savan\Downloads\FYP\streamlit_pipeline_1.py:35: UserWarning: pandas only supports SQLAlchemy connectable (engine/connection) or database string URI or sqlite3 DBAPI2 connection. Other DBAPI2 objects are not tested. Please consider using SQLAlchemy.
  transaction_df = pd.read_sql("SELECT * FROM TRANSACTION_DETAILS", conn)

2026-04-05 20:17:45,996:WARNING:C:\Users\savan\Downloads\FYP\streamlit_pipeline_1.py:36: UserWarning: pandas only supports SQLAlchemy connectable (engine/connection) or database string URI or sqlite3 DBAPI2 connection. Other DBAPI2 objects are not tested. Please consider using SQLAlchemy.
  loan_cashflow_df = pd.read_sql("SELECT * FROM LOAN_CASHFLOW", conn)

2026-04-05 20:17:46,037:WARNING:C:\Users\savan\Downloads\FYP\streamlit_pipeline_1.py:37: UserWarning: pandas only supports SQLAlchemy connectable (engine/connection) or database string URI or sqlite3 DBAPI2 connection. Other DBAPI2 objects are not tested. Please consider using SQLAlchemy.
  repayment_df = pd.read_sql("SELECT * FROM REPAYMENT", conn)

2026-04-05 20:17:46,193:WARNING:C:\Users\savan\Downloads\FYP\streamlit_pipeline_1.py:209: UserWarning: pandas only supports SQLAlchemy connectable (engine/connection) or database string URI or sqlite3 DBAPI2 connection. Other DBAPI2 objects are not tested. Please consider using SQLAlchemy.
  valid_employment_status = pd.read_sql(

2026-04-05 20:17:48,420:WARNING:C:\Users\savan\Downloads\FYP\streamlit_pipeline_1.py:788: DeprecationWarning: is_categorical_dtype is deprecated and will be removed in a future version. Use isinstance(dtype, pd.CategoricalDtype) instead
  if pd.api.types.is_categorical_dtype(model_data[col]):

2026-04-05 20:18:37,716:WARNING:
'cuml' is a soft dependency and not included in the pycaret installation. Please run: `pip install cuml` to install.
2026-04-05 20:18:37,716:WARNING:
'cuml' is a soft dependency and not included in the pycaret installation. Please run: `pip install cuml` to install.
2026-04-05 20:18:37,716:WARNING:
'cuml' is a soft dependency and not included in the pycaret installation. Please run: `pip install cuml` to install.
2026-04-05 20:18:37,716:WARNING:
'cuml' is a soft dependency and not included in the pycaret installation. Please run: `pip install cuml` to install.
2026-04-05 20:18:39,110:WARNING:C:\Users\savan\Downloads\FYP\streamlit_pipeline_1.py:33: UserWarning: pandas only supports SQLAlchemy connectable (engine/connection) or database string URI or sqlite3 DBAPI2 connection. Other DBAPI2 objects are not tested. Please consider using SQLAlchemy.
  customer_df = pd.read_sql("SELECT * FROM CUSTOMER_DETAILS", conn)

2026-04-05 20:18:39,169:WARNING:C:\Users\savan\Downloads\FYP\streamlit_pipeline_1.py:34: UserWarning: pandas only supports SQLAlchemy connectable (engine/connection) or database string URI or sqlite3 DBAPI2 connection. Other DBAPI2 objects are not tested. Please consider using SQLAlchemy.
  account_df = pd.read_sql("SELECT * FROM ACCOUNT_DETAILS", conn)

2026-04-05 20:18:39,240:WARNING:C:\Users\savan\Downloads\FYP\streamlit_pipeline_1.py:35: UserWarning: pandas only supports SQLAlchemy connectable (engine/connection) or database string URI or sqlite3 DBAPI2 connection. Other DBAPI2 objects are not tested. Please consider using SQLAlchemy.
  transaction_df = pd.read_sql("SELECT * FROM TRANSACTION_DETAILS", conn)

2026-04-05 20:18:40,876:WARNING:C:\Users\savan\Downloads\FYP\streamlit_pipeline_1.py:36: UserWarning: pandas only supports SQLAlchemy connectable (engine/connection) or database string URI or sqlite3 DBAPI2 connection. Other DBAPI2 objects are not tested. Please consider using SQLAlchemy.
  loan_cashflow_df = pd.read_sql("SELECT * FROM LOAN_CASHFLOW", conn)

2026-04-05 20:18:40,907:WARNING:C:\Users\savan\Downloads\FYP\streamlit_pipeline_1.py:37: UserWarning: pandas only supports SQLAlchemy connectable (engine/connection) or database string URI or sqlite3 DBAPI2 connection. Other DBAPI2 objects are not tested. Please consider using SQLAlchemy.
  repayment_df = pd.read_sql("SELECT * FROM REPAYMENT", conn)

2026-04-05 20:18:41,040:WARNING:C:\Users\savan\Downloads\FYP\streamlit_pipeline_1.py:209: UserWarning: pandas only supports SQLAlchemy connectable (engine/connection) or database string URI or sqlite3 DBAPI2 connection. Other DBAPI2 objects are not tested. Please consider using SQLAlchemy.
  valid_employment_status = pd.read_sql(

2026-04-05 20:18:43,153:WARNING:C:\Users\savan\Downloads\FYP\streamlit_pipeline_1.py:788: DeprecationWarning: is_categorical_dtype is deprecated and will be removed in a future version. Use isinstance(dtype, pd.CategoricalDtype) instead
  if pd.api.types.is_categorical_dtype(model_data[col]):

2026-04-05 20:18:52,792:WARNING:
'cuml' is a soft dependency and not included in the pycaret installation. Please run: `pip install cuml` to install.
2026-04-05 20:18:52,792:WARNING:
'cuml' is a soft dependency and not included in the pycaret installation. Please run: `pip install cuml` to install.
2026-04-05 20:18:52,792:WARNING:
'cuml' is a soft dependency and not included in the pycaret installation. Please run: `pip install cuml` to install.
2026-04-05 20:18:52,792:WARNING:
'cuml' is a soft dependency and not included in the pycaret installation. Please run: `pip install cuml` to install.
2026-04-05 20:18:54,389:WARNING:C:\Users\savan\Downloads\FYP\streamlit_pipeline_1.py:34: UserWarning: pandas only supports SQLAlchemy connectable (engine/connection) or database string URI or sqlite3 DBAPI2 connection. Other DBAPI2 objects are not tested. Please consider using SQLAlchemy.
  customer_df = pd.read_sql("SELECT * FROM CUSTOMER_DETAILS", conn)

2026-04-05 20:18:54,431:WARNING:C:\Users\savan\Downloads\FYP\streamlit_pipeline_1.py:35: UserWarning: pandas only supports SQLAlchemy connectable (engine/connection) or database string URI or sqlite3 DBAPI2 connection. Other DBAPI2 objects are not tested. Please consider using SQLAlchemy.
  account_df = pd.read_sql("SELECT * FROM ACCOUNT_DETAILS", conn)

2026-04-05 20:18:54,513:WARNING:C:\Users\savan\Downloads\FYP\streamlit_pipeline_1.py:36: UserWarning: pandas only supports SQLAlchemy connectable (engine/connection) or database string URI or sqlite3 DBAPI2 connection. Other DBAPI2 objects are not tested. Please consider using SQLAlchemy.
  transaction_df = pd.read_sql("SELECT * FROM TRANSACTION_DETAILS", conn)

2026-04-05 20:18:56,287:WARNING:C:\Users\savan\Downloads\FYP\streamlit_pipeline_1.py:37: UserWarning: pandas only supports SQLAlchemy connectable (engine/connection) or database string URI or sqlite3 DBAPI2 connection. Other DBAPI2 objects are not tested. Please consider using SQLAlchemy.
  loan_cashflow_df = pd.read_sql("SELECT * FROM LOAN_CASHFLOW", conn)

2026-04-05 20:18:56,330:WARNING:C:\Users\savan\Downloads\FYP\streamlit_pipeline_1.py:38: UserWarning: pandas only supports SQLAlchemy connectable (engine/connection) or database string URI or sqlite3 DBAPI2 connection. Other DBAPI2 objects are not tested. Please consider using SQLAlchemy.
  repayment_df = pd.read_sql("SELECT * FROM REPAYMENT", conn)

2026-04-05 20:18:56,530:WARNING:C:\Users\savan\Downloads\FYP\streamlit_pipeline_1.py:210: UserWarning: pandas only supports SQLAlchemy connectable (engine/connection) or database string URI or sqlite3 DBAPI2 connection. Other DBAPI2 objects are not tested. Please consider using SQLAlchemy.
  valid_employment_status = pd.read_sql(

2026-04-05 20:18:58,816:WARNING:C:\Users\savan\Downloads\FYP\streamlit_pipeline_1.py:789: DeprecationWarning: is_categorical_dtype is deprecated and will be removed in a future version. Use isinstance(dtype, pd.CategoricalDtype) instead
  if pd.api.types.is_categorical_dtype(model_data[col]):

2026-04-05 20:20:29,876:WARNING:
'cuml' is a soft dependency and not included in the pycaret installation. Please run: `pip install cuml` to install.
2026-04-05 20:20:29,878:WARNING:
'cuml' is a soft dependency and not included in the pycaret installation. Please run: `pip install cuml` to install.
2026-04-05 20:20:29,878:WARNING:
'cuml' is a soft dependency and not included in the pycaret installation. Please run: `pip install cuml` to install.
2026-04-05 20:20:29,878:WARNING:
'cuml' is a soft dependency and not included in the pycaret installation. Please run: `pip install cuml` to install.
2026-04-05 20:20:31,445:WARNING:C:\Users\savan\Downloads\FYP\streamlit_pipeline_1.py:34: UserWarning: pandas only supports SQLAlchemy connectable (engine/connection) or database string URI or sqlite3 DBAPI2 connection. Other DBAPI2 objects are not tested. Please consider using SQLAlchemy.
  customer_df = pd.read_sql("SELECT * FROM CUSTOMER_DETAILS", conn)

2026-04-05 20:20:31,498:WARNING:C:\Users\savan\Downloads\FYP\streamlit_pipeline_1.py:35: UserWarning: pandas only supports SQLAlchemy connectable (engine/connection) or database string URI or sqlite3 DBAPI2 connection. Other DBAPI2 objects are not tested. Please consider using SQLAlchemy.
  account_df = pd.read_sql("SELECT * FROM ACCOUNT_DETAILS", conn)

2026-04-05 20:20:31,594:WARNING:C:\Users\savan\Downloads\FYP\streamlit_pipeline_1.py:36: UserWarning: pandas only supports SQLAlchemy connectable (engine/connection) or database string URI or sqlite3 DBAPI2 connection. Other DBAPI2 objects are not tested. Please consider using SQLAlchemy.
  transaction_df = pd.read_sql("SELECT * FROM TRANSACTION_DETAILS", conn)

2026-04-05 20:20:33,398:WARNING:C:\Users\savan\Downloads\FYP\streamlit_pipeline_1.py:37: UserWarning: pandas only supports SQLAlchemy connectable (engine/connection) or database string URI or sqlite3 DBAPI2 connection. Other DBAPI2 objects are not tested. Please consider using SQLAlchemy.
  loan_cashflow_df = pd.read_sql("SELECT * FROM LOAN_CASHFLOW", conn)

2026-04-05 20:20:33,499:WARNING:C:\Users\savan\Downloads\FYP\streamlit_pipeline_1.py:38: UserWarning: pandas only supports SQLAlchemy connectable (engine/connection) or database string URI or sqlite3 DBAPI2 connection. Other DBAPI2 objects are not tested. Please consider using SQLAlchemy.
  repayment_df = pd.read_sql("SELECT * FROM REPAYMENT", conn)

2026-04-05 20:20:33,721:WARNING:C:\Users\savan\Downloads\FYP\streamlit_pipeline_1.py:210: UserWarning: pandas only supports SQLAlchemy connectable (engine/connection) or database string URI or sqlite3 DBAPI2 connection. Other DBAPI2 objects are not tested. Please consider using SQLAlchemy.
  valid_employment_status = pd.read_sql(

2026-04-05 20:20:35,984:WARNING:C:\Users\savan\Downloads\FYP\streamlit_pipeline_1.py:789: DeprecationWarning: is_categorical_dtype is deprecated and will be removed in a future version. Use isinstance(dtype, pd.CategoricalDtype) instead
  if pd.api.types.is_categorical_dtype(model_data[col]):

2026-04-05 20:24:51,526:WARNING:
'cuml' is a soft dependency and not included in the pycaret installation. Please run: `pip install cuml` to install.
2026-04-05 20:24:51,529:WARNING:
'cuml' is a soft dependency and not included in the pycaret installation. Please run: `pip install cuml` to install.
2026-04-05 20:24:51,529:WARNING:
'cuml' is a soft dependency and not included in the pycaret installation. Please run: `pip install cuml` to install.
2026-04-05 20:24:51,529:WARNING:
'cuml' is a soft dependency and not included in the pycaret installation. Please run: `pip install cuml` to install.
2026-04-05 20:24:53,013:WARNING:C:\Users\savan\Downloads\FYP\streamlit_pipeline.py:34: UserWarning: pandas only supports SQLAlchemy connectable (engine/connection) or database string URI or sqlite3 DBAPI2 connection. Other DBAPI2 objects are not tested. Please consider using SQLAlchemy.
  customer_df = pd.read_sql("SELECT * FROM CUSTOMER_DETAILS", conn)

2026-04-05 20:24:53,054:WARNING:C:\Users\savan\Downloads\FYP\streamlit_pipeline.py:35: UserWarning: pandas only supports SQLAlchemy connectable (engine/connection) or database string URI or sqlite3 DBAPI2 connection. Other DBAPI2 objects are not tested. Please consider using SQLAlchemy.
  account_df = pd.read_sql("SELECT * FROM ACCOUNT_DETAILS", conn)

2026-04-05 20:24:53,125:WARNING:C:\Users\savan\Downloads\FYP\streamlit_pipeline.py:36: UserWarning: pandas only supports SQLAlchemy connectable (engine/connection) or database string URI or sqlite3 DBAPI2 connection. Other DBAPI2 objects are not tested. Please consider using SQLAlchemy.
  transaction_df = pd.read_sql("SELECT * FROM TRANSACTION_DETAILS", conn)

2026-04-05 20:24:54,745:WARNING:C:\Users\savan\Downloads\FYP\streamlit_pipeline.py:37: UserWarning: pandas only supports SQLAlchemy connectable (engine/connection) or database string URI or sqlite3 DBAPI2 connection. Other DBAPI2 objects are not tested. Please consider using SQLAlchemy.
  loan_cashflow_df = pd.read_sql("SELECT * FROM LOAN_CASHFLOW", conn)

2026-04-05 20:24:54,792:WARNING:C:\Users\savan\Downloads\FYP\streamlit_pipeline.py:38: UserWarning: pandas only supports SQLAlchemy connectable (engine/connection) or database string URI or sqlite3 DBAPI2 connection. Other DBAPI2 objects are not tested. Please consider using SQLAlchemy.
  repayment_df = pd.read_sql("SELECT * FROM REPAYMENT", conn)

2026-04-05 20:24:54,981:WARNING:C:\Users\savan\Downloads\FYP\streamlit_pipeline.py:210: UserWarning: pandas only supports SQLAlchemy connectable (engine/connection) or database string URI or sqlite3 DBAPI2 connection. Other DBAPI2 objects are not tested. Please consider using SQLAlchemy.
  valid_employment_status = pd.read_sql(

2026-04-05 20:24:57,102:WARNING:C:\Users\savan\Downloads\FYP\streamlit_pipeline.py:789: DeprecationWarning: is_categorical_dtype is deprecated and will be removed in a future version. Use isinstance(dtype, pd.CategoricalDtype) instead
  if pd.api.types.is_categorical_dtype(model_data[col]):

2026-04-05 20:29:27,547:WARNING:
'cuml' is a soft dependency and not included in the pycaret installation. Please run: `pip install cuml` to install.
2026-04-05 20:29:27,547:WARNING:
'cuml' is a soft dependency and not included in the pycaret installation. Please run: `pip install cuml` to install.
2026-04-05 20:29:27,547:WARNING:
'cuml' is a soft dependency and not included in the pycaret installation. Please run: `pip install cuml` to install.
2026-04-05 20:29:27,547:WARNING:
'cuml' is a soft dependency and not included in the pycaret installation. Please run: `pip install cuml` to install.
2026-04-05 20:29:29,070:WARNING:C:\Users\savan\Downloads\FYP\streamlit_pipeline.py:34: UserWarning: pandas only supports SQLAlchemy connectable (engine/connection) or database string URI or sqlite3 DBAPI2 connection. Other DBAPI2 objects are not tested. Please consider using SQLAlchemy.
  customer_df = pd.read_sql("SELECT * FROM CUSTOMER_DETAILS", conn)

2026-04-05 20:29:29,104:WARNING:C:\Users\savan\Downloads\FYP\streamlit_pipeline.py:35: UserWarning: pandas only supports SQLAlchemy connectable (engine/connection) or database string URI or sqlite3 DBAPI2 connection. Other DBAPI2 objects are not tested. Please consider using SQLAlchemy.
  account_df = pd.read_sql("SELECT * FROM ACCOUNT_DETAILS", conn)

2026-04-05 20:29:29,174:WARNING:C:\Users\savan\Downloads\FYP\streamlit_pipeline.py:36: UserWarning: pandas only supports SQLAlchemy connectable (engine/connection) or database string URI or sqlite3 DBAPI2 connection. Other DBAPI2 objects are not tested. Please consider using SQLAlchemy.
  transaction_df = pd.read_sql("SELECT * FROM TRANSACTION_DETAILS", conn)

2026-04-05 20:29:30,776:WARNING:C:\Users\savan\Downloads\FYP\streamlit_pipeline.py:37: UserWarning: pandas only supports SQLAlchemy connectable (engine/connection) or database string URI or sqlite3 DBAPI2 connection. Other DBAPI2 objects are not tested. Please consider using SQLAlchemy.
  loan_cashflow_df = pd.read_sql("SELECT * FROM LOAN_CASHFLOW", conn)

2026-04-05 20:29:30,807:WARNING:C:\Users\savan\Downloads\FYP\streamlit_pipeline.py:38: UserWarning: pandas only supports SQLAlchemy connectable (engine/connection) or database string URI or sqlite3 DBAPI2 connection. Other DBAPI2 objects are not tested. Please consider using SQLAlchemy.
  repayment_df = pd.read_sql("SELECT * FROM REPAYMENT", conn)

2026-04-05 20:29:31,015:WARNING:C:\Users\savan\Downloads\FYP\streamlit_pipeline.py:210: UserWarning: pandas only supports SQLAlchemy connectable (engine/connection) or database string URI or sqlite3 DBAPI2 connection. Other DBAPI2 objects are not tested. Please consider using SQLAlchemy.
  valid_employment_status = pd.read_sql(

2026-04-05 20:29:33,436:WARNING:C:\Users\savan\Downloads\FYP\streamlit_pipeline.py:789: DeprecationWarning: is_categorical_dtype is deprecated and will be removed in a future version. Use isinstance(dtype, pd.CategoricalDtype) instead
  if pd.api.types.is_categorical_dtype(model_data[col]):

2026-04-05 20:30:55,040:WARNING:
'cuml' is a soft dependency and not included in the pycaret installation. Please run: `pip install cuml` to install.
2026-04-05 20:30:55,040:WARNING:
'cuml' is a soft dependency and not included in the pycaret installation. Please run: `pip install cuml` to install.
2026-04-05 20:30:55,040:WARNING:
'cuml' is a soft dependency and not included in the pycaret installation. Please run: `pip install cuml` to install.
2026-04-05 20:30:55,040:WARNING:
'cuml' is a soft dependency and not included in the pycaret installation. Please run: `pip install cuml` to install.
2026-04-05 20:30:56,775:WARNING:C:\Users\savan\Downloads\FYP\streamlit_pipeline.py:34: UserWarning: pandas only supports SQLAlchemy connectable (engine/connection) or database string URI or sqlite3 DBAPI2 connection. Other DBAPI2 objects are not tested. Please consider using SQLAlchemy.
  customer_df = pd.read_sql("SELECT * FROM CUSTOMER_DETAILS", conn)

2026-04-05 20:30:56,826:WARNING:C:\Users\savan\Downloads\FYP\streamlit_pipeline.py:35: UserWarning: pandas only supports SQLAlchemy connectable (engine/connection) or database string URI or sqlite3 DBAPI2 connection. Other DBAPI2 objects are not tested. Please consider using SQLAlchemy.
  account_df = pd.read_sql("SELECT * FROM ACCOUNT_DETAILS", conn)

2026-04-05 20:30:56,913:WARNING:C:\Users\savan\Downloads\FYP\streamlit_pipeline.py:36: UserWarning: pandas only supports SQLAlchemy connectable (engine/connection) or database string URI or sqlite3 DBAPI2 connection. Other DBAPI2 objects are not tested. Please consider using SQLAlchemy.
  transaction_df = pd.read_sql("SELECT * FROM TRANSACTION_DETAILS", conn)

2026-04-05 20:30:58,701:WARNING:C:\Users\savan\Downloads\FYP\streamlit_pipeline.py:37: UserWarning: pandas only supports SQLAlchemy connectable (engine/connection) or database string URI or sqlite3 DBAPI2 connection. Other DBAPI2 objects are not tested. Please consider using SQLAlchemy.
  loan_cashflow_df = pd.read_sql("SELECT * FROM LOAN_CASHFLOW", conn)

2026-04-05 20:30:58,744:WARNING:C:\Users\savan\Downloads\FYP\streamlit_pipeline.py:38: UserWarning: pandas only supports SQLAlchemy connectable (engine/connection) or database string URI or sqlite3 DBAPI2 connection. Other DBAPI2 objects are not tested. Please consider using SQLAlchemy.
  repayment_df = pd.read_sql("SELECT * FROM REPAYMENT", conn)

2026-04-05 20:30:58,989:WARNING:C:\Users\savan\Downloads\FYP\streamlit_pipeline.py:210: UserWarning: pandas only supports SQLAlchemy connectable (engine/connection) or database string URI or sqlite3 DBAPI2 connection. Other DBAPI2 objects are not tested. Please consider using SQLAlchemy.
  valid_employment_status = pd.read_sql(

2026-04-05 20:31:01,302:WARNING:C:\Users\savan\Downloads\FYP\streamlit_pipeline.py:789: DeprecationWarning: is_categorical_dtype is deprecated and will be removed in a future version. Use isinstance(dtype, pd.CategoricalDtype) instead
  if pd.api.types.is_categorical_dtype(model_data[col]):

2026-04-05 20:32:53,719:WARNING:
'cuml' is a soft dependency and not included in the pycaret installation. Please run: `pip install cuml` to install.
2026-04-05 20:32:53,719:WARNING:
'cuml' is a soft dependency and not included in the pycaret installation. Please run: `pip install cuml` to install.
2026-04-05 20:32:53,719:WARNING:
'cuml' is a soft dependency and not included in the pycaret installation. Please run: `pip install cuml` to install.
2026-04-05 20:32:53,719:WARNING:
'cuml' is a soft dependency and not included in the pycaret installation. Please run: `pip install cuml` to install.
2026-04-05 20:32:55,521:WARNING:C:\Users\savan\Downloads\FYP\streamlit_pipeline.py:34: UserWarning: pandas only supports SQLAlchemy connectable (engine/connection) or database string URI or sqlite3 DBAPI2 connection. Other DBAPI2 objects are not tested. Please consider using SQLAlchemy.
  customer_df = pd.read_sql("SELECT * FROM CUSTOMER_DETAILS", conn)

2026-04-05 20:32:55,573:WARNING:C:\Users\savan\Downloads\FYP\streamlit_pipeline.py:35: UserWarning: pandas only supports SQLAlchemy connectable (engine/connection) or database string URI or sqlite3 DBAPI2 connection. Other DBAPI2 objects are not tested. Please consider using SQLAlchemy.
  account_df = pd.read_sql("SELECT * FROM ACCOUNT_DETAILS", conn)

2026-04-05 20:32:55,682:WARNING:C:\Users\savan\Downloads\FYP\streamlit_pipeline.py:36: UserWarning: pandas only supports SQLAlchemy connectable (engine/connection) or database string URI or sqlite3 DBAPI2 connection. Other DBAPI2 objects are not tested. Please consider using SQLAlchemy.
  transaction_df = pd.read_sql("SELECT * FROM TRANSACTION_DETAILS", conn)

2026-04-05 20:32:57,830:WARNING:C:\Users\savan\Downloads\FYP\streamlit_pipeline.py:37: UserWarning: pandas only supports SQLAlchemy connectable (engine/connection) or database string URI or sqlite3 DBAPI2 connection. Other DBAPI2 objects are not tested. Please consider using SQLAlchemy.
  loan_cashflow_df = pd.read_sql("SELECT * FROM LOAN_CASHFLOW", conn)

2026-04-05 20:32:57,887:WARNING:C:\Users\savan\Downloads\FYP\streamlit_pipeline.py:38: UserWarning: pandas only supports SQLAlchemy connectable (engine/connection) or database string URI or sqlite3 DBAPI2 connection. Other DBAPI2 objects are not tested. Please consider using SQLAlchemy.
  repayment_df = pd.read_sql("SELECT * FROM REPAYMENT", conn)

2026-04-05 20:32:58,175:WARNING:C:\Users\savan\Downloads\FYP\streamlit_pipeline.py:210: UserWarning: pandas only supports SQLAlchemy connectable (engine/connection) or database string URI or sqlite3 DBAPI2 connection. Other DBAPI2 objects are not tested. Please consider using SQLAlchemy.
  valid_employment_status = pd.read_sql(

2026-04-05 20:33:00,557:WARNING:C:\Users\savan\Downloads\FYP\streamlit_pipeline.py:789: DeprecationWarning: is_categorical_dtype is deprecated and will be removed in a future version. Use isinstance(dtype, pd.CategoricalDtype) instead
  if pd.api.types.is_categorical_dtype(model_data[col]):

2026-04-05 20:34:12,874:WARNING:
'cuml' is a soft dependency and not included in the pycaret installation. Please run: `pip install cuml` to install.
2026-04-05 20:34:12,874:WARNING:
'cuml' is a soft dependency and not included in the pycaret installation. Please run: `pip install cuml` to install.
2026-04-05 20:34:12,874:WARNING:
'cuml' is a soft dependency and not included in the pycaret installation. Please run: `pip install cuml` to install.
2026-04-05 20:34:12,874:WARNING:
'cuml' is a soft dependency and not included in the pycaret installation. Please run: `pip install cuml` to install.
2026-04-05 20:34:14,524:WARNING:C:\Users\savan\Downloads\FYP\streamlit_pipeline.py:34: UserWarning: pandas only supports SQLAlchemy connectable (engine/connection) or database string URI or sqlite3 DBAPI2 connection. Other DBAPI2 objects are not tested. Please consider using SQLAlchemy.
  customer_df = pd.read_sql("SELECT * FROM CUSTOMER_DETAILS", conn)

2026-04-05 20:34:14,573:WARNING:C:\Users\savan\Downloads\FYP\streamlit_pipeline.py:35: UserWarning: pandas only supports SQLAlchemy connectable (engine/connection) or database string URI or sqlite3 DBAPI2 connection. Other DBAPI2 objects are not tested. Please consider using SQLAlchemy.
  account_df = pd.read_sql("SELECT * FROM ACCOUNT_DETAILS", conn)

2026-04-05 20:34:14,651:WARNING:C:\Users\savan\Downloads\FYP\streamlit_pipeline.py:36: UserWarning: pandas only supports SQLAlchemy connectable (engine/connection) or database string URI or sqlite3 DBAPI2 connection. Other DBAPI2 objects are not tested. Please consider using SQLAlchemy.
  transaction_df = pd.read_sql("SELECT * FROM TRANSACTION_DETAILS", conn)

2026-04-05 20:34:16,445:WARNING:C:\Users\savan\Downloads\FYP\streamlit_pipeline.py:37: UserWarning: pandas only supports SQLAlchemy connectable (engine/connection) or database string URI or sqlite3 DBAPI2 connection. Other DBAPI2 objects are not tested. Please consider using SQLAlchemy.
  loan_cashflow_df = pd.read_sql("SELECT * FROM LOAN_CASHFLOW", conn)

2026-04-05 20:34:16,489:WARNING:C:\Users\savan\Downloads\FYP\streamlit_pipeline.py:38: UserWarning: pandas only supports SQLAlchemy connectable (engine/connection) or database string URI or sqlite3 DBAPI2 connection. Other DBAPI2 objects are not tested. Please consider using SQLAlchemy.
  repayment_df = pd.read_sql("SELECT * FROM REPAYMENT", conn)

2026-04-05 20:34:16,711:WARNING:C:\Users\savan\Downloads\FYP\streamlit_pipeline.py:210: UserWarning: pandas only supports SQLAlchemy connectable (engine/connection) or database string URI or sqlite3 DBAPI2 connection. Other DBAPI2 objects are not tested. Please consider using SQLAlchemy.
  valid_employment_status = pd.read_sql(

2026-04-05 20:34:19,203:WARNING:C:\Users\savan\Downloads\FYP\streamlit_pipeline.py:789: DeprecationWarning: is_categorical_dtype is deprecated and will be removed in a future version. Use isinstance(dtype, pd.CategoricalDtype) instead
  if pd.api.types.is_categorical_dtype(model_data[col]):

2026-04-05 20:35:56,456:WARNING:
'cuml' is a soft dependency and not included in the pycaret installation. Please run: `pip install cuml` to install.
2026-04-05 20:35:56,456:WARNING:
'cuml' is a soft dependency and not included in the pycaret installation. Please run: `pip install cuml` to install.
2026-04-05 20:35:56,456:WARNING:
'cuml' is a soft dependency and not included in the pycaret installation. Please run: `pip install cuml` to install.
2026-04-05 20:35:56,456:WARNING:
'cuml' is a soft dependency and not included in the pycaret installation. Please run: `pip install cuml` to install.
2026-04-05 20:35:58,144:WARNING:C:\Users\savan\Downloads\FYP\streamlit_pipeline.py:34: UserWarning: pandas only supports SQLAlchemy connectable (engine/connection) or database string URI or sqlite3 DBAPI2 connection. Other DBAPI2 objects are not tested. Please consider using SQLAlchemy.
  customer_df = pd.read_sql("SELECT * FROM CUSTOMER_DETAILS", conn)

2026-04-05 20:35:58,189:WARNING:C:\Users\savan\Downloads\FYP\streamlit_pipeline.py:35: UserWarning: pandas only supports SQLAlchemy connectable (engine/connection) or database string URI or sqlite3 DBAPI2 connection. Other DBAPI2 objects are not tested. Please consider using SQLAlchemy.
  account_df = pd.read_sql("SELECT * FROM ACCOUNT_DETAILS", conn)

2026-04-05 20:35:58,270:WARNING:C:\Users\savan\Downloads\FYP\streamlit_pipeline.py:36: UserWarning: pandas only supports SQLAlchemy connectable (engine/connection) or database string URI or sqlite3 DBAPI2 connection. Other DBAPI2 objects are not tested. Please consider using SQLAlchemy.
  transaction_df = pd.read_sql("SELECT * FROM TRANSACTION_DETAILS", conn)

2026-04-05 20:35:59,925:WARNING:C:\Users\savan\Downloads\FYP\streamlit_pipeline.py:37: UserWarning: pandas only supports SQLAlchemy connectable (engine/connection) or database string URI or sqlite3 DBAPI2 connection. Other DBAPI2 objects are not tested. Please consider using SQLAlchemy.
  loan_cashflow_df = pd.read_sql("SELECT * FROM LOAN_CASHFLOW", conn)

2026-04-05 20:35:59,956:WARNING:C:\Users\savan\Downloads\FYP\streamlit_pipeline.py:38: UserWarning: pandas only supports SQLAlchemy connectable (engine/connection) or database string URI or sqlite3 DBAPI2 connection. Other DBAPI2 objects are not tested. Please consider using SQLAlchemy.
  repayment_df = pd.read_sql("SELECT * FROM REPAYMENT", conn)

2026-04-05 20:36:00,203:WARNING:C:\Users\savan\Downloads\FYP\streamlit_pipeline.py:210: UserWarning: pandas only supports SQLAlchemy connectable (engine/connection) or database string URI or sqlite3 DBAPI2 connection. Other DBAPI2 objects are not tested. Please consider using SQLAlchemy.
  valid_employment_status = pd.read_sql(

2026-04-05 20:36:02,443:WARNING:C:\Users\savan\Downloads\FYP\streamlit_pipeline.py:789: DeprecationWarning: is_categorical_dtype is deprecated and will be removed in a future version. Use isinstance(dtype, pd.CategoricalDtype) instead
  if pd.api.types.is_categorical_dtype(model_data[col]):

2026-04-05 21:09:00,280:WARNING:
'cuml' is a soft dependency and not included in the pycaret installation. Please run: `pip install cuml` to install.
2026-04-05 21:09:00,280:WARNING:
'cuml' is a soft dependency and not included in the pycaret installation. Please run: `pip install cuml` to install.
2026-04-05 21:09:00,280:WARNING:
'cuml' is a soft dependency and not included in the pycaret installation. Please run: `pip install cuml` to install.
2026-04-05 21:09:00,280:WARNING:
'cuml' is a soft dependency and not included in the pycaret installation. Please run: `pip install cuml` to install.
2026-04-05 21:09:02,883:WARNING:C:\Users\savan\Downloads\FYP\streamlit_pipeline.py:34: UserWarning: pandas only supports SQLAlchemy connectable (engine/connection) or database string URI or sqlite3 DBAPI2 connection. Other DBAPI2 objects are not tested. Please consider using SQLAlchemy.
  customer_df = pd.read_sql("SELECT * FROM CUSTOMER_DETAILS", conn)

2026-04-05 21:09:02,924:WARNING:C:\Users\savan\Downloads\FYP\streamlit_pipeline.py:35: UserWarning: pandas only supports SQLAlchemy connectable (engine/connection) or database string URI or sqlite3 DBAPI2 connection. Other DBAPI2 objects are not tested. Please consider using SQLAlchemy.
  account_df = pd.read_sql("SELECT * FROM ACCOUNT_DETAILS", conn)

2026-04-05 21:09:03,019:WARNING:C:\Users\savan\Downloads\FYP\streamlit_pipeline.py:36: UserWarning: pandas only supports SQLAlchemy connectable (engine/connection) or database string URI or sqlite3 DBAPI2 connection. Other DBAPI2 objects are not tested. Please consider using SQLAlchemy.
  transaction_df = pd.read_sql("SELECT * FROM TRANSACTION_DETAILS", conn)

2026-04-05 21:09:04,781:WARNING:C:\Users\savan\Downloads\FYP\streamlit_pipeline.py:37: UserWarning: pandas only supports SQLAlchemy connectable (engine/connection) or database string URI or sqlite3 DBAPI2 connection. Other DBAPI2 objects are not tested. Please consider using SQLAlchemy.
  loan_cashflow_df = pd.read_sql("SELECT * FROM LOAN_CASHFLOW", conn)

2026-04-05 21:09:04,910:WARNING:C:\Users\savan\Downloads\FYP\streamlit_pipeline.py:38: UserWarning: pandas only supports SQLAlchemy connectable (engine/connection) or database string URI or sqlite3 DBAPI2 connection. Other DBAPI2 objects are not tested. Please consider using SQLAlchemy.
  repayment_df = pd.read_sql("SELECT * FROM REPAYMENT", conn)

2026-04-05 21:09:05,228:WARNING:C:\Users\savan\Downloads\FYP\streamlit_pipeline.py:210: UserWarning: pandas only supports SQLAlchemy connectable (engine/connection) or database string URI or sqlite3 DBAPI2 connection. Other DBAPI2 objects are not tested. Please consider using SQLAlchemy.
  valid_employment_status = pd.read_sql(

2026-04-05 21:09:07,675:WARNING:C:\Users\savan\Downloads\FYP\streamlit_pipeline.py:789: DeprecationWarning: is_categorical_dtype is deprecated and will be removed in a future version. Use isinstance(dtype, pd.CategoricalDtype) instead
  if pd.api.types.is_categorical_dtype(model_data[col]):

2026-04-05 22:04:22,716:WARNING:
'cuml' is a soft dependency and not included in the pycaret installation. Please run: `pip install cuml` to install.
2026-04-05 22:04:22,716:WARNING:
'cuml' is a soft dependency and not included in the pycaret installation. Please run: `pip install cuml` to install.
2026-04-05 22:04:22,716:WARNING:
'cuml' is a soft dependency and not included in the pycaret installation. Please run: `pip install cuml` to install.
2026-04-05 22:04:22,716:WARNING:
'cuml' is a soft dependency and not included in the pycaret installation. Please run: `pip install cuml` to install.
2026-04-05 22:04:26,857:WARNING:c:\ProgramData\Anaconda3\lib\site-packages\pandas\io\sql.py:762: UserWarning: pandas only support SQLAlchemy connectable(engine/connection) ordatabase string URI or sqlite3 DBAPI2 connectionother DBAPI2 objects are not tested, please consider using SQLAlchemy
  warnings.warn(

2026-04-05 22:04:27,059:WARNING:c:\ProgramData\Anaconda3\lib\site-packages\pandas\io\sql.py:762: UserWarning: pandas only support SQLAlchemy connectable(engine/connection) ordatabase string URI or sqlite3 DBAPI2 connectionother DBAPI2 objects are not tested, please consider using SQLAlchemy
  warnings.warn(

2026-04-05 22:04:27,271:WARNING:c:\ProgramData\Anaconda3\lib\site-packages\pandas\io\sql.py:762: UserWarning: pandas only support SQLAlchemy connectable(engine/connection) ordatabase string URI or sqlite3 DBAPI2 connectionother DBAPI2 objects are not tested, please consider using SQLAlchemy
  warnings.warn(

2026-04-05 22:04:34,274:WARNING:c:\ProgramData\Anaconda3\lib\site-packages\pandas\io\sql.py:762: UserWarning: pandas only support SQLAlchemy connectable(engine/connection) ordatabase string URI or sqlite3 DBAPI2 connectionother DBAPI2 objects are not tested, please consider using SQLAlchemy
  warnings.warn(

2026-04-05 22:04:34,456:WARNING:c:\ProgramData\Anaconda3\lib\site-packages\pandas\io\sql.py:762: UserWarning: pandas only support SQLAlchemy connectable(engine/connection) ordatabase string URI or sqlite3 DBAPI2 connectionother DBAPI2 objects are not tested, please consider using SQLAlchemy
  warnings.warn(

2026-04-05 22:04:36,683:WARNING:C:\Users\savan\AppData\Local\Temp\ipykernel_9680\4086773308.py:1: FutureWarning: Treating datetime data as categorical rather than numeric in `.describe` is deprecated and will be removed in a future version of pandas. Specify `datetime_is_numeric=True` to silence this warning and adopt the future behavior now.
  loan_cashflow_df.describe()

2026-04-05 22:04:38,431:WARNING:c:\ProgramData\Anaconda3\lib\site-packages\pandas\io\sql.py:762: UserWarning: pandas only support SQLAlchemy connectable(engine/connection) ordatabase string URI or sqlite3 DBAPI2 connectionother DBAPI2 objects are not tested, please consider using SQLAlchemy
  warnings.warn(

2026-04-05 22:23:36,785:WARNING:
'cuml' is a soft dependency and not included in the pycaret installation. Please run: `pip install cuml` to install.
2026-04-05 22:23:36,788:WARNING:
'cuml' is a soft dependency and not included in the pycaret installation. Please run: `pip install cuml` to install.
2026-04-05 22:23:36,788:WARNING:
'cuml' is a soft dependency and not included in the pycaret installation. Please run: `pip install cuml` to install.
2026-04-05 22:23:36,788:WARNING:
'cuml' is a soft dependency and not included in the pycaret installation. Please run: `pip install cuml` to install.
2026-04-05 22:23:40,473:WARNING:c:\ProgramData\Anaconda3\lib\site-packages\pandas\io\sql.py:762: UserWarning: pandas only support SQLAlchemy connectable(engine/connection) ordatabase string URI or sqlite3 DBAPI2 connectionother DBAPI2 objects are not tested, please consider using SQLAlchemy
  warnings.warn(

2026-04-05 22:23:40,524:WARNING:c:\ProgramData\Anaconda3\lib\site-packages\pandas\io\sql.py:762: UserWarning: pandas only support SQLAlchemy connectable(engine/connection) ordatabase string URI or sqlite3 DBAPI2 connectionother DBAPI2 objects are not tested, please consider using SQLAlchemy
  warnings.warn(

2026-04-05 22:23:40,615:WARNING:c:\ProgramData\Anaconda3\lib\site-packages\pandas\io\sql.py:762: UserWarning: pandas only support SQLAlchemy connectable(engine/connection) ordatabase string URI or sqlite3 DBAPI2 connectionother DBAPI2 objects are not tested, please consider using SQLAlchemy
  warnings.warn(

2026-04-05 22:23:42,352:WARNING:c:\ProgramData\Anaconda3\lib\site-packages\pandas\io\sql.py:762: UserWarning: pandas only support SQLAlchemy connectable(engine/connection) ordatabase string URI or sqlite3 DBAPI2 connectionother DBAPI2 objects are not tested, please consider using SQLAlchemy
  warnings.warn(

2026-04-05 22:23:42,400:WARNING:c:\ProgramData\Anaconda3\lib\site-packages\pandas\io\sql.py:762: UserWarning: pandas only support SQLAlchemy connectable(engine/connection) ordatabase string URI or sqlite3 DBAPI2 connectionother DBAPI2 objects are not tested, please consider using SQLAlchemy
  warnings.warn(

2026-04-05 22:23:43,369:WARNING:C:\Users\savan\AppData\Local\Temp\ipykernel_17808\4086773308.py:1: FutureWarning: Treating datetime data as categorical rather than numeric in `.describe` is deprecated and will be removed in a future version of pandas. Specify `datetime_is_numeric=True` to silence this warning and adopt the future behavior now.
  loan_cashflow_df.describe()

2026-04-05 22:23:44,824:WARNING:c:\ProgramData\Anaconda3\lib\site-packages\pandas\io\sql.py:762: UserWarning: pandas only support SQLAlchemy connectable(engine/connection) ordatabase string URI or sqlite3 DBAPI2 connectionother DBAPI2 objects are not tested, please consider using SQLAlchemy
  warnings.warn(

2026-04-05 22:28:26,030:WARNING:C:\Users\savan\AppData\Local\Temp\ipykernel_17808\912277280.py:7: ClusterWarning: scipy.cluster: The symmetric non-negative hollow observation matrix looks suspiciously like an uncondensed distance matrix
  Z = linkage(gower_sample, method='average')

2026-04-05 22:31:44,036:WARNING:
'cuml' is a soft dependency and not included in the pycaret installation. Please run: `pip install cuml` to install.
2026-04-05 22:31:44,036:WARNING:
'cuml' is a soft dependency and not included in the pycaret installation. Please run: `pip install cuml` to install.
2026-04-05 22:31:44,036:WARNING:
'cuml' is a soft dependency and not included in the pycaret installation. Please run: `pip install cuml` to install.
2026-04-05 22:31:44,036:WARNING:
'cuml' is a soft dependency and not included in the pycaret installation. Please run: `pip install cuml` to install.
2026-04-05 22:31:51,654:WARNING:C:\Users\savan\Downloads\FYP\streamlit_pipeline.py:34: UserWarning: pandas only supports SQLAlchemy connectable (engine/connection) or database string URI or sqlite3 DBAPI2 connection. Other DBAPI2 objects are not tested. Please consider using SQLAlchemy.
  customer_df = pd.read_sql("SELECT * FROM CUSTOMER_DETAILS", conn)

2026-04-05 22:31:51,733:WARNING:C:\Users\savan\Downloads\FYP\streamlit_pipeline.py:35: UserWarning: pandas only supports SQLAlchemy connectable (engine/connection) or database string URI or sqlite3 DBAPI2 connection. Other DBAPI2 objects are not tested. Please consider using SQLAlchemy.
  account_df = pd.read_sql("SELECT * FROM ACCOUNT_DETAILS", conn)

2026-04-05 22:31:51,799:WARNING:C:\Users\savan\Downloads\FYP\streamlit_pipeline.py:36: UserWarning: pandas only supports SQLAlchemy connectable (engine/connection) or database string URI or sqlite3 DBAPI2 connection. Other DBAPI2 objects are not tested. Please consider using SQLAlchemy.
  transaction_df = pd.read_sql("SELECT * FROM TRANSACTION_DETAILS", conn)

2026-04-05 22:31:53,227:WARNING:C:\Users\savan\Downloads\FYP\streamlit_pipeline.py:37: UserWarning: pandas only supports SQLAlchemy connectable (engine/connection) or database string URI or sqlite3 DBAPI2 connection. Other DBAPI2 objects are not tested. Please consider using SQLAlchemy.
  loan_cashflow_df = pd.read_sql("SELECT * FROM LOAN_CASHFLOW", conn)

2026-04-05 22:31:53,276:WARNING:C:\Users\savan\Downloads\FYP\streamlit_pipeline.py:38: UserWarning: pandas only supports SQLAlchemy connectable (engine/connection) or database string URI or sqlite3 DBAPI2 connection. Other DBAPI2 objects are not tested. Please consider using SQLAlchemy.
  repayment_df = pd.read_sql("SELECT * FROM REPAYMENT", conn)

2026-04-05 22:31:53,839:WARNING:C:\Users\savan\Downloads\FYP\streamlit_pipeline.py:210: UserWarning: pandas only supports SQLAlchemy connectable (engine/connection) or database string URI or sqlite3 DBAPI2 connection. Other DBAPI2 objects are not tested. Please consider using SQLAlchemy.
  valid_employment_status = pd.read_sql(

2026-04-05 22:31:56,480:WARNING:C:\Users\savan\Downloads\FYP\streamlit_pipeline.py:789: DeprecationWarning: is_categorical_dtype is deprecated and will be removed in a future version. Use isinstance(dtype, pd.CategoricalDtype) instead
  if pd.api.types.is_categorical_dtype(model_data[col]):

2026-04-05 22:56:02,229:WARNING:
'cuml' is a soft dependency and not included in the pycaret installation. Please run: `pip install cuml` to install.
2026-04-05 22:56:02,229:WARNING:
'cuml' is a soft dependency and not included in the pycaret installation. Please run: `pip install cuml` to install.
2026-04-05 22:56:02,229:WARNING:
'cuml' is a soft dependency and not included in the pycaret installation. Please run: `pip install cuml` to install.
2026-04-05 22:56:02,229:WARNING:
'cuml' is a soft dependency and not included in the pycaret installation. Please run: `pip install cuml` to install.
2026-04-05 22:56:04,588:WARNING:C:\Users\savan\Downloads\FYP\streamlit_pipeline.py:34: UserWarning: pandas only supports SQLAlchemy connectable (engine/connection) or database string URI or sqlite3 DBAPI2 connection. Other DBAPI2 objects are not tested. Please consider using SQLAlchemy.
  customer_df = pd.read_sql("SELECT * FROM CUSTOMER_DETAILS", conn)

2026-04-05 22:56:04,651:WARNING:C:\Users\savan\Downloads\FYP\streamlit_pipeline.py:35: UserWarning: pandas only supports SQLAlchemy connectable (engine/connection) or database string URI or sqlite3 DBAPI2 connection. Other DBAPI2 objects are not tested. Please consider using SQLAlchemy.
  account_df = pd.read_sql("SELECT * FROM ACCOUNT_DETAILS", conn)

2026-04-05 22:56:04,730:WARNING:C:\Users\savan\Downloads\FYP\streamlit_pipeline.py:36: UserWarning: pandas only supports SQLAlchemy connectable (engine/connection) or database string URI or sqlite3 DBAPI2 connection. Other DBAPI2 objects are not tested. Please consider using SQLAlchemy.
  transaction_df = pd.read_sql("SELECT * FROM TRANSACTION_DETAILS", conn)

2026-04-05 22:56:06,167:WARNING:C:\Users\savan\Downloads\FYP\streamlit_pipeline.py:37: UserWarning: pandas only supports SQLAlchemy connectable (engine/connection) or database string URI or sqlite3 DBAPI2 connection. Other DBAPI2 objects are not tested. Please consider using SQLAlchemy.
  loan_cashflow_df = pd.read_sql("SELECT * FROM LOAN_CASHFLOW", conn)

2026-04-05 22:56:06,216:WARNING:C:\Users\savan\Downloads\FYP\streamlit_pipeline.py:38: UserWarning: pandas only supports SQLAlchemy connectable (engine/connection) or database string URI or sqlite3 DBAPI2 connection. Other DBAPI2 objects are not tested. Please consider using SQLAlchemy.
  repayment_df = pd.read_sql("SELECT * FROM REPAYMENT", conn)

2026-04-05 22:56:06,465:WARNING:C:\Users\savan\Downloads\FYP\streamlit_pipeline.py:210: UserWarning: pandas only supports SQLAlchemy connectable (engine/connection) or database string URI or sqlite3 DBAPI2 connection. Other DBAPI2 objects are not tested. Please consider using SQLAlchemy.
  valid_employment_status = pd.read_sql(

2026-04-05 22:56:08,295:WARNING:C:\Users\savan\Downloads\FYP\streamlit_pipeline.py:789: DeprecationWarning: is_categorical_dtype is deprecated and will be removed in a future version. Use isinstance(dtype, pd.CategoricalDtype) instead
  if pd.api.types.is_categorical_dtype(model_data[col]):

2026-04-09 22:43:56,887:WARNING:
'cuml' is a soft dependency and not included in the pycaret installation. Please run: `pip install cuml` to install.
2026-04-09 22:43:56,887:WARNING:
'cuml' is a soft dependency and not included in the pycaret installation. Please run: `pip install cuml` to install.
2026-04-09 22:43:56,888:WARNING:
'cuml' is a soft dependency and not included in the pycaret installation. Please run: `pip install cuml` to install.
2026-04-09 22:43:56,888:WARNING:
'cuml' is a soft dependency and not included in the pycaret installation. Please run: `pip install cuml` to install.
2026-04-09 22:44:00,438:WARNING:c:\ProgramData\Anaconda3\lib\site-packages\pandas\io\sql.py:762: UserWarning: pandas only support SQLAlchemy connectable(engine/connection) ordatabase string URI or sqlite3 DBAPI2 connectionother DBAPI2 objects are not tested, please consider using SQLAlchemy
  warnings.warn(

2026-04-09 22:44:00,558:WARNING:c:\ProgramData\Anaconda3\lib\site-packages\pandas\io\sql.py:762: UserWarning: pandas only support SQLAlchemy connectable(engine/connection) ordatabase string URI or sqlite3 DBAPI2 connectionother DBAPI2 objects are not tested, please consider using SQLAlchemy
  warnings.warn(

2026-04-09 22:44:00,660:WARNING:c:\ProgramData\Anaconda3\lib\site-packages\pandas\io\sql.py:762: UserWarning: pandas only support SQLAlchemy connectable(engine/connection) ordatabase string URI or sqlite3 DBAPI2 connectionother DBAPI2 objects are not tested, please consider using SQLAlchemy
  warnings.warn(

2026-04-09 22:44:02,312:WARNING:c:\ProgramData\Anaconda3\lib\site-packages\pandas\io\sql.py:762: UserWarning: pandas only support SQLAlchemy connectable(engine/connection) ordatabase string URI or sqlite3 DBAPI2 connectionother DBAPI2 objects are not tested, please consider using SQLAlchemy
  warnings.warn(

2026-04-09 22:44:02,366:WARNING:c:\ProgramData\Anaconda3\lib\site-packages\pandas\io\sql.py:762: UserWarning: pandas only support SQLAlchemy connectable(engine/connection) ordatabase string URI or sqlite3 DBAPI2 connectionother DBAPI2 objects are not tested, please consider using SQLAlchemy
  warnings.warn(

2026-04-09 22:44:03,319:WARNING:C:\Users\savan\AppData\Local\Temp\ipykernel_24376\4086773308.py:1: FutureWarning: Treating datetime data as categorical rather than numeric in `.describe` is deprecated and will be removed in a future version of pandas. Specify `datetime_is_numeric=True` to silence this warning and adopt the future behavior now.
  loan_cashflow_df.describe()

2026-04-09 22:44:04,776:WARNING:c:\ProgramData\Anaconda3\lib\site-packages\pandas\io\sql.py:762: UserWarning: pandas only support SQLAlchemy connectable(engine/connection) ordatabase string URI or sqlite3 DBAPI2 connectionother DBAPI2 objects are not tested, please consider using SQLAlchemy
  warnings.warn(

2026-04-09 22:46:55,353:WARNING:
'cuml' is a soft dependency and not included in the pycaret installation. Please run: `pip install cuml` to install.
2026-04-09 22:46:55,353:WARNING:
'cuml' is a soft dependency and not included in the pycaret installation. Please run: `pip install cuml` to install.
2026-04-09 22:46:55,353:WARNING:
'cuml' is a soft dependency and not included in the pycaret installation. Please run: `pip install cuml` to install.
2026-04-09 22:46:55,353:WARNING:
'cuml' is a soft dependency and not included in the pycaret installation. Please run: `pip install cuml` to install.
2026-04-09 22:46:56,828:WARNING:c:\ProgramData\Anaconda3\lib\site-packages\pandas\io\sql.py:762: UserWarning: pandas only support SQLAlchemy connectable(engine/connection) ordatabase string URI or sqlite3 DBAPI2 connectionother DBAPI2 objects are not tested, please consider using SQLAlchemy
  warnings.warn(

2026-04-09 22:46:56,923:WARNING:c:\ProgramData\Anaconda3\lib\site-packages\pandas\io\sql.py:762: UserWarning: pandas only support SQLAlchemy connectable(engine/connection) ordatabase string URI or sqlite3 DBAPI2 connectionother DBAPI2 objects are not tested, please consider using SQLAlchemy
  warnings.warn(

2026-04-09 22:46:57,008:WARNING:c:\ProgramData\Anaconda3\lib\site-packages\pandas\io\sql.py:762: UserWarning: pandas only support SQLAlchemy connectable(engine/connection) ordatabase string URI or sqlite3 DBAPI2 connectionother DBAPI2 objects are not tested, please consider using SQLAlchemy
  warnings.warn(

2026-04-09 22:46:58,533:WARNING:c:\ProgramData\Anaconda3\lib\site-packages\pandas\io\sql.py:762: UserWarning: pandas only support SQLAlchemy connectable(engine/connection) ordatabase string URI or sqlite3 DBAPI2 connectionother DBAPI2 objects are not tested, please consider using SQLAlchemy
  warnings.warn(

2026-04-09 22:46:58,577:WARNING:c:\ProgramData\Anaconda3\lib\site-packages\pandas\io\sql.py:762: UserWarning: pandas only support SQLAlchemy connectable(engine/connection) ordatabase string URI or sqlite3 DBAPI2 connectionother DBAPI2 objects are not tested, please consider using SQLAlchemy
  warnings.warn(

2026-04-09 22:46:59,490:WARNING:C:\Users\savan\AppData\Local\Temp\ipykernel_33536\4086773308.py:1: FutureWarning: Treating datetime data as categorical rather than numeric in `.describe` is deprecated and will be removed in a future version of pandas. Specify `datetime_is_numeric=True` to silence this warning and adopt the future behavior now.
  loan_cashflow_df.describe()

2026-04-09 22:47:00,665:WARNING:c:\ProgramData\Anaconda3\lib\site-packages\pandas\io\sql.py:762: UserWarning: pandas only support SQLAlchemy connectable(engine/connection) ordatabase string URI or sqlite3 DBAPI2 connectionother DBAPI2 objects are not tested, please consider using SQLAlchemy
  warnings.warn(

2026-04-09 22:50:47,621:WARNING:
'cuml' is a soft dependency and not included in the pycaret installation. Please run: `pip install cuml` to install.
2026-04-09 22:50:47,621:WARNING:
'cuml' is a soft dependency and not included in the pycaret installation. Please run: `pip install cuml` to install.
2026-04-09 22:50:47,621:WARNING:
'cuml' is a soft dependency and not included in the pycaret installation. Please run: `pip install cuml` to install.
2026-04-09 22:50:47,621:WARNING:
'cuml' is a soft dependency and not included in the pycaret installation. Please run: `pip install cuml` to install.
2026-04-09 22:50:48,302:WARNING:c:\ProgramData\Anaconda3\lib\site-packages\pandas\io\sql.py:762: UserWarning: pandas only support SQLAlchemy connectable(engine/connection) ordatabase string URI or sqlite3 DBAPI2 connectionother DBAPI2 objects are not tested, please consider using SQLAlchemy
  warnings.warn(

2026-04-09 22:50:48,332:WARNING:c:\ProgramData\Anaconda3\lib\site-packages\pandas\io\sql.py:762: UserWarning: pandas only support SQLAlchemy connectable(engine/connection) ordatabase string URI or sqlite3 DBAPI2 connectionother DBAPI2 objects are not tested, please consider using SQLAlchemy
  warnings.warn(

2026-04-09 22:50:48,407:WARNING:c:\ProgramData\Anaconda3\lib\site-packages\pandas\io\sql.py:762: UserWarning: pandas only support SQLAlchemy connectable(engine/connection) ordatabase string URI or sqlite3 DBAPI2 connectionother DBAPI2 objects are not tested, please consider using SQLAlchemy
  warnings.warn(

2026-04-09 22:50:49,887:WARNING:c:\ProgramData\Anaconda3\lib\site-packages\pandas\io\sql.py:762: UserWarning: pandas only support SQLAlchemy connectable(engine/connection) ordatabase string URI or sqlite3 DBAPI2 connectionother DBAPI2 objects are not tested, please consider using SQLAlchemy
  warnings.warn(

2026-04-09 22:50:49,917:WARNING:c:\ProgramData\Anaconda3\lib\site-packages\pandas\io\sql.py:762: UserWarning: pandas only support SQLAlchemy connectable(engine/connection) ordatabase string URI or sqlite3 DBAPI2 connectionother DBAPI2 objects are not tested, please consider using SQLAlchemy
  warnings.warn(

2026-04-09 22:50:50,852:WARNING:C:\Users\savan\AppData\Local\Temp\ipykernel_33184\4086773308.py:1: FutureWarning: Treating datetime data as categorical rather than numeric in `.describe` is deprecated and will be removed in a future version of pandas. Specify `datetime_is_numeric=True` to silence this warning and adopt the future behavior now.
  loan_cashflow_df.describe()

2026-04-09 22:50:51,866:WARNING:c:\ProgramData\Anaconda3\lib\site-packages\pandas\io\sql.py:762: UserWarning: pandas only support SQLAlchemy connectable(engine/connection) ordatabase string URI or sqlite3 DBAPI2 connectionother DBAPI2 objects are not tested, please consider using SQLAlchemy
  warnings.warn(

2026-04-09 22:53:07,512:WARNING:
'cuml' is a soft dependency and not included in the pycaret installation. Please run: `pip install cuml` to install.
2026-04-09 22:53:07,512:WARNING:
'cuml' is a soft dependency and not included in the pycaret installation. Please run: `pip install cuml` to install.
2026-04-09 22:53:07,512:WARNING:
'cuml' is a soft dependency and not included in the pycaret installation. Please run: `pip install cuml` to install.
2026-04-09 22:53:07,512:WARNING:
'cuml' is a soft dependency and not included in the pycaret installation. Please run: `pip install cuml` to install.
2026-04-09 22:53:08,260:WARNING:c:\ProgramData\Anaconda3\lib\site-packages\pandas\io\sql.py:762: UserWarning: pandas only support SQLAlchemy connectable(engine/connection) ordatabase string URI or sqlite3 DBAPI2 connectionother DBAPI2 objects are not tested, please consider using SQLAlchemy
  warnings.warn(

2026-04-09 22:53:08,290:WARNING:c:\ProgramData\Anaconda3\lib\site-packages\pandas\io\sql.py:762: UserWarning: pandas only support SQLAlchemy connectable(engine/connection) ordatabase string URI or sqlite3 DBAPI2 connectionother DBAPI2 objects are not tested, please consider using SQLAlchemy
  warnings.warn(

2026-04-09 22:53:08,398:WARNING:c:\ProgramData\Anaconda3\lib\site-packages\pandas\io\sql.py:762: UserWarning: pandas only support SQLAlchemy connectable(engine/connection) ordatabase string URI or sqlite3 DBAPI2 connectionother DBAPI2 objects are not tested, please consider using SQLAlchemy
  warnings.warn(

2026-04-09 22:53:09,981:WARNING:c:\ProgramData\Anaconda3\lib\site-packages\pandas\io\sql.py:762: UserWarning: pandas only support SQLAlchemy connectable(engine/connection) ordatabase string URI or sqlite3 DBAPI2 connectionother DBAPI2 objects are not tested, please consider using SQLAlchemy
  warnings.warn(

2026-04-09 22:53:10,027:WARNING:c:\ProgramData\Anaconda3\lib\site-packages\pandas\io\sql.py:762: UserWarning: pandas only support SQLAlchemy connectable(engine/connection) ordatabase string URI or sqlite3 DBAPI2 connectionother DBAPI2 objects are not tested, please consider using SQLAlchemy
  warnings.warn(

2026-04-09 22:53:10,910:WARNING:C:\Users\savan\AppData\Local\Temp\ipykernel_17276\4086773308.py:1: FutureWarning: Treating datetime data as categorical rather than numeric in `.describe` is deprecated and will be removed in a future version of pandas. Specify `datetime_is_numeric=True` to silence this warning and adopt the future behavior now.
  loan_cashflow_df.describe()

2026-04-09 22:53:11,944:WARNING:c:\ProgramData\Anaconda3\lib\site-packages\pandas\io\sql.py:762: UserWarning: pandas only support SQLAlchemy connectable(engine/connection) ordatabase string URI or sqlite3 DBAPI2 connectionother DBAPI2 objects are not tested, please consider using SQLAlchemy
  warnings.warn(

2026-04-09 22:53:31,327:WARNING:c:\ProgramData\Anaconda3\lib\site-packages\pandas\io\sql.py:762: UserWarning: pandas only support SQLAlchemy connectable(engine/connection) ordatabase string URI or sqlite3 DBAPI2 connectionother DBAPI2 objects are not tested, please consider using SQLAlchemy
  warnings.warn(

2026-04-09 22:53:31,357:WARNING:c:\ProgramData\Anaconda3\lib\site-packages\pandas\io\sql.py:762: UserWarning: pandas only support SQLAlchemy connectable(engine/connection) ordatabase string URI or sqlite3 DBAPI2 connectionother DBAPI2 objects are not tested, please consider using SQLAlchemy
  warnings.warn(

2026-04-09 22:53:31,426:WARNING:c:\ProgramData\Anaconda3\lib\site-packages\pandas\io\sql.py:762: UserWarning: pandas only support SQLAlchemy connectable(engine/connection) ordatabase string URI or sqlite3 DBAPI2 connectionother DBAPI2 objects are not tested, please consider using SQLAlchemy
  warnings.warn(

2026-04-09 22:53:32,877:WARNING:c:\ProgramData\Anaconda3\lib\site-packages\pandas\io\sql.py:762: UserWarning: pandas only support SQLAlchemy connectable(engine/connection) ordatabase string URI or sqlite3 DBAPI2 connectionother DBAPI2 objects are not tested, please consider using SQLAlchemy
  warnings.warn(

2026-04-09 22:53:32,919:WARNING:c:\ProgramData\Anaconda3\lib\site-packages\pandas\io\sql.py:762: UserWarning: pandas only support SQLAlchemy connectable(engine/connection) ordatabase string URI or sqlite3 DBAPI2 connectionother DBAPI2 objects are not tested, please consider using SQLAlchemy
  warnings.warn(

2026-04-09 22:53:33,815:WARNING:C:\Users\savan\AppData\Local\Temp\ipykernel_17276\4086773308.py:1: FutureWarning: Treating datetime data as categorical rather than numeric in `.describe` is deprecated and will be removed in a future version of pandas. Specify `datetime_is_numeric=True` to silence this warning and adopt the future behavior now.
  loan_cashflow_df.describe()

2026-04-09 22:53:34,655:WARNING:c:\ProgramData\Anaconda3\lib\site-packages\pandas\io\sql.py:762: UserWarning: pandas only support SQLAlchemy connectable(engine/connection) ordatabase string URI or sqlite3 DBAPI2 connectionother DBAPI2 objects are not tested, please consider using SQLAlchemy
  warnings.warn(

2026-04-09 22:56:06,225:WARNING:
'cuml' is a soft dependency and not included in the pycaret installation. Please run: `pip install cuml` to install.
2026-04-09 22:56:06,225:WARNING:
'cuml' is a soft dependency and not included in the pycaret installation. Please run: `pip install cuml` to install.
2026-04-09 22:56:06,225:WARNING:
'cuml' is a soft dependency and not included in the pycaret installation. Please run: `pip install cuml` to install.
2026-04-09 22:56:06,225:WARNING:
'cuml' is a soft dependency and not included in the pycaret installation. Please run: `pip install cuml` to install.
2026-04-09 22:56:06,986:WARNING:c:\ProgramData\Anaconda3\lib\site-packages\pandas\io\sql.py:762: UserWarning: pandas only support SQLAlchemy connectable(engine/connection) ordatabase string URI or sqlite3 DBAPI2 connectionother DBAPI2 objects are not tested, please consider using SQLAlchemy
  warnings.warn(

2026-04-09 22:56:07,027:WARNING:c:\ProgramData\Anaconda3\lib\site-packages\pandas\io\sql.py:762: UserWarning: pandas only support SQLAlchemy connectable(engine/connection) ordatabase string URI or sqlite3 DBAPI2 connectionother DBAPI2 objects are not tested, please consider using SQLAlchemy
  warnings.warn(

2026-04-09 22:56:07,100:WARNING:c:\ProgramData\Anaconda3\lib\site-packages\pandas\io\sql.py:762: UserWarning: pandas only support SQLAlchemy connectable(engine/connection) ordatabase string URI or sqlite3 DBAPI2 connectionother DBAPI2 objects are not tested, please consider using SQLAlchemy
  warnings.warn(

2026-04-09 22:56:08,610:WARNING:c:\ProgramData\Anaconda3\lib\site-packages\pandas\io\sql.py:762: UserWarning: pandas only support SQLAlchemy connectable(engine/connection) ordatabase string URI or sqlite3 DBAPI2 connectionother DBAPI2 objects are not tested, please consider using SQLAlchemy
  warnings.warn(

2026-04-09 22:56:08,638:WARNING:c:\ProgramData\Anaconda3\lib\site-packages\pandas\io\sql.py:762: UserWarning: pandas only support SQLAlchemy connectable(engine/connection) ordatabase string URI or sqlite3 DBAPI2 connectionother DBAPI2 objects are not tested, please consider using SQLAlchemy
  warnings.warn(

2026-04-09 22:56:09,644:WARNING:C:\Users\savan\AppData\Local\Temp\ipykernel_1596\4086773308.py:1: FutureWarning: Treating datetime data as categorical rather than numeric in `.describe` is deprecated and will be removed in a future version of pandas. Specify `datetime_is_numeric=True` to silence this warning and adopt the future behavior now.
  loan_cashflow_df.describe()

2026-04-09 22:56:10,737:WARNING:c:\ProgramData\Anaconda3\lib\site-packages\pandas\io\sql.py:762: UserWarning: pandas only support SQLAlchemy connectable(engine/connection) ordatabase string URI or sqlite3 DBAPI2 connectionother DBAPI2 objects are not tested, please consider using SQLAlchemy
  warnings.warn(

2026-04-09 22:57:51,721:WARNING:
'cuml' is a soft dependency and not included in the pycaret installation. Please run: `pip install cuml` to install.
2026-04-09 22:57:51,721:WARNING:
'cuml' is a soft dependency and not included in the pycaret installation. Please run: `pip install cuml` to install.
2026-04-09 22:57:51,721:WARNING:
'cuml' is a soft dependency and not included in the pycaret installation. Please run: `pip install cuml` to install.
2026-04-09 22:57:51,721:WARNING:
'cuml' is a soft dependency and not included in the pycaret installation. Please run: `pip install cuml` to install.
2026-04-09 22:57:53,295:WARNING:c:\ProgramData\Anaconda3\lib\site-packages\pandas\io\sql.py:762: UserWarning: pandas only support SQLAlchemy connectable(engine/connection) ordatabase string URI or sqlite3 DBAPI2 connectionother DBAPI2 objects are not tested, please consider using SQLAlchemy
  warnings.warn(

2026-04-09 22:57:53,416:WARNING:c:\ProgramData\Anaconda3\lib\site-packages\pandas\io\sql.py:762: UserWarning: pandas only support SQLAlchemy connectable(engine/connection) ordatabase string URI or sqlite3 DBAPI2 connectionother DBAPI2 objects are not tested, please consider using SQLAlchemy
  warnings.warn(

2026-04-09 22:57:53,595:WARNING:c:\ProgramData\Anaconda3\lib\site-packages\pandas\io\sql.py:762: UserWarning: pandas only support SQLAlchemy connectable(engine/connection) ordatabase string URI or sqlite3 DBAPI2 connectionother DBAPI2 objects are not tested, please consider using SQLAlchemy
  warnings.warn(

2026-04-09 22:57:55,268:WARNING:c:\ProgramData\Anaconda3\lib\site-packages\pandas\io\sql.py:762: UserWarning: pandas only support SQLAlchemy connectable(engine/connection) ordatabase string URI or sqlite3 DBAPI2 connectionother DBAPI2 objects are not tested, please consider using SQLAlchemy
  warnings.warn(

2026-04-09 22:57:55,327:WARNING:c:\ProgramData\Anaconda3\lib\site-packages\pandas\io\sql.py:762: UserWarning: pandas only support SQLAlchemy connectable(engine/connection) ordatabase string URI or sqlite3 DBAPI2 connectionother DBAPI2 objects are not tested, please consider using SQLAlchemy
  warnings.warn(

2026-04-09 22:57:56,284:WARNING:C:\Users\savan\AppData\Local\Temp\ipykernel_31536\4086773308.py:1: FutureWarning: Treating datetime data as categorical rather than numeric in `.describe` is deprecated and will be removed in a future version of pandas. Specify `datetime_is_numeric=True` to silence this warning and adopt the future behavior now.
  loan_cashflow_df.describe()

2026-04-09 22:57:57,353:WARNING:c:\ProgramData\Anaconda3\lib\site-packages\pandas\io\sql.py:762: UserWarning: pandas only support SQLAlchemy connectable(engine/connection) ordatabase string URI or sqlite3 DBAPI2 connectionother DBAPI2 objects are not tested, please consider using SQLAlchemy
  warnings.warn(

2026-04-09 23:01:34,936:WARNING:
'cuml' is a soft dependency and not included in the pycaret installation. Please run: `pip install cuml` to install.
2026-04-09 23:01:34,936:WARNING:
'cuml' is a soft dependency and not included in the pycaret installation. Please run: `pip install cuml` to install.
2026-04-09 23:01:34,936:WARNING:
'cuml' is a soft dependency and not included in the pycaret installation. Please run: `pip install cuml` to install.
2026-04-09 23:01:34,936:WARNING:
'cuml' is a soft dependency and not included in the pycaret installation. Please run: `pip install cuml` to install.
2026-04-09 23:01:35,647:WARNING:c:\ProgramData\Anaconda3\lib\site-packages\pandas\io\sql.py:762: UserWarning: pandas only support SQLAlchemy connectable(engine/connection) ordatabase string URI or sqlite3 DBAPI2 connectionother DBAPI2 objects are not tested, please consider using SQLAlchemy
  warnings.warn(

2026-04-09 23:01:35,683:WARNING:c:\ProgramData\Anaconda3\lib\site-packages\pandas\io\sql.py:762: UserWarning: pandas only support SQLAlchemy connectable(engine/connection) ordatabase string URI or sqlite3 DBAPI2 connectionother DBAPI2 objects are not tested, please consider using SQLAlchemy
  warnings.warn(

2026-04-09 23:01:35,755:WARNING:c:\ProgramData\Anaconda3\lib\site-packages\pandas\io\sql.py:762: UserWarning: pandas only support SQLAlchemy connectable(engine/connection) ordatabase string URI or sqlite3 DBAPI2 connectionother DBAPI2 objects are not tested, please consider using SQLAlchemy
  warnings.warn(

2026-04-09 23:01:37,257:WARNING:c:\ProgramData\Anaconda3\lib\site-packages\pandas\io\sql.py:762: UserWarning: pandas only support SQLAlchemy connectable(engine/connection) ordatabase string URI or sqlite3 DBAPI2 connectionother DBAPI2 objects are not tested, please consider using SQLAlchemy
  warnings.warn(

2026-04-09 23:01:37,298:WARNING:c:\ProgramData\Anaconda3\lib\site-packages\pandas\io\sql.py:762: UserWarning: pandas only support SQLAlchemy connectable(engine/connection) ordatabase string URI or sqlite3 DBAPI2 connectionother DBAPI2 objects are not tested, please consider using SQLAlchemy
  warnings.warn(

2026-04-09 23:01:38,281:WARNING:C:\Users\savan\AppData\Local\Temp\ipykernel_21256\4086773308.py:1: FutureWarning: Treating datetime data as categorical rather than numeric in `.describe` is deprecated and will be removed in a future version of pandas. Specify `datetime_is_numeric=True` to silence this warning and adopt the future behavior now.
  loan_cashflow_df.describe()

2026-04-09 23:01:39,303:WARNING:c:\ProgramData\Anaconda3\lib\site-packages\pandas\io\sql.py:762: UserWarning: pandas only support SQLAlchemy connectable(engine/connection) ordatabase string URI or sqlite3 DBAPI2 connectionother DBAPI2 objects are not tested, please consider using SQLAlchemy
  warnings.warn(

2026-04-09 23:05:41,584:WARNING:c:\ProgramData\Anaconda3\lib\site-packages\pandas\io\sql.py:762: UserWarning: pandas only support SQLAlchemy connectable(engine/connection) ordatabase string URI or sqlite3 DBAPI2 connectionother DBAPI2 objects are not tested, please consider using SQLAlchemy
  warnings.warn(

2026-04-09 23:05:41,618:WARNING:c:\ProgramData\Anaconda3\lib\site-packages\pandas\io\sql.py:762: UserWarning: pandas only support SQLAlchemy connectable(engine/connection) ordatabase string URI or sqlite3 DBAPI2 connectionother DBAPI2 objects are not tested, please consider using SQLAlchemy
  warnings.warn(

2026-04-09 23:05:41,688:WARNING:c:\ProgramData\Anaconda3\lib\site-packages\pandas\io\sql.py:762: UserWarning: pandas only support SQLAlchemy connectable(engine/connection) ordatabase string URI or sqlite3 DBAPI2 connectionother DBAPI2 objects are not tested, please consider using SQLAlchemy
  warnings.warn(

2026-04-09 23:05:43,135:WARNING:c:\ProgramData\Anaconda3\lib\site-packages\pandas\io\sql.py:762: UserWarning: pandas only support SQLAlchemy connectable(engine/connection) ordatabase string URI or sqlite3 DBAPI2 connectionother DBAPI2 objects are not tested, please consider using SQLAlchemy
  warnings.warn(

2026-04-09 23:05:43,169:WARNING:c:\ProgramData\Anaconda3\lib\site-packages\pandas\io\sql.py:762: UserWarning: pandas only support SQLAlchemy connectable(engine/connection) ordatabase string URI or sqlite3 DBAPI2 connectionother DBAPI2 objects are not tested, please consider using SQLAlchemy
  warnings.warn(

2026-04-09 23:05:44,130:WARNING:C:\Users\savan\AppData\Local\Temp\ipykernel_21256\4086773308.py:1: FutureWarning: Treating datetime data as categorical rather than numeric in `.describe` is deprecated and will be removed in a future version of pandas. Specify `datetime_is_numeric=True` to silence this warning and adopt the future behavior now.
  loan_cashflow_df.describe()

2026-04-09 23:05:45,029:WARNING:c:\ProgramData\Anaconda3\lib\site-packages\pandas\io\sql.py:762: UserWarning: pandas only support SQLAlchemy connectable(engine/connection) ordatabase string URI or sqlite3 DBAPI2 connectionother DBAPI2 objects are not tested, please consider using SQLAlchemy
  warnings.warn(

2026-04-09 23:13:13,713:WARNING:C:\Users\savan\AppData\Local\Temp\ipykernel_21256\912277280.py:7: ClusterWarning: scipy.cluster: The symmetric non-negative hollow observation matrix looks suspiciously like an uncondensed distance matrix
  Z = linkage(gower_sample, method='average')

2026-04-11 16:07:40,665:WARNING:
'cuml' is a soft dependency and not included in the pycaret installation. Please run: `pip install cuml` to install.
2026-04-11 16:07:40,666:WARNING:
'cuml' is a soft dependency and not included in the pycaret installation. Please run: `pip install cuml` to install.
2026-04-11 16:07:40,666:WARNING:
'cuml' is a soft dependency and not included in the pycaret installation. Please run: `pip install cuml` to install.
2026-04-11 16:07:40,666:WARNING:
'cuml' is a soft dependency and not included in the pycaret installation. Please run: `pip install cuml` to install.
2026-04-11 16:07:44,701:WARNING:c:\ProgramData\Anaconda3\lib\site-packages\pandas\io\sql.py:762: UserWarning: pandas only support SQLAlchemy connectable(engine/connection) ordatabase string URI or sqlite3 DBAPI2 connectionother DBAPI2 objects are not tested, please consider using SQLAlchemy
  warnings.warn(

2026-04-11 16:07:44,816:WARNING:c:\ProgramData\Anaconda3\lib\site-packages\pandas\io\sql.py:762: UserWarning: pandas only support SQLAlchemy connectable(engine/connection) ordatabase string URI or sqlite3 DBAPI2 connectionother DBAPI2 objects are not tested, please consider using SQLAlchemy
  warnings.warn(

2026-04-11 16:07:44,921:WARNING:c:\ProgramData\Anaconda3\lib\site-packages\pandas\io\sql.py:762: UserWarning: pandas only support SQLAlchemy connectable(engine/connection) ordatabase string URI or sqlite3 DBAPI2 connectionother DBAPI2 objects are not tested, please consider using SQLAlchemy
  warnings.warn(

2026-04-11 16:07:46,538:WARNING:c:\ProgramData\Anaconda3\lib\site-packages\pandas\io\sql.py:762: UserWarning: pandas only support SQLAlchemy connectable(engine/connection) ordatabase string URI or sqlite3 DBAPI2 connectionother DBAPI2 objects are not tested, please consider using SQLAlchemy
  warnings.warn(

2026-04-11 16:07:46,591:WARNING:c:\ProgramData\Anaconda3\lib\site-packages\pandas\io\sql.py:762: UserWarning: pandas only support SQLAlchemy connectable(engine/connection) ordatabase string URI or sqlite3 DBAPI2 connectionother DBAPI2 objects are not tested, please consider using SQLAlchemy
  warnings.warn(

2026-04-11 16:07:47,656:WARNING:C:\Users\savan\AppData\Local\Temp\ipykernel_7816\4086773308.py:1: FutureWarning: Treating datetime data as categorical rather than numeric in `.describe` is deprecated and will be removed in a future version of pandas. Specify `datetime_is_numeric=True` to silence this warning and adopt the future behavior now.
  loan_cashflow_df.describe()

2026-04-11 16:07:50,483:WARNING:c:\ProgramData\Anaconda3\lib\site-packages\pandas\io\sql.py:762: UserWarning: pandas only support SQLAlchemy connectable(engine/connection) ordatabase string URI or sqlite3 DBAPI2 connectionother DBAPI2 objects are not tested, please consider using SQLAlchemy
  warnings.warn(

2026-04-11 16:18:44,667:WARNING:C:\Users\savan\AppData\Local\Temp\ipykernel_7816\912277280.py:7: ClusterWarning: scipy.cluster: The symmetric non-negative hollow observation matrix looks suspiciously like an uncondensed distance matrix
  Z = linkage(gower_sample, method='average')

2026-04-11 16:25:34,869:WARNING:
'cuml' is a soft dependency and not included in the pycaret installation. Please run: `pip install cuml` to install.
2026-04-11 16:25:34,869:WARNING:
'cuml' is a soft dependency and not included in the pycaret installation. Please run: `pip install cuml` to install.
2026-04-11 16:25:34,869:WARNING:
'cuml' is a soft dependency and not included in the pycaret installation. Please run: `pip install cuml` to install.
2026-04-11 16:25:34,869:WARNING:
'cuml' is a soft dependency and not included in the pycaret installation. Please run: `pip install cuml` to install.
2026-04-11 16:25:35,660:WARNING:c:\ProgramData\Anaconda3\lib\site-packages\pandas\io\sql.py:762: UserWarning: pandas only support SQLAlchemy connectable(engine/connection) ordatabase string URI or sqlite3 DBAPI2 connectionother DBAPI2 objects are not tested, please consider using SQLAlchemy
  warnings.warn(

2026-04-11 16:25:35,704:WARNING:c:\ProgramData\Anaconda3\lib\site-packages\pandas\io\sql.py:762: UserWarning: pandas only support SQLAlchemy connectable(engine/connection) ordatabase string URI or sqlite3 DBAPI2 connectionother DBAPI2 objects are not tested, please consider using SQLAlchemy
  warnings.warn(

2026-04-11 16:25:35,786:WARNING:c:\ProgramData\Anaconda3\lib\site-packages\pandas\io\sql.py:762: UserWarning: pandas only support SQLAlchemy connectable(engine/connection) ordatabase string URI or sqlite3 DBAPI2 connectionother DBAPI2 objects are not tested, please consider using SQLAlchemy
  warnings.warn(

2026-04-11 16:25:37,431:WARNING:c:\ProgramData\Anaconda3\lib\site-packages\pandas\io\sql.py:762: UserWarning: pandas only support SQLAlchemy connectable(engine/connection) ordatabase string URI or sqlite3 DBAPI2 connectionother DBAPI2 objects are not tested, please consider using SQLAlchemy
  warnings.warn(

2026-04-11 16:25:37,469:WARNING:c:\ProgramData\Anaconda3\lib\site-packages\pandas\io\sql.py:762: UserWarning: pandas only support SQLAlchemy connectable(engine/connection) ordatabase string URI or sqlite3 DBAPI2 connectionother DBAPI2 objects are not tested, please consider using SQLAlchemy
  warnings.warn(

2026-04-11 16:25:38,513:WARNING:C:\Users\savan\AppData\Local\Temp\ipykernel_39228\4086773308.py:1: FutureWarning: Treating datetime data as categorical rather than numeric in `.describe` is deprecated and will be removed in a future version of pandas. Specify `datetime_is_numeric=True` to silence this warning and adopt the future behavior now.
  loan_cashflow_df.describe()

2026-04-11 16:25:39,633:WARNING:c:\ProgramData\Anaconda3\lib\site-packages\pandas\io\sql.py:762: UserWarning: pandas only support SQLAlchemy connectable(engine/connection) ordatabase string URI or sqlite3 DBAPI2 connectionother DBAPI2 objects are not tested, please consider using SQLAlchemy
  warnings.warn(

2026-04-11 16:33:47,044:WARNING:C:\Users\savan\AppData\Local\Temp\ipykernel_39228\912277280.py:7: ClusterWarning: scipy.cluster: The symmetric non-negative hollow observation matrix looks suspiciously like an uncondensed distance matrix
  Z = linkage(gower_sample, method='average')

2026-04-11 16:35:18,346:WARNING:
'cuml' is a soft dependency and not included in the pycaret installation. Please run: `pip install cuml` to install.
2026-04-11 16:35:18,347:WARNING:
'cuml' is a soft dependency and not included in the pycaret installation. Please run: `pip install cuml` to install.
2026-04-11 16:35:18,347:WARNING:
'cuml' is a soft dependency and not included in the pycaret installation. Please run: `pip install cuml` to install.
2026-04-11 16:35:18,347:WARNING:
'cuml' is a soft dependency and not included in the pycaret installation. Please run: `pip install cuml` to install.
2026-04-11 16:35:24,973:WARNING:C:\Users\savan\Downloads\FYP\streamlit_pipeline.py:34: UserWarning: pandas only supports SQLAlchemy connectable (engine/connection) or database string URI or sqlite3 DBAPI2 connection. Other DBAPI2 objects are not tested. Please consider using SQLAlchemy.
  customer_df = pd.read_sql("SELECT * FROM CUSTOMER_DETAILS", conn)

2026-04-11 16:35:25,034:WARNING:C:\Users\savan\Downloads\FYP\streamlit_pipeline.py:35: UserWarning: pandas only supports SQLAlchemy connectable (engine/connection) or database string URI or sqlite3 DBAPI2 connection. Other DBAPI2 objects are not tested. Please consider using SQLAlchemy.
  account_df = pd.read_sql("SELECT * FROM ACCOUNT_DETAILS", conn)

2026-04-11 16:35:25,107:WARNING:C:\Users\savan\Downloads\FYP\streamlit_pipeline.py:36: UserWarning: pandas only supports SQLAlchemy connectable (engine/connection) or database string URI or sqlite3 DBAPI2 connection. Other DBAPI2 objects are not tested. Please consider using SQLAlchemy.
  transaction_df = pd.read_sql("SELECT * FROM TRANSACTION_DETAILS", conn)

2026-04-11 16:35:26,532:WARNING:C:\Users\savan\Downloads\FYP\streamlit_pipeline.py:37: UserWarning: pandas only supports SQLAlchemy connectable (engine/connection) or database string URI or sqlite3 DBAPI2 connection. Other DBAPI2 objects are not tested. Please consider using SQLAlchemy.
  loan_cashflow_df = pd.read_sql("SELECT * FROM LOAN_CASHFLOW", conn)

2026-04-11 16:35:26,574:WARNING:C:\Users\savan\Downloads\FYP\streamlit_pipeline.py:38: UserWarning: pandas only supports SQLAlchemy connectable (engine/connection) or database string URI or sqlite3 DBAPI2 connection. Other DBAPI2 objects are not tested. Please consider using SQLAlchemy.
  repayment_df = pd.read_sql("SELECT * FROM REPAYMENT", conn)

2026-04-11 16:35:27,140:WARNING:C:\Users\savan\Downloads\FYP\streamlit_pipeline.py:210: UserWarning: pandas only supports SQLAlchemy connectable (engine/connection) or database string URI or sqlite3 DBAPI2 connection. Other DBAPI2 objects are not tested. Please consider using SQLAlchemy.
  valid_employment_status = pd.read_sql(

2026-04-11 16:35:29,622:WARNING:C:\Users\savan\Downloads\FYP\streamlit_pipeline.py:789: DeprecationWarning: is_categorical_dtype is deprecated and will be removed in a future version. Use isinstance(dtype, pd.CategoricalDtype) instead
  if pd.api.types.is_categorical_dtype(model_data[col]):

2026-04-12 00:36:17,540:WARNING:
'cuml' is a soft dependency and not included in the pycaret installation. Please run: `pip install cuml` to install.
2026-04-12 00:36:17,540:WARNING:
'cuml' is a soft dependency and not included in the pycaret installation. Please run: `pip install cuml` to install.
2026-04-12 00:36:17,540:WARNING:
'cuml' is a soft dependency and not included in the pycaret installation. Please run: `pip install cuml` to install.
2026-04-12 00:36:17,540:WARNING:
'cuml' is a soft dependency and not included in the pycaret installation. Please run: `pip install cuml` to install.
2026-04-12 00:36:21,077:WARNING:c:\ProgramData\Anaconda3\lib\site-packages\pandas\io\sql.py:762: UserWarning: pandas only support SQLAlchemy connectable(engine/connection) ordatabase string URI or sqlite3 DBAPI2 connectionother DBAPI2 objects are not tested, please consider using SQLAlchemy
  warnings.warn(

2026-04-12 00:36:21,214:WARNING:c:\ProgramData\Anaconda3\lib\site-packages\pandas\io\sql.py:762: UserWarning: pandas only support SQLAlchemy connectable(engine/connection) ordatabase string URI or sqlite3 DBAPI2 connectionother DBAPI2 objects are not tested, please consider using SQLAlchemy
  warnings.warn(

2026-04-12 00:36:21,311:WARNING:c:\ProgramData\Anaconda3\lib\site-packages\pandas\io\sql.py:762: UserWarning: pandas only support SQLAlchemy connectable(engine/connection) ordatabase string URI or sqlite3 DBAPI2 connectionother DBAPI2 objects are not tested, please consider using SQLAlchemy
  warnings.warn(

2026-04-12 00:36:23,065:WARNING:c:\ProgramData\Anaconda3\lib\site-packages\pandas\io\sql.py:762: UserWarning: pandas only support SQLAlchemy connectable(engine/connection) ordatabase string URI or sqlite3 DBAPI2 connectionother DBAPI2 objects are not tested, please consider using SQLAlchemy
  warnings.warn(

2026-04-12 00:36:23,120:WARNING:c:\ProgramData\Anaconda3\lib\site-packages\pandas\io\sql.py:762: UserWarning: pandas only support SQLAlchemy connectable(engine/connection) ordatabase string URI or sqlite3 DBAPI2 connectionother DBAPI2 objects are not tested, please consider using SQLAlchemy
  warnings.warn(

2026-04-12 00:36:24,309:WARNING:C:\Users\savan\AppData\Local\Temp\ipykernel_34424\4086773308.py:1: FutureWarning: Treating datetime data as categorical rather than numeric in `.describe` is deprecated and will be removed in a future version of pandas. Specify `datetime_is_numeric=True` to silence this warning and adopt the future behavior now.
  loan_cashflow_df.describe()

2026-04-12 00:36:25,921:WARNING:c:\ProgramData\Anaconda3\lib\site-packages\pandas\io\sql.py:762: UserWarning: pandas only support SQLAlchemy connectable(engine/connection) ordatabase string URI or sqlite3 DBAPI2 connectionother DBAPI2 objects are not tested, please consider using SQLAlchemy
  warnings.warn(

2026-04-12 00:42:03,552:WARNING:
'cuml' is a soft dependency and not included in the pycaret installation. Please run: `pip install cuml` to install.
2026-04-12 00:42:03,552:WARNING:
'cuml' is a soft dependency and not included in the pycaret installation. Please run: `pip install cuml` to install.
2026-04-12 00:42:03,552:WARNING:
'cuml' is a soft dependency and not included in the pycaret installation. Please run: `pip install cuml` to install.
2026-04-12 00:42:03,552:WARNING:
'cuml' is a soft dependency and not included in the pycaret installation. Please run: `pip install cuml` to install.
2026-04-12 00:42:04,367:WARNING:c:\ProgramData\Anaconda3\lib\site-packages\pandas\io\sql.py:762: UserWarning: pandas only support SQLAlchemy connectable(engine/connection) ordatabase string URI or sqlite3 DBAPI2 connectionother DBAPI2 objects are not tested, please consider using SQLAlchemy
  warnings.warn(

2026-04-12 00:42:04,403:WARNING:c:\ProgramData\Anaconda3\lib\site-packages\pandas\io\sql.py:762: UserWarning: pandas only support SQLAlchemy connectable(engine/connection) ordatabase string URI or sqlite3 DBAPI2 connectionother DBAPI2 objects are not tested, please consider using SQLAlchemy
  warnings.warn(

2026-04-12 00:42:04,485:WARNING:c:\ProgramData\Anaconda3\lib\site-packages\pandas\io\sql.py:762: UserWarning: pandas only support SQLAlchemy connectable(engine/connection) ordatabase string URI or sqlite3 DBAPI2 connectionother DBAPI2 objects are not tested, please consider using SQLAlchemy
  warnings.warn(

2026-04-12 00:42:06,111:WARNING:c:\ProgramData\Anaconda3\lib\site-packages\pandas\io\sql.py:762: UserWarning: pandas only support SQLAlchemy connectable(engine/connection) ordatabase string URI or sqlite3 DBAPI2 connectionother DBAPI2 objects are not tested, please consider using SQLAlchemy
  warnings.warn(

2026-04-12 00:42:06,147:WARNING:c:\ProgramData\Anaconda3\lib\site-packages\pandas\io\sql.py:762: UserWarning: pandas only support SQLAlchemy connectable(engine/connection) ordatabase string URI or sqlite3 DBAPI2 connectionother DBAPI2 objects are not tested, please consider using SQLAlchemy
  warnings.warn(

2026-04-12 00:42:07,217:WARNING:C:\Users\savan\AppData\Local\Temp\ipykernel_12840\4086773308.py:1: FutureWarning: Treating datetime data as categorical rather than numeric in `.describe` is deprecated and will be removed in a future version of pandas. Specify `datetime_is_numeric=True` to silence this warning and adopt the future behavior now.
  loan_cashflow_df.describe()

2026-04-12 00:42:08,388:WARNING:c:\ProgramData\Anaconda3\lib\site-packages\pandas\io\sql.py:762: UserWarning: pandas only support SQLAlchemy connectable(engine/connection) ordatabase string URI or sqlite3 DBAPI2 connectionother DBAPI2 objects are not tested, please consider using SQLAlchemy
  warnings.warn(

2026-04-12 00:56:55,154:WARNING:C:\Users\savan\AppData\Local\Temp\ipykernel_12840\912277280.py:7: ClusterWarning: scipy.cluster: The symmetric non-negative hollow observation matrix looks suspiciously like an uncondensed distance matrix
  Z = linkage(gower_sample, method='average')

2026-04-12 01:03:38,894:WARNING:
'cuml' is a soft dependency and not included in the pycaret installation. Please run: `pip install cuml` to install.
2026-04-12 01:03:38,895:WARNING:
'cuml' is a soft dependency and not included in the pycaret installation. Please run: `pip install cuml` to install.
2026-04-12 01:03:38,895:WARNING:
'cuml' is a soft dependency and not included in the pycaret installation. Please run: `pip install cuml` to install.
2026-04-12 01:03:38,895:WARNING:
'cuml' is a soft dependency and not included in the pycaret installation. Please run: `pip install cuml` to install.
2026-04-12 01:03:46,979:WARNING:C:\Users\savan\Downloads\FYP\streamlit_pipeline.py:34: UserWarning: pandas only supports SQLAlchemy connectable (engine/connection) or database string URI or sqlite3 DBAPI2 connection. Other DBAPI2 objects are not tested. Please consider using SQLAlchemy.
  customer_df = pd.read_sql("SELECT * FROM CUSTOMER_DETAILS", conn)

2026-04-12 01:03:47,034:WARNING:C:\Users\savan\Downloads\FYP\streamlit_pipeline.py:35: UserWarning: pandas only supports SQLAlchemy connectable (engine/connection) or database string URI or sqlite3 DBAPI2 connection. Other DBAPI2 objects are not tested. Please consider using SQLAlchemy.
  account_df = pd.read_sql("SELECT * FROM ACCOUNT_DETAILS", conn)

2026-04-12 01:03:47,124:WARNING:C:\Users\savan\Downloads\FYP\streamlit_pipeline.py:36: UserWarning: pandas only supports SQLAlchemy connectable (engine/connection) or database string URI or sqlite3 DBAPI2 connection. Other DBAPI2 objects are not tested. Please consider using SQLAlchemy.
  transaction_df = pd.read_sql("SELECT * FROM TRANSACTION_DETAILS", conn)

2026-04-12 01:03:48,569:WARNING:C:\Users\savan\Downloads\FYP\streamlit_pipeline.py:37: UserWarning: pandas only supports SQLAlchemy connectable (engine/connection) or database string URI or sqlite3 DBAPI2 connection. Other DBAPI2 objects are not tested. Please consider using SQLAlchemy.
  loan_cashflow_df = pd.read_sql("SELECT * FROM LOAN_CASHFLOW", conn)

2026-04-12 01:03:48,628:WARNING:C:\Users\savan\Downloads\FYP\streamlit_pipeline.py:38: UserWarning: pandas only supports SQLAlchemy connectable (engine/connection) or database string URI or sqlite3 DBAPI2 connection. Other DBAPI2 objects are not tested. Please consider using SQLAlchemy.
  repayment_df = pd.read_sql("SELECT * FROM REPAYMENT", conn)

2026-04-12 01:03:49,234:WARNING:C:\Users\savan\Downloads\FYP\streamlit_pipeline.py:210: UserWarning: pandas only supports SQLAlchemy connectable (engine/connection) or database string URI or sqlite3 DBAPI2 connection. Other DBAPI2 objects are not tested. Please consider using SQLAlchemy.
  valid_employment_status = pd.read_sql(

2026-04-12 01:03:52,012:WARNING:C:\Users\savan\Downloads\FYP\streamlit_pipeline.py:789: DeprecationWarning: is_categorical_dtype is deprecated and will be removed in a future version. Use isinstance(dtype, pd.CategoricalDtype) instead
  if pd.api.types.is_categorical_dtype(model_data[col]):

2026-04-12 11:59:57,003:WARNING:
'cuml' is a soft dependency and not included in the pycaret installation. Please run: `pip install cuml` to install.
2026-04-12 11:59:57,003:WARNING:
'cuml' is a soft dependency and not included in the pycaret installation. Please run: `pip install cuml` to install.
2026-04-12 11:59:57,003:WARNING:
'cuml' is a soft dependency and not included in the pycaret installation. Please run: `pip install cuml` to install.
2026-04-12 11:59:57,003:WARNING:
'cuml' is a soft dependency and not included in the pycaret installation. Please run: `pip install cuml` to install.
2026-04-12 12:00:02,031:WARNING:c:\ProgramData\Anaconda3\lib\site-packages\pandas\io\sql.py:762: UserWarning: pandas only support SQLAlchemy connectable(engine/connection) ordatabase string URI or sqlite3 DBAPI2 connectionother DBAPI2 objects are not tested, please consider using SQLAlchemy
  warnings.warn(

2026-04-12 12:00:02,089:WARNING:c:\ProgramData\Anaconda3\lib\site-packages\pandas\io\sql.py:762: UserWarning: pandas only support SQLAlchemy connectable(engine/connection) ordatabase string URI or sqlite3 DBAPI2 connectionother DBAPI2 objects are not tested, please consider using SQLAlchemy
  warnings.warn(

2026-04-12 12:00:02,179:WARNING:c:\ProgramData\Anaconda3\lib\site-packages\pandas\io\sql.py:762: UserWarning: pandas only support SQLAlchemy connectable(engine/connection) ordatabase string URI or sqlite3 DBAPI2 connectionother DBAPI2 objects are not tested, please consider using SQLAlchemy
  warnings.warn(

2026-04-12 12:00:04,100:WARNING:c:\ProgramData\Anaconda3\lib\site-packages\pandas\io\sql.py:762: UserWarning: pandas only support SQLAlchemy connectable(engine/connection) ordatabase string URI or sqlite3 DBAPI2 connectionother DBAPI2 objects are not tested, please consider using SQLAlchemy
  warnings.warn(

2026-04-12 12:00:04,167:WARNING:c:\ProgramData\Anaconda3\lib\site-packages\pandas\io\sql.py:762: UserWarning: pandas only support SQLAlchemy connectable(engine/connection) ordatabase string URI or sqlite3 DBAPI2 connectionother DBAPI2 objects are not tested, please consider using SQLAlchemy
  warnings.warn(

2026-04-12 12:00:05,213:WARNING:C:\Users\savan\AppData\Local\Temp\ipykernel_19320\4086773308.py:1: FutureWarning: Treating datetime data as categorical rather than numeric in `.describe` is deprecated and will be removed in a future version of pandas. Specify `datetime_is_numeric=True` to silence this warning and adopt the future behavior now.
  loan_cashflow_df.describe()

2026-04-12 12:00:08,047:WARNING:c:\ProgramData\Anaconda3\lib\site-packages\pandas\io\sql.py:762: UserWarning: pandas only support SQLAlchemy connectable(engine/connection) ordatabase string URI or sqlite3 DBAPI2 connectionother DBAPI2 objects are not tested, please consider using SQLAlchemy
  warnings.warn(

2026-04-12 12:01:49,593:WARNING:c:\ProgramData\Anaconda3\lib\site-packages\pandas\io\sql.py:762: UserWarning: pandas only support SQLAlchemy connectable(engine/connection) ordatabase string URI or sqlite3 DBAPI2 connectionother DBAPI2 objects are not tested, please consider using SQLAlchemy
  warnings.warn(

2026-04-12 12:01:49,631:WARNING:c:\ProgramData\Anaconda3\lib\site-packages\pandas\io\sql.py:762: UserWarning: pandas only support SQLAlchemy connectable(engine/connection) ordatabase string URI or sqlite3 DBAPI2 connectionother DBAPI2 objects are not tested, please consider using SQLAlchemy
  warnings.warn(

2026-04-12 12:01:49,704:WARNING:c:\ProgramData\Anaconda3\lib\site-packages\pandas\io\sql.py:762: UserWarning: pandas only support SQLAlchemy connectable(engine/connection) ordatabase string URI or sqlite3 DBAPI2 connectionother DBAPI2 objects are not tested, please consider using SQLAlchemy
  warnings.warn(

2026-04-12 12:01:51,598:WARNING:c:\ProgramData\Anaconda3\lib\site-packages\pandas\io\sql.py:762: UserWarning: pandas only support SQLAlchemy connectable(engine/connection) ordatabase string URI or sqlite3 DBAPI2 connectionother DBAPI2 objects are not tested, please consider using SQLAlchemy
  warnings.warn(

2026-04-12 12:01:51,641:WARNING:c:\ProgramData\Anaconda3\lib\site-packages\pandas\io\sql.py:762: UserWarning: pandas only support SQLAlchemy connectable(engine/connection) ordatabase string URI or sqlite3 DBAPI2 connectionother DBAPI2 objects are not tested, please consider using SQLAlchemy
  warnings.warn(

2026-04-12 12:01:52,671:WARNING:C:\Users\savan\AppData\Local\Temp\ipykernel_19320\4086773308.py:1: FutureWarning: Treating datetime data as categorical rather than numeric in `.describe` is deprecated and will be removed in a future version of pandas. Specify `datetime_is_numeric=True` to silence this warning and adopt the future behavior now.
  loan_cashflow_df.describe()

2026-04-12 12:01:53,627:WARNING:c:\ProgramData\Anaconda3\lib\site-packages\pandas\io\sql.py:762: UserWarning: pandas only support SQLAlchemy connectable(engine/connection) ordatabase string URI or sqlite3 DBAPI2 connectionother DBAPI2 objects are not tested, please consider using SQLAlchemy
  warnings.warn(

2026-04-12 12:18:31,574:WARNING:C:\Users\savan\AppData\Local\Temp\ipykernel_19320\912277280.py:7: ClusterWarning: scipy.cluster: The symmetric non-negative hollow observation matrix looks suspiciously like an uncondensed distance matrix
  Z = linkage(gower_sample, method='average')

2026-04-13 18:24:08,362:WARNING:
'cuml' is a soft dependency and not included in the pycaret installation. Please run: `pip install cuml` to install.
2026-04-13 18:24:08,362:WARNING:
'cuml' is a soft dependency and not included in the pycaret installation. Please run: `pip install cuml` to install.
2026-04-13 18:24:08,362:WARNING:
'cuml' is a soft dependency and not included in the pycaret installation. Please run: `pip install cuml` to install.
2026-04-13 18:24:08,362:WARNING:
'cuml' is a soft dependency and not included in the pycaret installation. Please run: `pip install cuml` to install.
2026-04-13 18:24:11,954:WARNING:c:\ProgramData\Anaconda3\lib\site-packages\pandas\io\sql.py:762: UserWarning: pandas only support SQLAlchemy connectable(engine/connection) ordatabase string URI or sqlite3 DBAPI2 connectionother DBAPI2 objects are not tested, please consider using SQLAlchemy
  warnings.warn(

2026-04-13 18:24:12,093:WARNING:c:\ProgramData\Anaconda3\lib\site-packages\pandas\io\sql.py:762: UserWarning: pandas only support SQLAlchemy connectable(engine/connection) ordatabase string URI or sqlite3 DBAPI2 connectionother DBAPI2 objects are not tested, please consider using SQLAlchemy
  warnings.warn(

2026-04-13 18:24:12,190:WARNING:c:\ProgramData\Anaconda3\lib\site-packages\pandas\io\sql.py:762: UserWarning: pandas only support SQLAlchemy connectable(engine/connection) ordatabase string URI or sqlite3 DBAPI2 connectionother DBAPI2 objects are not tested, please consider using SQLAlchemy
  warnings.warn(

2026-04-13 18:24:13,896:WARNING:c:\ProgramData\Anaconda3\lib\site-packages\pandas\io\sql.py:762: UserWarning: pandas only support SQLAlchemy connectable(engine/connection) ordatabase string URI or sqlite3 DBAPI2 connectionother DBAPI2 objects are not tested, please consider using SQLAlchemy
  warnings.warn(

2026-04-13 18:24:13,940:WARNING:c:\ProgramData\Anaconda3\lib\site-packages\pandas\io\sql.py:762: UserWarning: pandas only support SQLAlchemy connectable(engine/connection) ordatabase string URI or sqlite3 DBAPI2 connectionother DBAPI2 objects are not tested, please consider using SQLAlchemy
  warnings.warn(

2026-04-13 18:24:14,957:WARNING:C:\Users\savan\AppData\Local\Temp\ipykernel_11640\4086773308.py:1: FutureWarning: Treating datetime data as categorical rather than numeric in `.describe` is deprecated and will be removed in a future version of pandas. Specify `datetime_is_numeric=True` to silence this warning and adopt the future behavior now.
  loan_cashflow_df.describe()

2026-04-13 18:24:16,377:WARNING:c:\ProgramData\Anaconda3\lib\site-packages\pandas\io\sql.py:762: UserWarning: pandas only support SQLAlchemy connectable(engine/connection) ordatabase string URI or sqlite3 DBAPI2 connectionother DBAPI2 objects are not tested, please consider using SQLAlchemy
  warnings.warn(

2026-04-13 18:34:58,433:WARNING:
'cuml' is a soft dependency and not included in the pycaret installation. Please run: `pip install cuml` to install.
2026-04-13 18:34:58,433:WARNING:
'cuml' is a soft dependency and not included in the pycaret installation. Please run: `pip install cuml` to install.
2026-04-13 18:34:58,433:WARNING:
'cuml' is a soft dependency and not included in the pycaret installation. Please run: `pip install cuml` to install.
2026-04-13 18:34:58,433:WARNING:
'cuml' is a soft dependency and not included in the pycaret installation. Please run: `pip install cuml` to install.
2026-04-13 18:34:59,240:WARNING:c:\ProgramData\Anaconda3\lib\site-packages\pandas\io\sql.py:762: UserWarning: pandas only support SQLAlchemy connectable(engine/connection) ordatabase string URI or sqlite3 DBAPI2 connectionother DBAPI2 objects are not tested, please consider using SQLAlchemy
  warnings.warn(

2026-04-13 18:34:59,303:WARNING:c:\ProgramData\Anaconda3\lib\site-packages\pandas\io\sql.py:762: UserWarning: pandas only support SQLAlchemy connectable(engine/connection) ordatabase string URI or sqlite3 DBAPI2 connectionother DBAPI2 objects are not tested, please consider using SQLAlchemy
  warnings.warn(

2026-04-13 18:34:59,400:WARNING:c:\ProgramData\Anaconda3\lib\site-packages\pandas\io\sql.py:762: UserWarning: pandas only support SQLAlchemy connectable(engine/connection) ordatabase string URI or sqlite3 DBAPI2 connectionother DBAPI2 objects are not tested, please consider using SQLAlchemy
  warnings.warn(

2026-04-13 18:35:01,252:WARNING:c:\ProgramData\Anaconda3\lib\site-packages\pandas\io\sql.py:762: UserWarning: pandas only support SQLAlchemy connectable(engine/connection) ordatabase string URI or sqlite3 DBAPI2 connectionother DBAPI2 objects are not tested, please consider using SQLAlchemy
  warnings.warn(

2026-04-13 18:35:01,308:WARNING:c:\ProgramData\Anaconda3\lib\site-packages\pandas\io\sql.py:762: UserWarning: pandas only support SQLAlchemy connectable(engine/connection) ordatabase string URI or sqlite3 DBAPI2 connectionother DBAPI2 objects are not tested, please consider using SQLAlchemy
  warnings.warn(

2026-04-13 18:35:02,238:WARNING:C:\Users\savan\AppData\Local\Temp\ipykernel_2460\4086773308.py:1: FutureWarning: Treating datetime data as categorical rather than numeric in `.describe` is deprecated and will be removed in a future version of pandas. Specify `datetime_is_numeric=True` to silence this warning and adopt the future behavior now.
  loan_cashflow_df.describe()

2026-04-13 18:35:03,267:WARNING:c:\ProgramData\Anaconda3\lib\site-packages\pandas\io\sql.py:762: UserWarning: pandas only support SQLAlchemy connectable(engine/connection) ordatabase string URI or sqlite3 DBAPI2 connectionother DBAPI2 objects are not tested, please consider using SQLAlchemy
  warnings.warn(

2026-04-13 18:36:14,001:WARNING:c:\ProgramData\Anaconda3\lib\site-packages\pandas\io\sql.py:762: UserWarning: pandas only support SQLAlchemy connectable(engine/connection) ordatabase string URI or sqlite3 DBAPI2 connectionother DBAPI2 objects are not tested, please consider using SQLAlchemy
  warnings.warn(

2026-04-13 18:36:14,034:WARNING:c:\ProgramData\Anaconda3\lib\site-packages\pandas\io\sql.py:762: UserWarning: pandas only support SQLAlchemy connectable(engine/connection) ordatabase string URI or sqlite3 DBAPI2 connectionother DBAPI2 objects are not tested, please consider using SQLAlchemy
  warnings.warn(

2026-04-13 18:36:14,105:WARNING:c:\ProgramData\Anaconda3\lib\site-packages\pandas\io\sql.py:762: UserWarning: pandas only support SQLAlchemy connectable(engine/connection) ordatabase string URI or sqlite3 DBAPI2 connectionother DBAPI2 objects are not tested, please consider using SQLAlchemy
  warnings.warn(

2026-04-13 18:36:15,656:WARNING:c:\ProgramData\Anaconda3\lib\site-packages\pandas\io\sql.py:762: UserWarning: pandas only support SQLAlchemy connectable(engine/connection) ordatabase string URI or sqlite3 DBAPI2 connectionother DBAPI2 objects are not tested, please consider using SQLAlchemy
  warnings.warn(

2026-04-13 18:36:15,690:WARNING:c:\ProgramData\Anaconda3\lib\site-packages\pandas\io\sql.py:762: UserWarning: pandas only support SQLAlchemy connectable(engine/connection) ordatabase string URI or sqlite3 DBAPI2 connectionother DBAPI2 objects are not tested, please consider using SQLAlchemy
  warnings.warn(

2026-04-13 18:36:16,726:WARNING:C:\Users\savan\AppData\Local\Temp\ipykernel_2460\4086773308.py:1: FutureWarning: Treating datetime data as categorical rather than numeric in `.describe` is deprecated and will be removed in a future version of pandas. Specify `datetime_is_numeric=True` to silence this warning and adopt the future behavior now.
  loan_cashflow_df.describe()

2026-04-13 18:36:17,571:WARNING:c:\ProgramData\Anaconda3\lib\site-packages\pandas\io\sql.py:762: UserWarning: pandas only support SQLAlchemy connectable(engine/connection) ordatabase string URI or sqlite3 DBAPI2 connectionother DBAPI2 objects are not tested, please consider using SQLAlchemy
  warnings.warn(

2026-04-13 18:51:54,079:WARNING:C:\Users\savan\AppData\Local\Temp\ipykernel_2460\912277280.py:7: ClusterWarning: scipy.cluster: The symmetric non-negative hollow observation matrix looks suspiciously like an uncondensed distance matrix
  Z = linkage(gower_sample, method='average')

2026-04-13 19:52:33,034:WARNING:
'cuml' is a soft dependency and not included in the pycaret installation. Please run: `pip install cuml` to install.
2026-04-13 19:52:33,034:WARNING:
'cuml' is a soft dependency and not included in the pycaret installation. Please run: `pip install cuml` to install.
2026-04-13 19:52:33,034:WARNING:
'cuml' is a soft dependency and not included in the pycaret installation. Please run: `pip install cuml` to install.
2026-04-13 19:52:33,034:WARNING:
'cuml' is a soft dependency and not included in the pycaret installation. Please run: `pip install cuml` to install.
2026-04-13 19:52:36,788:WARNING:c:\ProgramData\Anaconda3\lib\site-packages\pandas\io\sql.py:762: UserWarning: pandas only support SQLAlchemy connectable(engine/connection) ordatabase string URI or sqlite3 DBAPI2 connectionother DBAPI2 objects are not tested, please consider using SQLAlchemy
  warnings.warn(

2026-04-13 19:52:36,824:WARNING:c:\ProgramData\Anaconda3\lib\site-packages\pandas\io\sql.py:762: UserWarning: pandas only support SQLAlchemy connectable(engine/connection) ordatabase string URI or sqlite3 DBAPI2 connectionother DBAPI2 objects are not tested, please consider using SQLAlchemy
  warnings.warn(

2026-04-13 19:52:36,908:WARNING:c:\ProgramData\Anaconda3\lib\site-packages\pandas\io\sql.py:762: UserWarning: pandas only support SQLAlchemy connectable(engine/connection) ordatabase string URI or sqlite3 DBAPI2 connectionother DBAPI2 objects are not tested, please consider using SQLAlchemy
  warnings.warn(

2026-04-13 19:52:38,643:WARNING:c:\ProgramData\Anaconda3\lib\site-packages\pandas\io\sql.py:762: UserWarning: pandas only support SQLAlchemy connectable(engine/connection) ordatabase string URI or sqlite3 DBAPI2 connectionother DBAPI2 objects are not tested, please consider using SQLAlchemy
  warnings.warn(

2026-04-13 19:52:38,692:WARNING:c:\ProgramData\Anaconda3\lib\site-packages\pandas\io\sql.py:762: UserWarning: pandas only support SQLAlchemy connectable(engine/connection) ordatabase string URI or sqlite3 DBAPI2 connectionother DBAPI2 objects are not tested, please consider using SQLAlchemy
  warnings.warn(

2026-04-13 19:52:39,675:WARNING:C:\Users\savan\AppData\Local\Temp\ipykernel_19324\4086773308.py:1: FutureWarning: Treating datetime data as categorical rather than numeric in `.describe` is deprecated and will be removed in a future version of pandas. Specify `datetime_is_numeric=True` to silence this warning and adopt the future behavior now.
  loan_cashflow_df.describe()

2026-04-13 19:52:42,952:WARNING:c:\ProgramData\Anaconda3\lib\site-packages\pandas\io\sql.py:762: UserWarning: pandas only support SQLAlchemy connectable(engine/connection) ordatabase string URI or sqlite3 DBAPI2 connectionother DBAPI2 objects are not tested, please consider using SQLAlchemy
  warnings.warn(

2026-04-13 19:53:00,636:WARNING:c:\ProgramData\Anaconda3\lib\site-packages\pandas\io\sql.py:762: UserWarning: pandas only support SQLAlchemy connectable(engine/connection) ordatabase string URI or sqlite3 DBAPI2 connectionother DBAPI2 objects are not tested, please consider using SQLAlchemy
  warnings.warn(

2026-04-13 19:53:00,668:WARNING:c:\ProgramData\Anaconda3\lib\site-packages\pandas\io\sql.py:762: UserWarning: pandas only support SQLAlchemy connectable(engine/connection) ordatabase string URI or sqlite3 DBAPI2 connectionother DBAPI2 objects are not tested, please consider using SQLAlchemy
  warnings.warn(

2026-04-13 19:53:00,733:WARNING:c:\ProgramData\Anaconda3\lib\site-packages\pandas\io\sql.py:762: UserWarning: pandas only support SQLAlchemy connectable(engine/connection) ordatabase string URI or sqlite3 DBAPI2 connectionother DBAPI2 objects are not tested, please consider using SQLAlchemy
  warnings.warn(

2026-04-13 19:53:02,355:WARNING:c:\ProgramData\Anaconda3\lib\site-packages\pandas\io\sql.py:762: UserWarning: pandas only support SQLAlchemy connectable(engine/connection) ordatabase string URI or sqlite3 DBAPI2 connectionother DBAPI2 objects are not tested, please consider using SQLAlchemy
  warnings.warn(

2026-04-13 19:53:02,404:WARNING:c:\ProgramData\Anaconda3\lib\site-packages\pandas\io\sql.py:762: UserWarning: pandas only support SQLAlchemy connectable(engine/connection) ordatabase string URI or sqlite3 DBAPI2 connectionother DBAPI2 objects are not tested, please consider using SQLAlchemy
  warnings.warn(

2026-04-13 19:53:03,285:WARNING:C:\Users\savan\AppData\Local\Temp\ipykernel_19324\4086773308.py:1: FutureWarning: Treating datetime data as categorical rather than numeric in `.describe` is deprecated and will be removed in a future version of pandas. Specify `datetime_is_numeric=True` to silence this warning and adopt the future behavior now.
  loan_cashflow_df.describe()

2026-04-13 19:53:06,119:WARNING:c:\ProgramData\Anaconda3\lib\site-packages\pandas\io\sql.py:762: UserWarning: pandas only support SQLAlchemy connectable(engine/connection) ordatabase string URI or sqlite3 DBAPI2 connectionother DBAPI2 objects are not tested, please consider using SQLAlchemy
  warnings.warn(

2026-04-13 19:54:28,761:WARNING:c:\ProgramData\Anaconda3\lib\site-packages\pandas\io\sql.py:762: UserWarning: pandas only support SQLAlchemy connectable(engine/connection) ordatabase string URI or sqlite3 DBAPI2 connectionother DBAPI2 objects are not tested, please consider using SQLAlchemy
  warnings.warn(

2026-04-13 19:54:28,794:WARNING:c:\ProgramData\Anaconda3\lib\site-packages\pandas\io\sql.py:762: UserWarning: pandas only support SQLAlchemy connectable(engine/connection) ordatabase string URI or sqlite3 DBAPI2 connectionother DBAPI2 objects are not tested, please consider using SQLAlchemy
  warnings.warn(

2026-04-13 19:54:28,871:WARNING:c:\ProgramData\Anaconda3\lib\site-packages\pandas\io\sql.py:762: UserWarning: pandas only support SQLAlchemy connectable(engine/connection) ordatabase string URI or sqlite3 DBAPI2 connectionother DBAPI2 objects are not tested, please consider using SQLAlchemy
  warnings.warn(

2026-04-13 19:54:30,490:WARNING:c:\ProgramData\Anaconda3\lib\site-packages\pandas\io\sql.py:762: UserWarning: pandas only support SQLAlchemy connectable(engine/connection) ordatabase string URI or sqlite3 DBAPI2 connectionother DBAPI2 objects are not tested, please consider using SQLAlchemy
  warnings.warn(

2026-04-13 19:54:30,524:WARNING:c:\ProgramData\Anaconda3\lib\site-packages\pandas\io\sql.py:762: UserWarning: pandas only support SQLAlchemy connectable(engine/connection) ordatabase string URI or sqlite3 DBAPI2 connectionother DBAPI2 objects are not tested, please consider using SQLAlchemy
  warnings.warn(

2026-04-13 19:54:31,530:WARNING:C:\Users\savan\AppData\Local\Temp\ipykernel_19324\4086773308.py:1: FutureWarning: Treating datetime data as categorical rather than numeric in `.describe` is deprecated and will be removed in a future version of pandas. Specify `datetime_is_numeric=True` to silence this warning and adopt the future behavior now.
  loan_cashflow_df.describe()

2026-04-13 19:54:34,211:WARNING:c:\ProgramData\Anaconda3\lib\site-packages\pandas\io\sql.py:762: UserWarning: pandas only support SQLAlchemy connectable(engine/connection) ordatabase string URI or sqlite3 DBAPI2 connectionother DBAPI2 objects are not tested, please consider using SQLAlchemy
  warnings.warn(

2026-04-13 19:55:22,272:WARNING:c:\ProgramData\Anaconda3\lib\site-packages\pandas\io\sql.py:762: UserWarning: pandas only support SQLAlchemy connectable(engine/connection) ordatabase string URI or sqlite3 DBAPI2 connectionother DBAPI2 objects are not tested, please consider using SQLAlchemy
  warnings.warn(

2026-04-13 19:55:22,305:WARNING:c:\ProgramData\Anaconda3\lib\site-packages\pandas\io\sql.py:762: UserWarning: pandas only support SQLAlchemy connectable(engine/connection) ordatabase string URI or sqlite3 DBAPI2 connectionother DBAPI2 objects are not tested, please consider using SQLAlchemy
  warnings.warn(

2026-04-13 19:55:22,506:WARNING:c:\ProgramData\Anaconda3\lib\site-packages\pandas\io\sql.py:762: UserWarning: pandas only support SQLAlchemy connectable(engine/connection) ordatabase string URI or sqlite3 DBAPI2 connectionother DBAPI2 objects are not tested, please consider using SQLAlchemy
  warnings.warn(

2026-04-13 19:55:24,108:WARNING:c:\ProgramData\Anaconda3\lib\site-packages\pandas\io\sql.py:762: UserWarning: pandas only support SQLAlchemy connectable(engine/connection) ordatabase string URI or sqlite3 DBAPI2 connectionother DBAPI2 objects are not tested, please consider using SQLAlchemy
  warnings.warn(

2026-04-13 19:55:24,163:WARNING:c:\ProgramData\Anaconda3\lib\site-packages\pandas\io\sql.py:762: UserWarning: pandas only support SQLAlchemy connectable(engine/connection) ordatabase string URI or sqlite3 DBAPI2 connectionother DBAPI2 objects are not tested, please consider using SQLAlchemy
  warnings.warn(

2026-04-13 19:55:25,151:WARNING:C:\Users\savan\AppData\Local\Temp\ipykernel_19324\4086773308.py:1: FutureWarning: Treating datetime data as categorical rather than numeric in `.describe` is deprecated and will be removed in a future version of pandas. Specify `datetime_is_numeric=True` to silence this warning and adopt the future behavior now.
  loan_cashflow_df.describe()

2026-04-13 19:55:28,073:WARNING:c:\ProgramData\Anaconda3\lib\site-packages\pandas\io\sql.py:762: UserWarning: pandas only support SQLAlchemy connectable(engine/connection) ordatabase string URI or sqlite3 DBAPI2 connectionother DBAPI2 objects are not tested, please consider using SQLAlchemy
  warnings.warn(

2026-04-13 19:55:59,487:WARNING:c:\ProgramData\Anaconda3\lib\site-packages\pandas\io\sql.py:762: UserWarning: pandas only support SQLAlchemy connectable(engine/connection) ordatabase string URI or sqlite3 DBAPI2 connectionother DBAPI2 objects are not tested, please consider using SQLAlchemy
  warnings.warn(

2026-04-13 19:55:59,523:WARNING:c:\ProgramData\Anaconda3\lib\site-packages\pandas\io\sql.py:762: UserWarning: pandas only support SQLAlchemy connectable(engine/connection) ordatabase string URI or sqlite3 DBAPI2 connectionother DBAPI2 objects are not tested, please consider using SQLAlchemy
  warnings.warn(

2026-04-13 19:55:59,593:WARNING:c:\ProgramData\Anaconda3\lib\site-packages\pandas\io\sql.py:762: UserWarning: pandas only support SQLAlchemy connectable(engine/connection) ordatabase string URI or sqlite3 DBAPI2 connectionother DBAPI2 objects are not tested, please consider using SQLAlchemy
  warnings.warn(

2026-04-13 19:56:01,298:WARNING:c:\ProgramData\Anaconda3\lib\site-packages\pandas\io\sql.py:762: UserWarning: pandas only support SQLAlchemy connectable(engine/connection) ordatabase string URI or sqlite3 DBAPI2 connectionother DBAPI2 objects are not tested, please consider using SQLAlchemy
  warnings.warn(

2026-04-13 19:56:01,356:WARNING:c:\ProgramData\Anaconda3\lib\site-packages\pandas\io\sql.py:762: UserWarning: pandas only support SQLAlchemy connectable(engine/connection) ordatabase string URI or sqlite3 DBAPI2 connectionother DBAPI2 objects are not tested, please consider using SQLAlchemy
  warnings.warn(

2026-04-13 19:56:02,294:WARNING:C:\Users\savan\AppData\Local\Temp\ipykernel_19324\4086773308.py:1: FutureWarning: Treating datetime data as categorical rather than numeric in `.describe` is deprecated and will be removed in a future version of pandas. Specify `datetime_is_numeric=True` to silence this warning and adopt the future behavior now.
  loan_cashflow_df.describe()

2026-04-13 19:56:04,176:WARNING:c:\ProgramData\Anaconda3\lib\site-packages\pandas\io\sql.py:762: UserWarning: pandas only support SQLAlchemy connectable(engine/connection) ordatabase string URI or sqlite3 DBAPI2 connectionother DBAPI2 objects are not tested, please consider using SQLAlchemy
  warnings.warn(

2026-04-13 20:00:59,238:WARNING:
'cuml' is a soft dependency and not included in the pycaret installation. Please run: `pip install cuml` to install.
2026-04-13 20:00:59,238:WARNING:
'cuml' is a soft dependency and not included in the pycaret installation. Please run: `pip install cuml` to install.
2026-04-13 20:00:59,238:WARNING:
'cuml' is a soft dependency and not included in the pycaret installation. Please run: `pip install cuml` to install.
2026-04-13 20:00:59,238:WARNING:
'cuml' is a soft dependency and not included in the pycaret installation. Please run: `pip install cuml` to install.
2026-04-13 20:01:00,337:WARNING:c:\ProgramData\Anaconda3\lib\site-packages\pandas\io\sql.py:762: UserWarning: pandas only support SQLAlchemy connectable(engine/connection) ordatabase string URI or sqlite3 DBAPI2 connectionother DBAPI2 objects are not tested, please consider using SQLAlchemy
  warnings.warn(

2026-04-13 20:01:00,362:WARNING:c:\ProgramData\Anaconda3\lib\site-packages\pandas\io\sql.py:762: UserWarning: pandas only support SQLAlchemy connectable(engine/connection) ordatabase string URI or sqlite3 DBAPI2 connectionother DBAPI2 objects are not tested, please consider using SQLAlchemy
  warnings.warn(

2026-04-13 20:01:00,444:WARNING:c:\ProgramData\Anaconda3\lib\site-packages\pandas\io\sql.py:762: UserWarning: pandas only support SQLAlchemy connectable(engine/connection) ordatabase string URI or sqlite3 DBAPI2 connectionother DBAPI2 objects are not tested, please consider using SQLAlchemy
  warnings.warn(

2026-04-13 20:01:02,111:WARNING:c:\ProgramData\Anaconda3\lib\site-packages\pandas\io\sql.py:762: UserWarning: pandas only support SQLAlchemy connectable(engine/connection) ordatabase string URI or sqlite3 DBAPI2 connectionother DBAPI2 objects are not tested, please consider using SQLAlchemy
  warnings.warn(

2026-04-13 20:01:02,152:WARNING:c:\ProgramData\Anaconda3\lib\site-packages\pandas\io\sql.py:762: UserWarning: pandas only support SQLAlchemy connectable(engine/connection) ordatabase string URI or sqlite3 DBAPI2 connectionother DBAPI2 objects are not tested, please consider using SQLAlchemy
  warnings.warn(

2026-04-13 20:01:03,050:WARNING:C:\Users\savan\AppData\Local\Temp\ipykernel_7452\4086773308.py:1: FutureWarning: Treating datetime data as categorical rather than numeric in `.describe` is deprecated and will be removed in a future version of pandas. Specify `datetime_is_numeric=True` to silence this warning and adopt the future behavior now.
  loan_cashflow_df.describe()

2026-04-13 20:01:04,952:WARNING:c:\ProgramData\Anaconda3\lib\site-packages\pandas\io\sql.py:762: UserWarning: pandas only support SQLAlchemy connectable(engine/connection) ordatabase string URI or sqlite3 DBAPI2 connectionother DBAPI2 objects are not tested, please consider using SQLAlchemy
  warnings.warn(

2026-04-13 20:01:52,638:WARNING:c:\ProgramData\Anaconda3\lib\site-packages\pandas\io\sql.py:762: UserWarning: pandas only support SQLAlchemy connectable(engine/connection) ordatabase string URI or sqlite3 DBAPI2 connectionother DBAPI2 objects are not tested, please consider using SQLAlchemy
  warnings.warn(

2026-04-13 20:01:52,663:WARNING:c:\ProgramData\Anaconda3\lib\site-packages\pandas\io\sql.py:762: UserWarning: pandas only support SQLAlchemy connectable(engine/connection) ordatabase string URI or sqlite3 DBAPI2 connectionother DBAPI2 objects are not tested, please consider using SQLAlchemy
  warnings.warn(

2026-04-13 20:01:52,725:WARNING:c:\ProgramData\Anaconda3\lib\site-packages\pandas\io\sql.py:762: UserWarning: pandas only support SQLAlchemy connectable(engine/connection) ordatabase string URI or sqlite3 DBAPI2 connectionother DBAPI2 objects are not tested, please consider using SQLAlchemy
  warnings.warn(

2026-04-13 20:01:54,169:WARNING:c:\ProgramData\Anaconda3\lib\site-packages\pandas\io\sql.py:762: UserWarning: pandas only support SQLAlchemy connectable(engine/connection) ordatabase string URI or sqlite3 DBAPI2 connectionother DBAPI2 objects are not tested, please consider using SQLAlchemy
  warnings.warn(

2026-04-13 20:01:54,201:WARNING:c:\ProgramData\Anaconda3\lib\site-packages\pandas\io\sql.py:762: UserWarning: pandas only support SQLAlchemy connectable(engine/connection) ordatabase string URI or sqlite3 DBAPI2 connectionother DBAPI2 objects are not tested, please consider using SQLAlchemy
  warnings.warn(

2026-04-13 20:01:55,204:WARNING:C:\Users\savan\AppData\Local\Temp\ipykernel_7452\4086773308.py:1: FutureWarning: Treating datetime data as categorical rather than numeric in `.describe` is deprecated and will be removed in a future version of pandas. Specify `datetime_is_numeric=True` to silence this warning and adopt the future behavior now.
  loan_cashflow_df.describe()

2026-04-13 20:01:56,892:WARNING:c:\ProgramData\Anaconda3\lib\site-packages\pandas\io\sql.py:762: UserWarning: pandas only support SQLAlchemy connectable(engine/connection) ordatabase string URI or sqlite3 DBAPI2 connectionother DBAPI2 objects are not tested, please consider using SQLAlchemy
  warnings.warn(

2026-04-13 20:33:53,366:WARNING:C:\Users\savan\AppData\Local\Temp\ipykernel_7452\3273597106.py:58: UserWarning: Creating legend with loc="best" can be slow with large amounts of data.
  plt.tight_layout()

2026-04-13 20:33:54,456:WARNING:c:\ProgramData\Anaconda3\lib\site-packages\IPython\core\pylabtools.py:151: UserWarning: Creating legend with loc="best" can be slow with large amounts of data.
  fig.canvas.print_figure(bytes_io, **kw)

2026-04-13 20:36:32,969:WARNING:C:\Users\savan\AppData\Local\Temp\ipykernel_7452\3260033000.py:51: UserWarning: Creating legend with loc="best" can be slow with large amounts of data.
  plt.tight_layout()

2026-04-13 20:37:25,010:WARNING:
'cuml' is a soft dependency and not included in the pycaret installation. Please run: `pip install cuml` to install.
2026-04-13 20:37:25,010:WARNING:
'cuml' is a soft dependency and not included in the pycaret installation. Please run: `pip install cuml` to install.
2026-04-13 20:37:25,022:WARNING:
'cuml' is a soft dependency and not included in the pycaret installation. Please run: `pip install cuml` to install.
2026-04-13 20:37:25,022:WARNING:
'cuml' is a soft dependency and not included in the pycaret installation. Please run: `pip install cuml` to install.
2026-04-13 20:37:25,800:WARNING:c:\ProgramData\Anaconda3\lib\site-packages\pandas\io\sql.py:762: UserWarning: pandas only support SQLAlchemy connectable(engine/connection) ordatabase string URI or sqlite3 DBAPI2 connectionother DBAPI2 objects are not tested, please consider using SQLAlchemy
  warnings.warn(

2026-04-13 20:37:25,848:WARNING:c:\ProgramData\Anaconda3\lib\site-packages\pandas\io\sql.py:762: UserWarning: pandas only support SQLAlchemy connectable(engine/connection) ordatabase string URI or sqlite3 DBAPI2 connectionother DBAPI2 objects are not tested, please consider using SQLAlchemy
  warnings.warn(

2026-04-13 20:37:25,919:WARNING:c:\ProgramData\Anaconda3\lib\site-packages\pandas\io\sql.py:762: UserWarning: pandas only support SQLAlchemy connectable(engine/connection) ordatabase string URI or sqlite3 DBAPI2 connectionother DBAPI2 objects are not tested, please consider using SQLAlchemy
  warnings.warn(

2026-04-13 20:37:27,432:WARNING:c:\ProgramData\Anaconda3\lib\site-packages\pandas\io\sql.py:762: UserWarning: pandas only support SQLAlchemy connectable(engine/connection) ordatabase string URI or sqlite3 DBAPI2 connectionother DBAPI2 objects are not tested, please consider using SQLAlchemy
  warnings.warn(

2026-04-13 20:37:27,494:WARNING:c:\ProgramData\Anaconda3\lib\site-packages\pandas\io\sql.py:762: UserWarning: pandas only support SQLAlchemy connectable(engine/connection) ordatabase string URI or sqlite3 DBAPI2 connectionother DBAPI2 objects are not tested, please consider using SQLAlchemy
  warnings.warn(

2026-04-13 20:37:28,511:WARNING:C:\Users\savan\AppData\Local\Temp\ipykernel_37280\4086773308.py:1: FutureWarning: Treating datetime data as categorical rather than numeric in `.describe` is deprecated and will be removed in a future version of pandas. Specify `datetime_is_numeric=True` to silence this warning and adopt the future behavior now.
  loan_cashflow_df.describe()

2026-04-13 20:47:45,764:WARNING:c:\ProgramData\Anaconda3\lib\site-packages\pandas\io\sql.py:762: UserWarning: pandas only support SQLAlchemy connectable(engine/connection) ordatabase string URI or sqlite3 DBAPI2 connectionother DBAPI2 objects are not tested, please consider using SQLAlchemy
  warnings.warn(

2026-04-13 20:47:45,806:WARNING:c:\ProgramData\Anaconda3\lib\site-packages\pandas\io\sql.py:762: UserWarning: pandas only support SQLAlchemy connectable(engine/connection) ordatabase string URI or sqlite3 DBAPI2 connectionother DBAPI2 objects are not tested, please consider using SQLAlchemy
  warnings.warn(

2026-04-13 20:47:45,879:WARNING:c:\ProgramData\Anaconda3\lib\site-packages\pandas\io\sql.py:762: UserWarning: pandas only support SQLAlchemy connectable(engine/connection) ordatabase string URI or sqlite3 DBAPI2 connectionother DBAPI2 objects are not tested, please consider using SQLAlchemy
  warnings.warn(

2026-04-13 20:47:47,648:WARNING:c:\ProgramData\Anaconda3\lib\site-packages\pandas\io\sql.py:762: UserWarning: pandas only support SQLAlchemy connectable(engine/connection) ordatabase string URI or sqlite3 DBAPI2 connectionother DBAPI2 objects are not tested, please consider using SQLAlchemy
  warnings.warn(

2026-04-13 20:47:47,701:WARNING:c:\ProgramData\Anaconda3\lib\site-packages\pandas\io\sql.py:762: UserWarning: pandas only support SQLAlchemy connectable(engine/connection) ordatabase string URI or sqlite3 DBAPI2 connectionother DBAPI2 objects are not tested, please consider using SQLAlchemy
  warnings.warn(

2026-04-13 20:47:48,679:WARNING:C:\Users\savan\AppData\Local\Temp\ipykernel_37280\4086773308.py:1: FutureWarning: Treating datetime data as categorical rather than numeric in `.describe` is deprecated and will be removed in a future version of pandas. Specify `datetime_is_numeric=True` to silence this warning and adopt the future behavior now.
  loan_cashflow_df.describe()

2026-04-13 20:50:37,709:WARNING:
'cuml' is a soft dependency and not included in the pycaret installation. Please run: `pip install cuml` to install.
2026-04-13 20:50:37,709:WARNING:
'cuml' is a soft dependency and not included in the pycaret installation. Please run: `pip install cuml` to install.
2026-04-13 20:50:37,709:WARNING:
'cuml' is a soft dependency and not included in the pycaret installation. Please run: `pip install cuml` to install.
2026-04-13 20:50:37,709:WARNING:
'cuml' is a soft dependency and not included in the pycaret installation. Please run: `pip install cuml` to install.
2026-04-13 20:50:38,502:WARNING:c:\ProgramData\Anaconda3\lib\site-packages\pandas\io\sql.py:762: UserWarning: pandas only support SQLAlchemy connectable(engine/connection) ordatabase string URI or sqlite3 DBAPI2 connectionother DBAPI2 objects are not tested, please consider using SQLAlchemy
  warnings.warn(

2026-04-13 20:50:38,542:WARNING:c:\ProgramData\Anaconda3\lib\site-packages\pandas\io\sql.py:762: UserWarning: pandas only support SQLAlchemy connectable(engine/connection) ordatabase string URI or sqlite3 DBAPI2 connectionother DBAPI2 objects are not tested, please consider using SQLAlchemy
  warnings.warn(

2026-04-13 20:50:38,635:WARNING:c:\ProgramData\Anaconda3\lib\site-packages\pandas\io\sql.py:762: UserWarning: pandas only support SQLAlchemy connectable(engine/connection) ordatabase string URI or sqlite3 DBAPI2 connectionother DBAPI2 objects are not tested, please consider using SQLAlchemy
  warnings.warn(

2026-04-13 20:50:40,295:WARNING:c:\ProgramData\Anaconda3\lib\site-packages\pandas\io\sql.py:762: UserWarning: pandas only support SQLAlchemy connectable(engine/connection) ordatabase string URI or sqlite3 DBAPI2 connectionother DBAPI2 objects are not tested, please consider using SQLAlchemy
  warnings.warn(

2026-04-13 20:50:40,339:WARNING:c:\ProgramData\Anaconda3\lib\site-packages\pandas\io\sql.py:762: UserWarning: pandas only support SQLAlchemy connectable(engine/connection) ordatabase string URI or sqlite3 DBAPI2 connectionother DBAPI2 objects are not tested, please consider using SQLAlchemy
  warnings.warn(

2026-04-13 20:50:41,299:WARNING:C:\Users\savan\AppData\Local\Temp\ipykernel_21152\4086773308.py:1: FutureWarning: Treating datetime data as categorical rather than numeric in `.describe` is deprecated and will be removed in a future version of pandas. Specify `datetime_is_numeric=True` to silence this warning and adopt the future behavior now.
  loan_cashflow_df.describe()

2026-04-13 21:02:01,794:WARNING:
'cuml' is a soft dependency and not included in the pycaret installation. Please run: `pip install cuml` to install.
2026-04-13 21:02:01,794:WARNING:
'cuml' is a soft dependency and not included in the pycaret installation. Please run: `pip install cuml` to install.
2026-04-13 21:02:01,794:WARNING:
'cuml' is a soft dependency and not included in the pycaret installation. Please run: `pip install cuml` to install.
2026-04-13 21:02:01,794:WARNING:
'cuml' is a soft dependency and not included in the pycaret installation. Please run: `pip install cuml` to install.
2026-04-13 21:02:02,653:WARNING:c:\ProgramData\Anaconda3\lib\site-packages\pandas\io\sql.py:762: UserWarning: pandas only support SQLAlchemy connectable(engine/connection) ordatabase string URI or sqlite3 DBAPI2 connectionother DBAPI2 objects are not tested, please consider using SQLAlchemy
  warnings.warn(

2026-04-13 21:02:02,722:WARNING:c:\ProgramData\Anaconda3\lib\site-packages\pandas\io\sql.py:762: UserWarning: pandas only support SQLAlchemy connectable(engine/connection) ordatabase string URI or sqlite3 DBAPI2 connectionother DBAPI2 objects are not tested, please consider using SQLAlchemy
  warnings.warn(

2026-04-13 21:02:02,794:WARNING:c:\ProgramData\Anaconda3\lib\site-packages\pandas\io\sql.py:762: UserWarning: pandas only support SQLAlchemy connectable(engine/connection) ordatabase string URI or sqlite3 DBAPI2 connectionother DBAPI2 objects are not tested, please consider using SQLAlchemy
  warnings.warn(

2026-04-13 21:02:04,366:WARNING:c:\ProgramData\Anaconda3\lib\site-packages\pandas\io\sql.py:762: UserWarning: pandas only support SQLAlchemy connectable(engine/connection) ordatabase string URI or sqlite3 DBAPI2 connectionother DBAPI2 objects are not tested, please consider using SQLAlchemy
  warnings.warn(

2026-04-13 21:02:04,406:WARNING:c:\ProgramData\Anaconda3\lib\site-packages\pandas\io\sql.py:762: UserWarning: pandas only support SQLAlchemy connectable(engine/connection) ordatabase string URI or sqlite3 DBAPI2 connectionother DBAPI2 objects are not tested, please consider using SQLAlchemy
  warnings.warn(

2026-04-13 21:02:05,463:WARNING:C:\Users\savan\AppData\Local\Temp\ipykernel_37684\4086773308.py:1: FutureWarning: Treating datetime data as categorical rather than numeric in `.describe` is deprecated and will be removed in a future version of pandas. Specify `datetime_is_numeric=True` to silence this warning and adopt the future behavior now.
  loan_cashflow_df.describe()

2026-04-13 21:09:52,982:WARNING:
'cuml' is a soft dependency and not included in the pycaret installation. Please run: `pip install cuml` to install.
2026-04-13 21:09:52,983:WARNING:
'cuml' is a soft dependency and not included in the pycaret installation. Please run: `pip install cuml` to install.
2026-04-13 21:09:52,983:WARNING:
'cuml' is a soft dependency and not included in the pycaret installation. Please run: `pip install cuml` to install.
2026-04-13 21:09:52,983:WARNING:
'cuml' is a soft dependency and not included in the pycaret installation. Please run: `pip install cuml` to install.
2026-04-13 21:09:55,983:WARNING:c:\ProgramData\Anaconda3\lib\site-packages\pandas\io\sql.py:762: UserWarning: pandas only support SQLAlchemy connectable(engine/connection) ordatabase string URI or sqlite3 DBAPI2 connectionother DBAPI2 objects are not tested, please consider using SQLAlchemy
  warnings.warn(

2026-04-13 21:09:56,059:WARNING:c:\ProgramData\Anaconda3\lib\site-packages\pandas\io\sql.py:762: UserWarning: pandas only support SQLAlchemy connectable(engine/connection) ordatabase string URI or sqlite3 DBAPI2 connectionother DBAPI2 objects are not tested, please consider using SQLAlchemy
  warnings.warn(

2026-04-13 21:09:56,198:WARNING:c:\ProgramData\Anaconda3\lib\site-packages\pandas\io\sql.py:762: UserWarning: pandas only support SQLAlchemy connectable(engine/connection) ordatabase string URI or sqlite3 DBAPI2 connectionother DBAPI2 objects are not tested, please consider using SQLAlchemy
  warnings.warn(

2026-04-13 21:09:58,024:WARNING:c:\ProgramData\Anaconda3\lib\site-packages\pandas\io\sql.py:762: UserWarning: pandas only support SQLAlchemy connectable(engine/connection) ordatabase string URI or sqlite3 DBAPI2 connectionother DBAPI2 objects are not tested, please consider using SQLAlchemy
  warnings.warn(

2026-04-13 21:09:58,087:WARNING:c:\ProgramData\Anaconda3\lib\site-packages\pandas\io\sql.py:762: UserWarning: pandas only support SQLAlchemy connectable(engine/connection) ordatabase string URI or sqlite3 DBAPI2 connectionother DBAPI2 objects are not tested, please consider using SQLAlchemy
  warnings.warn(

2026-04-13 21:09:59,060:WARNING:C:\Users\savan\AppData\Local\Temp\ipykernel_20304\4086773308.py:1: FutureWarning: Treating datetime data as categorical rather than numeric in `.describe` is deprecated and will be removed in a future version of pandas. Specify `datetime_is_numeric=True` to silence this warning and adopt the future behavior now.
  loan_cashflow_df.describe()

2026-04-13 21:10:04,951:WARNING:C:\Users\savan\AppData\Local\Temp\ipykernel_20304\2607634850.py:51: UserWarning: Creating legend with loc="best" can be slow with large amounts of data.
  plt.tight_layout()

2026-04-13 21:10:06,032:WARNING:c:\ProgramData\Anaconda3\lib\site-packages\IPython\core\pylabtools.py:151: UserWarning: Creating legend with loc="best" can be slow with large amounts of data.
  fig.canvas.print_figure(bytes_io, **kw)

2026-04-13 21:10:14,573:WARNING:c:\ProgramData\Anaconda3\lib\site-packages\pandas\io\sql.py:762: UserWarning: pandas only support SQLAlchemy connectable(engine/connection) ordatabase string URI or sqlite3 DBAPI2 connectionother DBAPI2 objects are not tested, please consider using SQLAlchemy
  warnings.warn(

2026-04-13 21:18:43,645:WARNING:C:\Users\savan\AppData\Local\Temp\ipykernel_20304\912277280.py:7: ClusterWarning: scipy.cluster: The symmetric non-negative hollow observation matrix looks suspiciously like an uncondensed distance matrix
  Z = linkage(gower_sample, method='average')

